1 0
2 1
3 0
4 0
5 1
6 1
7 0
8 1
9 0
10 1
11 1
12 1
13 0
14 0
15 0
16 1
17 0
18 0
19 0
20 0
21 1
22 1
23 1
24 1
25 0
26 1
27 1
28 0
29 0
30 1
31 0
32 1
33 0
34 0
35 1
36 0
37 0
38 1
39 1
40 1
41 0
42 1
43 0
44 0
45 0
46 1
47 1
48 0
49 0
50 0
51 0
52 0
53 1
54 0
55 1
56 1
57 0
58 1
59 1
60 1
61 1
62 1
63 0
64 0
65 1
66 1
67 0
68 0
69 1
70 1
71 1
72 1
73 1
74 1
75 0
76 1
77 0
78 1
79 0
80 1
81 1
82 0
83 0
84 0
85 1
86 1
87 1
88 0
89 0
90 1
91 0
92 0
93 0
94 1
95 0
96 1
97 0
98 1
99 0
100 0
101 0
102 0
103 0
104 0
105 1
106 1
107 0
108 1
109 1
110 0
111 1
112 0
113 0
114 1
115 1
116 0
117 0
118 0
119 1
120 0
121 1
122 1
123 1
124 1
125 0
126 0
127 0
128 0
129 1
130 0
131 0
132 1
133 0
134 1
135 1
136 0
137 0
138 1
139 1
140 0
141 1
142 1
143 1
144 0
145 1
146 1
147 1
148 1
149 0
150 1
151 0
152 0
153 1
154 0
155 1
156 0
157 1
158 1
159 1
160 1
161 1
162 1
163 1
164 0
165 0
166 0
167 1
168 1
169 0
170 1
171 0
172 0
173 0
174 0
175 1
176 0
177 1
178 0
179 0
180 0
181 1
182 0
183 0
184 1
185 1
186 0
187 1
188 1
189 0
190 0
191 0
192 0
193 1
194 1
195 0
196 0
197 1
198 0
199 0
200 1
201 0
202 0
203 0
204 0
205 0
206 1
207 1
208 1
209 0
210 1
211 1
212 0
213 1
214 1
215 0
216 1
217 1
218 1
219 0
220 0
221 1
222 1
223 1
224 0
225 0
226 0
227 0
228 0
229 0
230 0
231 1
232 0
233 0
234 0
235 1
236 1
237 1
238 1
239 1
240 0
241 1
242 1
243 1
244 0
245 1
246 0
247 1
248 1
249 0
250 1
251 0
252 1
253 0
254 0
255 1
256 1
257 1
258 1
259 0
260 0
261 1
262 0
263 1
264 1
265 1
266 0
267 1
268 1
269 0
270 0
271 0
272 1
273 0
274 0
275 1
276 0
277 0
278 1
279 0
280 1
281 0
282 0
283 0
284 0
285 1
286 1
287 0
288 1
289 0
290 1
291 0
292 1
293 0
294 1
295 1
296 1
297 0
298 1
299 0
300 0
301 1
302 1
303 1
304 0
305 0
306 1
307 1
308 0
309 1
310 0
311 0
312 1
313 0
314 0
315 0
316 1
317 1
318 0
319 1
320 1
321 1
322 1
323 0
324 0
325 1
326 1
327 1
328 1
329 0
330 1
331 0
332 1
333 1
334 1
335 1
336 0
337 1
338 1
339 1
340 1
341 1
342 1
343 0
344 0
345 1
346 0
347 0
348 1
349 1
350 0
351 0
352 1
353 0
354 1
355 1
356 0
357 1
358 0
359 0
360 0
361 1
362 0
363 1
364 1
365 0
366 0
367 0
368 0
369 0
370 0
371 1
372 0
373 1
374 0
375 1
376 1
377 0
378 1
379 1
380 0
381 0
382 1
383 1
384 1
385 0
386 1
387 1
388 1
389 0
390 0
391 0
392 0
393 1
394 1
395 1
396 0
397 0
398 0
399 1
400 1
401 1
402 1
403 0
404 0
405 0
406 1
407 0
408 1
409 0
410 0
411 1
412 1
413 0
414 1
415 0
416 0
417 0
418 1
419 1
420 1
421 0
422 1
423 0
424 1
425 0
426 0
427 0
428 1
429 1
430 0
431 1
432 0
433 1
434 1
435 0
436 0
437 1
438 0
439 0
440 0
441 0
442 1
443 0
444 0
445 0
446 0
447 0
448 0
449 0
450 0
451 1
452 1
453 1
454 1
455 1
456 1
457 1
458 1
459 0
460 1
461 1
462 0
463 1
464 0
465 1
466 1
467 1
468 1
469 1
470 0
471 1
472 0
473 0
474 0
475 0
476 0
477 1
478 0
479 0
480 1
481 1
482 1
483 1
484 1
485 0
486 0
487 0
488 0
489 0
490 1
491 1
492 0
493 0
494 0
495 1
496 1
497 0
498 0
499 1
500 1
501 0
502 0
503 0
504 0
505 1
506 0
507 1
508 1
509 1
510 0
511 0
512 1
513 0
514 1
515 0
516 1
517 0
518 1
519 0
520 0
521 1
522 0
523 1
524 1
525 1
526 1
527 1
528 1
529 0
530 1
531 1
532 1
533 1
534 0
535 0
536 0
537 1
538 1
539 1
540 0
541 1
542 1
543 1
544 1
545 1
546 0
547 1
548 1
549 0
550 0
551 0
552 0
553 0
554 1
555 1
556 1
557 1
558 0
559 0
560 1
561 1
562 0
563 1
564 1
565 0
566 1
567 1
568 0
569 0
570 0
571 1
572 1
573 0
574 1
575 1
576 0
577 0
578 1
579 0
580 0
581 1
582 1
583 1
584 1
585 0
586 1
587 1
588 1
589 0
590 0
591 1
592 0
593 0
594 1
595 0
596 1
597 1
598 1
599 0
600 0
601 0
602 0
603 0
604 1
605 0
606 0
607 0
608 0
609 1
610 0
611 1
612 1
613 0
614 0
615 1
616 0
617 1
618 1
619 1
620 1
621 0
622 1
623 0
624 1
625 0
626 0
627 1
628 0
629 0
630 0
631 0
632 1
633 1
634 0
635 0
636 0
637 0
638 1
639 1
640 1
641 1
642 1
643 0
644 0
645 1
646 0
647 1
648 0
649 0
650 0
651 1
652 1
653 1
654 1
655 0
656 1
657 0
658 0
659 0
660 1
661 0
662 0
663 0
664 1
665 0
666 0
667 1
668 0
669 1
670 0
671 1
672 0
673 0
674 1
675 1
676 0
677 0
678 1
679 1
680 0
681 1
682 0
683 1
684 0
685 0
686 0
687 0
688 1
689 0
690 0
691 1
692 1
693 0
694 0
695 0
696 0
697 0
698 0
699 0
700 0
701 0
702 1
703 0
704 1
705 1
706 1
707 1
708 1
709 0
710 0
711 0
712 1
713 0
714 0
715 1
716 1
717 1
718 0
719 0
720 0
721 1
722 0
723 1
724 1
725 0
726 1
727 0
728 1
729 1
730 0
731 1
732 1
733 1
734 0
735 1
736 0
737 0
738 0
739 0
740 1
741 1
742 1
743 0
744 1
745 0
746 0
747 1
748 0
749 0
750 1
751 0
752 0
753 1
754 1
755 0
756 1
757 0
758 1
759 0
760 1
761 1
762 1
763 1
764 0
765 0
766 1
767 0
768 0
769 0
770 0
771 0
772 0
773 1
774 0
775 0
776 1
777 0
778 0
779 0
780 1
781 0
782 0
783 0
784 0
785 0
786 1
787 0
788 1
789 0
790 0
791 1
792 0
793 1
794 0
795 0
796 1
797 1
798 1
799 0
800 1
801 1
802 0
803 0
804 1
805 1
806 0
807 0
808 1
809 0
810 0
811 0
812 1
813 1
814 1
815 0
816 0
817 0
818 0
819 1
820 0
821 1
822 0
823 1
824 0
825 1
826 1
827 0
828 1
829 0
830 0
831 1
832 0
833 1
834 1
835 0
836 1
837 1
838 0
839 1
840 0
841 1
842 0
843 1
844 0
845 0
846 0
847 1
848 0
849 1
850 0
851 0
852 0
853 0
854 0
855 1
856 1
857 0
858 1
859 0
860 0
861 1
862 1
863 1
864 1
865 1
866 1
867 1
868 0
869 1
870 0
871 0
872 1
873 1
874 0
875 1
876 1
877 1
878 1
879 1
880 1
881 1
882 1
883 1
884 0
885 0
886 1
887 1
888 1
889 0
890 1
891 0
892 1
893 1
894 1
895 0
896 1
897 1
898 1
899 0
900 1
901 1
902 0
903 1
904 0
905 0
906 0
907 0
908 0
909 0
910 0
911 1
912 1
913 0
914 0
915 1
916 1
917 1
918 0
919 0
920 1
921 0
922 1
923 1
924 0
925 0
926 0
927 1
928 0
929 1
930 0
931 1
932 1
933 1
934 0
935 0
936 1
937 1
938 0
939 0
940 0
941 1
942 1
943 1
944 1
945 1
946 1
947 0
948 0
949 0
950 0
951 1
952 1
953 0
954 1
955 1
956 1
957 0
958 0
959 0
960 1
961 1
962 0
963 0
964 0
965 1
966 0
967 0
968 0
969 1
970 1
971 0
972 0
973 1
974 0
975 1
976 0
977 1
978 1
979 0
980 0
981 1
982 1
983 1
984 1
985 0
986 0
987 0
988 0
989 0
990 0
991 1
992 1
993 1
994 0
995 0
996 1
997 1
998 1
999 1
1000 1
1001 0
1002 1
1003 0
1004 1
1005 1
1006 0
1007 0
1008 0
1009 0
1010 1
1011 0
1012 0
1013 0
1014 1
1015 0
1016 1
1017 1
1018 1
1019 0
1020 1
1021 0
1022 1
1023 0
1024 1
1025 0
1026 1
1027 0
1028 1
1029 1
1030 0
1031 0
1032 1
1033 0
1034 1
1035 0
1036 1
1037 0
1038 0
1039 0
1040 1
1041 1
1042 1
1043 0
1044 0
1045 1
1046 1
1047 0
1048 0
1049 1
1050 0
1051 1
1052 0
1053 0
1054 0
1055 0
1056 0
1057 0
1058 0
1059 0
1060 0
1061 0
1062 1
1063 1
1064 0
1065 1
1066 0
1067 1
1068 1
1069 1
1070 1
1071 0
1072 0
1073 0
1074 1
1075 0
1076 0
1077 0
1078 1
1079 0
1080 1
1081 0
1082 0
1083 1
1084 0
1085 0
1086 0
1087 1
1088 0
1089 1
1090 1
1091 0
1092 1
1093 1
1094 0
1095 0
1096 0
1097 0
1098 0
1099 0
1100 0
1101 1
1102 1
1103 1
1104 0
1105 1
1106 0
1107 1
1108 1
1109 0
1110 0
1111 1
1112 1
1113 0
1114 0
1115 0
1116 1
1117 0
1118 0
1119 1
1120 1
1121 0
1122 0
1123 1
1124 1
1125 1
1126 0
1127 1
1128 0
1129 0
1130 1
1131 1
1132 0
1133 0
1134 1
1135 0
1136 0
1137 1
1138 1
1139 0
1140 1
1141 1
1142 1
1143 0
1144 0
1145 1
1146 0
1147 1
1148 1
1149 1
1150 1
1151 1
1152 0
1153 1
1154 1
1155 1
1156 1
1157 1
1158 0
1159 0
1160 0
1161 0
1162 1
1163 0
1164 1
1165 1
1166 0
1167 1
1168 0
1169 0
1170 1
1171 1
1172 1
1173 0
1174 1
1175 0
1176 1
1177 0
1178 1
1179 1
1180 1
1181 0
1182 0
1183 0
1184 0
1185 1
1186 0
1187 0
1188 0
1189 0
1190 1
1191 1
1192 0
1193 1
1194 1
1195 0
1196 0
1197 0
1198 1
1199 0
1200 1
1201 1
1202 0
1203 0
1204 1
1205 1
1206 1
1207 0
1208 0
1209 0
1210 1
1211 1
1212 0
1213 1
1214 1
1215 1
1216 0
1217 1
1218 0
1219 1
1220 0
1221 0
1222 1
1223 1
1224 0
1225 1
1226 1
1227 0
1228 1
1229 0
1230 1
1231 1
1232 0
1233 0
1234 0
1235 1
1236 0
1237 0
1238 0
1239 0
1240 0
1241 0
1242 1
1243 1
1244 1
1245 1
1246 0
1247 1
1248 0
1249 1
1250 0
1251 1
1252 0
1253 0
1254 1
1255 1
1256 1
1257 0
1258 0
1259 0
1260 0
1261 1
1262 1
1263 0
1264 0
1265 0
1266 1
1267 0
1268 1
1269 0
1270 0
1271 0
1272 1
1273 1
1274 0
1275 0
1276 1
1277 1
1278 1
1279 1
1280 0
1281 1
1282 1
1283 0
1284 1
1285 1
1286 1
1287 1
1288 0
1289 1
1290 1
1291 0
1292 0
1293 0
1294 1
1295 1
1296 1
1297 1
1298 0
1299 1
1300 1
1301 1
1302 1
1303 0
1304 1
1305 1
1306 1
1307 0
1308 1
1309 1
1310 1
1311 0
1312 0
1313 1
1314 1
1315 0
1316 1
1317 1
1318 1
1319 1
1320 0
1321 1
1322 0
1323 1
1324 1
1325 0
1326 1
1327 1
1328 0
1329 1
1330 1
1331 0
1332 1
1333 0
1334 0
1335 0
1336 1
1337 1
1338 0
1339 1
1340 1
1341 0
1342 1
1343 1
1344 1
1345 1
1346 1
1347 1
1348 0
1349 1
1350 0
1351 0
1352 0
1353 1
1354 1
1355 1
1356 1
1357 1
1358 1
1359 1
1360 0
1361 0
1362 1
1363 0
1364 1
1365 1
1366 0
1367 1
1368 1
1369 1
1370 0
1371 0
1372 0
1373 0
1374 0
1375 0
1376 1
1377 0
1378 0
1379 0
1380 0
1381 0
1382 1
1383 1
1384 0
1385 0
1386 1
1387 0
1388 1
1389 1
1390 1
1391 0
1392 0
1393 1
1394 1
1395 1
1396 1
1397 0
1398 0
1399 1
1400 1
1401 1
1402 0
1403 0
1404 1
1405 1
1406 1
1407 0
1408 1
1409 1
1410 0
1411 1
1412 0
1413 1
1414 0
1415 0
1416 0
1417 1
1418 0
1419 0
1420 0
1421 0
1422 1
1423 0
1424 0
1425 1
1426 0
1427 0
1428 1
1429 1
1430 1
1431 1
1432 1
1433 1
1434 0
1435 0
1436 1
1437 1
1438 0
1439 1
1440 0
1441 1
1442 1
1443 0
1444 1
1445 0
1446 0
1447 0
1448 0
1449 1
1450 1
1451 0
1452 0
1453 1
1454 1
1455 0
1456 1
1457 1
1458 0
1459 0
1460 1
1461 1
1462 0
1463 1
1464 0
1465 0
1466 0
1467 0
1468 0
1469 1
1470 1
1471 1
1472 1
1473 1
1474 0
1475 1
1476 0
1477 0
1478 1
1479 0
1480 0
1481 0
1482 0
1483 0
1484 0
1485 0
1486 1
1487 0
1488 1
1489 0
1490 0
1491 0
1492 0
1493 1
1494 0
1495 1
1496 1
1497 1
1498 1
1499 0
1500 1
1501 1
1502 0
1503 1
1504 0
1505 0
1506 1
1507 0
1508 0
1509 1
1510 1
1511 0
1512 0
1513 0
1514 1
1515 1
1516 0
1517 1
1518 0
1519 1
1520 0
1521 0
1522 1
1523 0
1524 1
1525 0
1526 1
1527 0
1528 1
1529 1
1530 1
1531 1
1532 1
1533 0
1534 0
1535 1
1536 0
1537 0
1538 0
1539 1
1540 1
1541 0
1542 0
1543 0
1544 1
1545 1
1546 1
1547 0
1548 1
1549 0
1550 0
1551 0
1552 0
1553 0
1554 0
1555 1
1556 0
1557 1
1558 1
1559 0
1560 0
1561 0
1562 1
1563 1
1564 0
1565 0
1566 0
1567 0
1568 1
1569 0
1570 0
1571 1
1572 1
1573 1
1574 0
1575 1
1576 1
1577 1
1578 1
1579 0
1580 0
1581 1
1582 0
1583 1
1584 0
1585 1
1586 1
1587 1
1588 0
1589 1
1590 1
1591 0
1592 1
1593 1
1594 1
1595 0
1596 1
1597 1
1598 0
1599 0
1600 1
1601 0
1602 0
1603 0
1604 1
1605 0
1606 0
1607 1
1608 1
1609 1
1610 1
1611 0
1612 0
1613 0
1614 1
1615 1
1616 0
1617 0
1618 1
1619 0
1620 0
1621 0
1622 0
1623 0
1624 1
1625 0
1626 0
1627 0
1628 1
1629 0
1630 0
1631 0
1632 1
1633 1
1634 1
1635 0
1636 1
1637 1
1638 0
1639 0
1640 0
1641 0
1642 1
1643 0
1644 1
1645 0
1646 0
1647 1
1648 1
1649 1
1650 1
1651 1
1652 0
1653 1
1654 1
1655 0
1656 1
1657 1
1658 0
1659 0
1660 1
1661 0
1662 1
1663 1
1664 0
1665 0
1666 1
1667 0
1668 0
1669 1
1670 0
1671 1
1672 0
1673 1
1674 1
1675 0
1676 1
1677 0
1678 1
1679 1
1680 1
1681 0
1682 1
1683 0
1684 1
1685 1
1686 1
1687 1
1688 1
1689 1
1690 0
1691 0
1692 0
1693 1
1694 0
1695 1
1696 1
1697 1
1698 0
1699 0
1700 0
1701 1
1702 1
1703 1
1704 0
1705 0
1706 0
1707 1
1708 0
1709 0
1710 1
1711 0
1712 1
1713 1
1714 1
1715 1
1716 0
1717 0
1718 1
1719 1
1720 0
1721 0
1722 0
1723 0
1724 0
1725 1
1726 1
1727 0
1728 1
1729 1
1730 1
1731 1
1732 1
1733 0
1734 1
1735 0
1736 1
1737 0
1738 0
1739 0
1740 0
1741 0
1742 1
1743 0
1744 1
1745 1
1746 1
1747 0
1748 1
1749 1
1750 1
1751 1
1752 1
1753 1
1754 1
1755 0
1756 1
1757 1
1758 1
1759 0
1760 0
1761 0
1762 1
1763 0
1764 1
1765 0
1766 1
1767 0
1768 1
1769 0
1770 1
1771 0
1772 0
1773 0
1774 0
1775 1
1776 1
1777 1
1778 1
1779 1
1780 1
1781 0
1782 1
1783 1
1784 0
1785 0
1786 1
1787 1
1788 1
1789 1
1790 1
1791 0
1792 0
1793 1
1794 1
1795 1
1796 1
1797 1
1798 1
1799 1
1800 1
1801 1
1802 1
1803 0
1804 1
1805 0
1806 1
1807 1
1808 1
1809 0
1810 0
1811 1
1812 0
1813 0
1814 0
1815 0
1816 1
1817 1
1818 1
1819 0
1820 0
1821 1
1822 0
1823 1
1824 0
1825 0
1826 1
1827 1
1828 0
1829 0
1830 0
1831 0
1832 1
1833 1
1834 0
1835 1
1836 0
1837 0
1838 0
1839 1
1840 0
1841 0
1842 1
1843 0
1844 0
1845 0
1846 0
1847 1
1848 0
1849 1
1850 0
1851 1
1852 1
1853 1
1854 1
1855 0
1856 1
1857 0
1858 0
1859 0
1860 0
1861 1
1862 0
1863 0
1864 0
1865 1
1866 1
1867 0
1868 1
1869 0
1870 0
1871 1
1872 0
1873 1
1874 0
1875 0
1876 0
1877 1
1878 0
1879 1
1880 1
1881 1
1882 1
1883 1
1884 1
1885 1
1886 1
1887 0
1888 0
1889 0
1890 0
1891 0
1892 0
1893 0
1894 0
1895 1
1896 0
1897 0
1898 1
1899 1
1900 0
1901 1
1902 0
1903 0
1904 1
1905 1
1906 0
1907 1
1908 0
1909 1
1910 1
1911 0
1912 0
1913 0
1914 0
1915 0
1916 1
1917 0
1918 0
1919 1
1920 0
1921 1
1922 0
1923 0
1924 1
1925 0
1926 1
1927 1
1928 0
1929 0
1930 0
1931 0
1932 1
1933 1
1934 1
1935 0
1936 1
1937 1
1938 1
1939 0
1940 1
1941 0
1942 0
1943 1
1944 0
1945 1
1946 1
1947 1
1948 0
1949 1
1950 0
1951 0
1952 0
1953 1
1954 0
1955 1
1956 0
1957 1
1958 1
1959 0
1960 0
1961 0
1962 0
1963 1
1964 1
1965 0
1966 1
1967 1
1968 0
1969 1
1970 1
1971 0
1972 1
1973 1
1974 0
1975 0
1976 1
1977 1
1978 0
1979 0
1980 0
1981 0
1982 0
1983 0
1984 1
1985 1
1986 0
1987 0
1988 0
1989 0
1990 0
1991 0
1992 0
1993 1
1994 0
1995 1
1996 1
1997 0
1998 1
1999 0
2000 1
2001 0
2002 1
2003 1
2004 0
2005 1
2006 1
2007 1
2008 1
2009 0
2010 0
2011 0
2012 0
2013 0
2014 1
2015 0
2016 1
2017 0
2018 1
2019 0
2020 0
2021 1
2022 0
2023 0
2024 1
2025 0
2026 1
2027 1
2028 0
2029 1
2030 0
2031 1
2032 1
2033 1
2034 1
2035 0
2036 1
2037 0
2038 1
2039 1
2040 1
2041 0
2042 1
2043 0
2044 0
2045 0
2046 0
2047 0
2048 1
2049 1
2050 0
2051 0
2052 0
2053 0
2054 1
2055 0
2056 1
2057 0
2058 1
2059 1
2060 0
2061 0
2062 1
2063 0
2064 0
2065 1
2066 1
2067 0
2068 0
2069 0
2070 0
2071 1
2072 0
2073 0
2074 0
2075 0
2076 0
2077 1
2078 0
2079 0
2080 1
2081 0
2082 0
2083 1
2084 0
2085 0
2086 0
2087 1
2088 1
2089 1
2090 1
2091 0
2092 0
2093 1
2094 0
2095 0
2096 1
2097 0
2098 0
2099 1
2100 0
2101 1
2102 1
2103 1
2104 1
2105 1
2106 0
2107 0
2108 1
2109 1
2110 1
2111 0
2112 0
2113 0
2114 1
2115 0
2116 0
2117 0
2118 1
2119 1
2120 1
2121 1
2122 0
2123 1
2124 1
2125 0
2126 1
2127 0
2128 1
2129 0
2130 1
2131 1
2132 1
2133 0
2134 1
2135 1
2136 1
2137 1
2138 0
2139 0
2140 0
2141 0
2142 1
2143 1
2144 1
2145 1
2146 0
2147 0
2148 0
2149 0
2150 1
2151 0
2152 1
2153 0
2154 0
2155 0
2156 0
2157 0
2158 0
2159 1
2160 0
2161 0
2162 0
2163 1
2164 0
2165 1
2166 0
2167 1
2168 1
2169 1
2170 1
2171 1
2172 0
2173 1
2174 1
2175 0
2176 1
2177 0
2178 0
2179 0
2180 1
2181 0
2182 0
2183 0
2184 0
2185 0
2186 0
2187 0
2188 1
2189 1
2190 1
2191 1
2192 0
2193 0
2194 0
2195 1
2196 1
2197 1
2198 1
2199 1
2200 0
2201 0
2202 0
2203 1
2204 1
2205 1
2206 0
2207 0
2208 1
2209 1
2210 1
2211 0
2212 0
2213 1
2214 0
2215 0
2216 1
2217 1
2218 1
2219 0
2220 0
2221 1
2222 0
2223 1
2224 0
2225 1
2226 1
2227 0
2228 1
2229 1
2230 1
2231 0
2232 0
2233 1
2234 0
2235 0
2236 0
2237 1
2238 1
2239 1
2240 1
2241 1
2242 1
2243 0
2244 1
2245 0
2246 0
2247 1
2248 0
2249 1
2250 1
2251 0
2252 0
2253 1
2254 0
2255 1
2256 0
2257 0
2258 0
2259 1
2260 0
2261 0
2262 0
2263 1
2264 1
2265 0
2266 1
2267 1
2268 0
2269 0
2270 0
2271 0
2272 0
2273 1
2274 0
2275 1
2276 0
2277 0
2278 0
2279 1
2280 1
2281 1
2282 0
2283 1
2284 1
2285 1
2286 0
2287 0
2288 1
2289 0
2290 1
2291 0
2292 0
2293 0
2294 0
2295 1
2296 0
2297 0
2298 0
2299 0
2300 1
2301 0
2302 0
2303 0
2304 1
2305 0
2306 0
2307 1
2308 1
2309 0
2310 0
2311 0
2312 1
2313 0
2314 0
2315 0
2316 0
2317 1
2318 0
2319 1
2320 0
2321 0
2322 1
2323 0
2324 0
2325 1
2326 0
2327 0
2328 0
2329 0
2330 1
2331 1
2332 1
2333 1
2334 1
2335 0
2336 1
2337 1
2338 0
2339 0
2340 1
2341 0
2342 0
2343 1
2344 0
2345 0
2346 1
2347 1
2348 1
2349 0
2350 0
2351 0
2352 0
2353 0
2354 1
2355 1
2356 1
2357 0
2358 0
2359 0
2360 0
2361 0
2362 0
2363 1
2364 1
2365 0
2366 1
2367 0
2368 0
2369 0
2370 0
2371 0
2372 0
2373 1
2374 1
2375 1
2376 0
2377 1
2378 1
2379 1
2380 1
2381 0
2382 1
2383 1
2384 0
2385 1
2386 1
2387 0
2388 1
2389 0
2390 1
2391 1
2392 1
2393 0
2394 0
2395 1
2396 1
2397 1
2398 0
2399 1
2400 0
2401 0
2402 0
2403 0
2404 1
2405 0
2406 1
2407 1
2408 0
2409 1
2410 1
2411 0
2412 1
2413 1
2414 1
2415 1
2416 0
2417 0
2418 1
2419 0
2420 0
2421 1
2422 1
2423 1
2424 1
2425 1
2426 0
2427 1
2428 0
2429 0
2430 0
2431 1
2432 0
2433 1
2434 1
2435 1
2436 0
2437 0
2438 1
2439 1
2440 0
2441 1
2442 0
2443 1
2444 0
2445 1
2446 0
2447 0
2448 1
2449 0
2450 0
2451 0
2452 1
2453 1
2454 1
2455 0
2456 1
2457 0
2458 0
2459 1
2460 1
2461 1
2462 1
2463 0
2464 1
2465 0
2466 0
2467 1
2468 1
2469 1
2470 0
2471 1
2472 1
2473 1
2474 0
2475 1
2476 1
2477 1
2478 1
2479 1
2480 0
2481 0
2482 1
2483 0
2484 1
2485 1
2486 1
2487 1
2488 0
2489 0
2490 0
2491 1
2492 1
2493 0
2494 1
2495 1
2496 0
2497 1
2498 0
2499 1
2500 0
2501 0
2502 1
2503 0
2504 0
2505 1
2506 1
2507 0
2508 1
2509 1
2510 0
2511 1
2512 1
2513 1
2514 0
2515 1
2516 0
2517 1
2518 1
2519 1
2520 0
2521 0
2522 0
2523 0
2524 0
2525 0
2526 0
2527 0
2528 0
2529 0
2530 0
2531 1
2532 0
2533 0
2534 0
2535 0
2536 1
2537 1
2538 1
2539 0
2540 1
2541 1
2542 0
2543 0
2544 1
2545 0
2546 1
2547 1
2548 1
2549 0
2550 1
2551 0
2552 1
2553 1
2554 0
2555 0
2556 0
2557 1
2558 1
2559 0
2560 1
2561 0
2562 0
2563 1
2564 1
2565 0
2566 0
2567 1
2568 1
2569 1
2570 1
2571 0
2572 0
2573 1
2574 0
2575 0
2576 0
2577 1
2578 0
2579 0
2580 0
2581 1
2582 0
2583 1
2584 1
2585 0
2586 0
2587 1
2588 0
2589 0
2590 0
2591 1
2592 1
2593 0
2594 1
2595 0
2596 1
2597 0
2598 1
2599 1
2600 0
2601 0
2602 1
2603 1
2604 0
2605 1
2606 0
2607 1
2608 1
2609 1
2610 1
2611 1
2612 1
2613 1
2614 1
2615 1
2616 1
2617 1
2618 0
2619 0
2620 0
2621 1
2622 0
2623 0
2624 0
2625 0
2626 0
2627 1
2628 1
2629 1
2630 1
2631 0
2632 1
2633 1
2634 1
2635 0
2636 1
2637 0
2638 0
2639 0
2640 1
2641 1
2642 1
2643 0
2644 0
2645 0
2646 1
2647 1
2648 0
2649 0
2650 1
2651 1
2652 1
2653 0
2654 1
2655 1
2656 0
2657 0
2658 0
2659 1
2660 1
2661 0
2662 0
2663 1
2664 0
2665 1
2666 1
2667 0
2668 0
2669 0
2670 0
2671 0
2672 1
2673 1
2674 0
2675 0
2676 1
2677 1
2678 0
2679 0
2680 1
2681 1
2682 0
2683 0
2684 0
2685 1
2686 1
2687 0
2688 0
2689 0
2690 1
2691 1
2692 0
2693 1
2694 1
2695 1
2696 1
2697 1
2698 1
2699 0
2700 0
2701 0
2702 0
2703 0
2704 1
2705 0
2706 0
2707 1
2708 1
2709 0
2710 0
2711 1
2712 0
2713 0
2714 0
2715 0
2716 1
2717 1
2718 0
2719 1
2720 0
2721 0
2722 1
2723 0
2724 0
2725 1
2726 0
2727 1
2728 0
2729 1
2730 0
2731 1
2732 0
2733 1
2734 1
2735 1
2736 1
2737 0
2738 1
2739 1
2740 0
2741 0
2742 1
2743 1
2744 0
2745 1
2746 1
2747 0
2748 1
2749 0
2750 0
2751 0
2752 0
2753 1
2754 0
2755 0
2756 1
2757 0
2758 1
2759 0
2760 1
2761 1
2762 1
2763 0
2764 0
2765 0
2766 1
2767 1
2768 0
2769 1
2770 0
2771 1
2772 1
2773 1
2774 0
2775 1
2776 1
2777 0
2778 0
2779 1
2780 1
2781 1
2782 0
2783 0
2784 1
2785 1
2786 0
2787 0
2788 0
2789 0
2790 1
2791 1
2792 1
2793 0
2794 0
2795 1
2796 1
2797 0
2798 1
2799 1
2800 0
2801 0
2802 0
2803 1
2804 1
2805 1
2806 0
2807 1
2808 1
2809 0
2810 1
2811 0
2812 0
2813 1
2814 1
2815 1
2816 1
2817 0
2818 0
2819 0
2820 0
2821 1
2822 1
2823 0
2824 0
2825 1
2826 1
2827 1
2828 1
2829 1
2830 0
2831 1
2832 1
2833 1
2834 1
2835 0
2836 1
2837 0
2838 1
2839 0
2840 1
2841 1
2842 1
2843 1
2844 1
2845 1
2846 0
2847 1
2848 0
2849 1
2850 1
2851 0
2852 1
2853 0
2854 0
2855 1
2856 1
2857 0
2858 1
2859 1
2860 0
2861 0
2862 1
2863 0
2864 1
2865 0
2866 1
2867 1
2868 1
2869 1
2870 0
2871 0
2872 0
2873 0
2874 0
2875 0
2876 0
2877 1
2878 1
2879 0
2880 1
2881 1
2882 1
2883 0
2884 1
2885 1
2886 0
2887 1
2888 1
2889 0
2890 0
2891 0
2892 0
2893 1
2894 0
2895 0
2896 1
2897 0
2898 0
2899 0
2900 0
2901 0
2902 0
2903 1
2904 1
2905 0
2906 0
2907 1
2908 0
2909 0
2910 0
2911 1
2912 0
2913 1
2914 1
2915 1
2916 1
2917 0
2918 1
2919 0
2920 0
2921 1
2922 1
2923 0
2924 0
2925 0
2926 0
2927 0
2928 1
2929 0
2930 0
2931 0
2932 1
2933 1
2934 0
2935 0
2936 0
2937 0
2938 1
2939 1
2940 0
2941 0
2942 0
2943 0
2944 0
2945 1
2946 1
2947 1
2948 0
2949 1
2950 0
2951 0
2952 0
2953 1
2954 0
2955 0
2956 1
2957 1
2958 1
2959 0
2960 1
2961 0
2962 1
2963 1
2964 0
2965 1
2966 1
2967 1
2968 1
2969 1
2970 1
2971 1
2972 0
2973 0
2974 1
2975 1
2976 0
2977 0
2978 0
2979 1
2980 0
2981 1
2982 0
2983 1
2984 0
2985 0
2986 1
2987 1
2988 1
2989 1
2990 1
2991 1
2992 0
2993 1
2994 1
2995 1
2996 0
2997 1
2998 1
2999 0
3000 0
3001 0
3002 0
3003 0
3004 0
3005 1
3006 1
3007 1
3008 1
3009 1
3010 0
3011 0
3012 0
3013 0
3014 1
3015 1
3016 1
3017 0
3018 1
3019 0
3020 1
3021 0
3022 1
3023 0
3024 0
3025 0
3026 0
3027 0
3028 1
3029 1
3030 1
3031 0
3032 0
3033 1
3034 0
3035 0
3036 1
3037 0
3038 0
3039 0
3040 1
3041 0
3042 1
3043 0
3044 0
3045 0
3046 1
3047 0
3048 1
3049 0
3050 1
3051 0
3052 1
3053 1
3054 1
3055 0
3056 0
3057 1
3058 0
3059 1
3060 1
3061 0
3062 1
3063 0
3064 1
3065 0
3066 0
3067 0
3068 0
3069 0
3070 0
3071 0
3072 1
3073 0
3074 0
3075 1
3076 0
3077 1
3078 1
3079 1
3080 0
3081 1
3082 1
3083 1
3084 0
3085 0
3086 0
3087 1
3088 1
3089 1
3090 1
3091 1
3092 1
3093 1
3094 1
3095 1
3096 0
3097 1
3098 1
3099 1
3100 1
3101 1
3102 1
3103 1
3104 1
3105 0
3106 1
3107 0
3108 0
3109 0
3110 0
3111 1
3112 1
3113 0
3114 1
3115 1
3116 1
3117 1
3118 0
3119 1
3120 1
3121 1
3122 1
3123 0
3124 0
3125 1
3126 1
3127 0
3128 1
3129 0
3130 0
3131 0
3132 1
3133 0
3134 1
3135 0
3136 0
3137 1
3138 1
3139 1
3140 0
3141 0
3142 1
3143 0
3144 0
3145 0
3146 0
3147 0
3148 1
3149 1
3150 0
3151 1
3152 1
3153 0
3154 0
3155 1
3156 1
3157 1
3158 1
3159 0
3160 1
3161 0
3162 0
3163 0
3164 0
3165 0
3166 0
3167 0
3168 0
3169 1
3170 0
3171 1
3172 0
3173 1
3174 0
3175 1
3176 0
3177 0
3178 0
3179 1
3180 1
3181 0
3182 0
3183 0
3184 1
3185 0
3186 1
3187 1
3188 0
3189 1
3190 1
3191 1
3192 0
3193 1
3194 1
3195 1
3196 0
3197 1
3198 0
3199 1
3200 0
3201 1
3202 1
3203 0
3204 1
3205 0
3206 1
3207 0
3208 1
3209 0
3210 1
3211 0
3212 0
3213 1
3214 1
3215 0
3216 1
3217 0
3218 1
3219 0
3220 0
3221 1
3222 1
3223 0
3224 0
3225 0
3226 1
3227 1
3228 1
3229 0
3230 0
3231 0
3232 0
3233 0
3234 1
3235 0
3236 1
3237 1
3238 1
3239 1
3240 0
3241 0
3242 1
3243 0
3244 1
3245 1
3246 0
3247 0
3248 1
3249 1
3250 1
3251 1
3252 1
3253 1
3254 1
3255 0
3256 0
3257 0
3258 0
3259 1
3260 0
3261 0
3262 0
3263 1
3264 1
3265 1
3266 0
3267 0
3268 1
3269 0
3270 1
3271 1
3272 1
3273 0
3274 0
3275 0
3276 1
3277 0
3278 1
3279 1
3280 1
3281 1
3282 1
3283 0
3284 1
3285 0
3286 1
3287 1
3288 1
3289 1
3290 1
3291 0
3292 0
3293 0
3294 0
3295 0
3296 0
3297 1
3298 0
3299 1
3300 1
3301 1
3302 0
3303 0
3304 0
3305 0
3306 1
3307 1
3308 0
3309 1
3310 0
3311 1
3312 1
3313 0
3314 1
3315 1
3316 0
3317 0
3318 0
3319 1
3320 0
3321 0
3322 0
3323 1
3324 0
3325 0
3326 0
3327 0
3328 1
3329 1
3330 0
3331 0
3332 1
3333 0
3334 1
3335 0
3336 0
3337 1
3338 1
3339 1
3340 1
3341 0
3342 1
3343 1
3344 0
3345 0
3346 0
3347 0
3348 1
3349 1
3350 1
3351 1
3352 0
3353 1
3354 0
3355 0
3356 1
3357 0
3358 0
3359 1
3360 1
3361 1
3362 1
3363 0
3364 0
3365 1
3366 1
3367 0
3368 0
3369 1
3370 0
3371 0
3372 1
3373 0
3374 1
3375 1
3376 0
3377 0
3378 0
3379 1
3380 1
3381 1
3382 1
3383 1
3384 0
3385 1
3386 0
3387 1
3388 0
3389 1
3390 0
3391 1
3392 1
3393 0
3394 1
3395 1
3396 0
3397 1
3398 0
3399 0
3400 1
3401 0
3402 1
3403 0
3404 1
3405 0
3406 0
3407 0
3408 0
3409 1
3410 0
3411 1
3412 0
3413 1
3414 0
3415 0
3416 0
3417 1
3418 0
3419 0
3420 1
3421 0
3422 1
3423 1
3424 0
3425 1
3426 1
3427 1
3428 1
3429 0
3430 1
3431 0
3432 0
3433 0
3434 1
3435 1
3436 0
3437 1
3438 0
3439 0
3440 0
3441 1
3442 1
3443 0
3444 0
3445 1
3446 0
3447 0
3448 1
3449 1
3450 1
3451 0
3452 1
3453 1
3454 0
3455 1
3456 1
3457 1
3458 1
3459 1
3460 0
3461 1
3462 1
3463 1
3464 0
3465 0
3466 1
3467 1
3468 1
3469 1
3470 1
3471 1
3472 0
3473 0
3474 0
3475 1
3476 1
3477 1
3478 1
3479 0
3480 1
3481 0
3482 1
3483 1
3484 0
3485 0
3486 1
3487 0
3488 1
3489 1
3490 0
3491 1
3492 1
3493 0
3494 0
3495 1
3496 0
3497 0
3498 0
3499 0
3500 0
3501 0
3502 0
3503 0
3504 0
3505 1
3506 1
3507 1
3508 0
3509 0
3510 0
3511 1
3512 0
3513 1
3514 0
3515 0
3516 0
3517 0
3518 1
3519 1
3520 1
3521 0
3522 0
3523 0
3524 0
3525 1
3526 1
3527 1
3528 1
3529 1
3530 1
3531 1
3532 0
3533 1
3534 1
3535 0
3536 0
3537 0
3538 1
3539 0
3540 1
3541 0
3542 0
3543 1
3544 0
3545 1
3546 1
3547 1
3548 0
3549 0
3550 1
3551 0
3552 0
3553 1
3554 1
3555 0
3556 1
3557 0
3558 0
3559 0
3560 0
3561 1
3562 1
3563 1
3564 1
3565 0
3566 0
3567 1
3568 0
3569 1
3570 0
3571 0
3572 1
3573 0
3574 1
3575 0
3576 1
3577 1
3578 0
3579 0
3580 0
3581 1
3582 0
3583 1
3584 1
3585 1
3586 0
3587 1
3588 1
3589 0
3590 1
3591 0
3592 1
3593 1
3594 0
3595 1
3596 0
3597 1
3598 1
3599 0
3600 0
3601 1
3602 1
3603 1
3604 0
3605 1
3606 0
3607 1
3608 0
3609 0
3610 1
3611 0
3612 1
3613 1
3614 0
3615 1
3616 0
3617 0
3618 1
3619 0
3620 0
3621 0
3622 0
3623 1
3624 0
3625 0
3626 1
3627 1
3628 1
3629 1
3630 0
3631 1
3632 0
3633 1
3634 0
3635 0
3636 0
3637 1
3638 0
3639 1
3640 1
3641 0
3642 1
3643 0
3644 0
3645 0
3646 0
3647 0
3648 1
3649 0
3650 1
3651 0
3652 1
3653 1
3654 1
3655 0
3656 1
3657 0
3658 1
3659 0
3660 0
3661 0
3662 0
3663 1
3664 1
3665 0
3666 0
3667 0
3668 1
3669 1
3670 1
3671 1
3672 0
3673 0
3674 1
3675 1
3676 1
3677 1
3678 1
3679 0
3680 0
3681 0
3682 1
3683 0
3684 1
3685 0
3686 1
3687 1
3688 0
3689 1
3690 0
3691 0
3692 0
3693 1
3694 1
3695 1
3696 1
3697 0
3698 0
3699 0
3700 0
3701 0
3702 1
3703 1
3704 1
3705 1
3706 1
3707 1
3708 0
3709 0
3710 1
3711 0
3712 1
3713 0
3714 1
3715 0
3716 0
3717 1
3718 0
3719 1
3720 0
3721 0
3722 0
3723 0
3724 0
3725 1
3726 0
3727 0
3728 0
3729 0
3730 0
3731 0
3732 1
3733 0
3734 1
3735 0
3736 0
3737 1
3738 1
3739 0
3740 0
3741 1
3742 0
3743 1
3744 0
3745 1
3746 0
3747 1
3748 1
3749 0
3750 0
3751 0
3752 0
3753 0
3754 0
3755 0
3756 0
3757 1
3758 1
3759 0
3760 0
3761 0
3762 1
3763 0
3764 0
3765 1
3766 0
3767 1
3768 0
3769 0
3770 0
3771 1
3772 1
3773 0
3774 1
3775 1
3776 1
3777 0
3778 0
3779 1
3780 1
3781 0
3782 0
3783 1
3784 1
3785 0
3786 1
3787 1
3788 1
3789 1
3790 1
3791 0
3792 0
3793 0
3794 1
3795 1
3796 0
3797 0
3798 0
3799 0
3800 0
3801 0
3802 1
3803 0
3804 0
3805 1
3806 1
3807 1
3808 0
3809 0
3810 1
3811 1
3812 1
3813 1
3814 0
3815 1
3816 1
3817 1
3818 1
3819 1
3820 0
3821 1
3822 0
3823 0
3824 1
3825 1
3826 1
3827 1
3828 1
3829 0
3830 0
3831 1
3832 0
3833 0
3834 1
3835 0
3836 1
3837 0
3838 0
3839 1
3840 1
3841 0
3842 1
3843 1
3844 1
3845 0
3846 1
3847 0
3848 0
3849 1
3850 1
3851 0
3852 1
3853 0
3854 0
3855 1
3856 0
3857 1
3858 1
3859 1
3860 1
3861 0
3862 1
3863 1
3864 1
3865 0
3866 0
3867 0
3868 0
3869 0
3870 1
3871 1
3872 0
3873 1
3874 0
3875 1
3876 0
3877 0
3878 0
3879 1
3880 1
3881 1
3882 1
3883 1
3884 0
3885 0
3886 1
3887 1
3888 0
3889 1
3890 1
3891 1
3892 0
3893 0
3894 0
3895 0
3896 1
3897 0
3898 1
3899 1
3900 1
3901 1
3902 1
3903 1
3904 0
3905 0
3906 1
3907 1
3908 1
3909 1
3910 0
3911 0
3912 0
3913 1
3914 0
3915 0
3916 1
3917 0
3918 0
3919 0
3920 1
3921 1
3922 0
3923 0
3924 1
3925 1
3926 0
3927 1
3928 0
3929 0
3930 1
3931 1
3932 1
3933 0
3934 0
3935 0
3936 1
3937 1
3938 1
3939 0
3940 1
3941 0
3942 1
3943 1
3944 1
3945 1
3946 0
3947 0
3948 1
3949 1
3950 1
3951 0
3952 1
3953 1
3954 1
3955 1
3956 1
3957 1
3958 0
3959 1
3960 1
3961 0
3962 1
3963 1
3964 1
3965 0
3966 0
3967 0
3968 1
3969 0
3970 0
3971 1
3972 1
3973 0
3974 1
3975 0
3976 1
3977 1
3978 1
3979 1
3980 0
3981 1
3982 1
3983 0
3984 1
3985 1
3986 1
3987 0
3988 1
3989 0
3990 0
3991 1
3992 0
3993 0
3994 0
3995 1
3996 0
3997 0
3998 1
3999 0
4000 0
4001 1
4002 1
4003 0
4004 0
4005 1
4006 1
4007 0
4008 0
4009 1
4010 0
4011 1
4012 1
4013 1
4014 1
4015 1
4016 1
4017 1
4018 0
4019 1
4020 0
4021 1
4022 0
4023 0
4024 1
4025 1
4026 1
4027 0
4028 1
4029 0
4030 0
4031 1
4032 0
4033 1
4034 0
4035 0
4036 1
4037 0
4038 0
4039 0
4040 0
4041 0
4042 1
4043 0
4044 1
4045 1
4046 0
4047 0
4048 1
4049 1
4050 0
4051 0
4052 1
4053 1
4054 1
4055 0
4056 0
4057 0
4058 0
4059 1
4060 0
4061 0
4062 1
4063 1
4064 0
4065 1
4066 1
4067 1
4068 1
4069 0
4070 0
4071 0
4072 1
4073 0
4074 1
4075 1
4076 0
4077 0
4078 0
4079 1
4080 0
4081 0
4082 1
4083 1
4084 1
4085 1
4086 1
4087 1
4088 1
4089 1
4090 0
4091 0
4092 1
4093 0
4094 0
4095 0
4096 0
4097 1
4098 0
4099 1
4100 1
4101 1
4102 0
4103 1
4104 0
4105 0
4106 1
4107 0
4108 1
4109 0
4110 1
4111 0
4112 1
4113 0
4114 0
4115 0
4116 0
4117 0
4118 0
4119 0
4120 0
4121 1
4122 1
4123 0
4124 1
4125 1
4126 0
4127 0
4128 0
4129 0
4130 1
4131 0
4132 1
4133 1
4134 0
4135 0
4136 0
4137 0
4138 1
4139 0
4140 1
4141 0
4142 1
4143 0
4144 0
4145 1
4146 1
4147 0
4148 1
4149 1
4150 1
4151 1
4152 0
4153 1
4154 1
4155 0
4156 1
4157 0
4158 1
4159 1
4160 0
4161 0
4162 1
4163 0
4164 1
4165 0
4166 0
4167 1
4168 1
4169 0
4170 1
4171 0
4172 1
4173 1
4174 1
4175 0
4176 1
4177 0
4178 0
4179 1
4180 0
4181 0
4182 1
4183 1
4184 0
4185 1
4186 0
4187 0
4188 1
4189 0
4190 0
4191 1
4192 1
4193 1
4194 0
4195 0
4196 1
4197 1
4198 0
4199 0
4200 1
4201 1
4202 1
4203 0
4204 1
4205 1
4206 1
4207 1
4208 0
4209 1
4210 0
4211 1
4212 1
4213 1
4214 1
4215 1
4216 1
4217 1
4218 0
4219 1
4220 1
4221 0
4222 1
4223 1
4224 0
4225 1
4226 1
4227 0
4228 1
4229 1
4230 1
4231 1
4232 1
4233 0
4234 0
4235 0
4236 0
4237 0
4238 1
4239 0
4240 1
4241 1
4242 0
4243 0
4244 0
4245 0
4246 0
4247 1
4248 0
4249 1
4250 1
4251 1
4252 0
4253 0
4254 1
4255 1
4256 1
4257 0
4258 0
4259 1
4260 1
4261 0
4262 1
4263 1
4264 1
4265 0
4266 1
4267 0
4268 1
4269 1
4270 0
4271 0
4272 1
4273 0
4274 0
4275 1
4276 0
4277 0
4278 0
4279 1
4280 1
4281 0
4282 1
4283 0
4284 0
4285 0
4286 0
4287 0
4288 1
4289 0
4290 0
4291 0
4292 1
4293 1
4294 1
4295 0
4296 1
4297 0
4298 1
4299 1
4300 0
4301 1
4302 0
4303 0
4304 0
4305 1
4306 0
4307 0
4308 1
4309 1
4310 0
4311 0
4312 1
4313 0
4314 1
4315 0
4316 0
4317 1
4318 0
4319 1
4320 1
4321 1
4322 1
4323 0
4324 0
4325 0
4326 0
4327 0
4328 1
4329 1
4330 0
4331 1
4332 1
4333 0
4334 1
4335 1
4336 1
4337 0
4338 0
4339 0
4340 0
4341 1
4342 1
4343 0
4344 0
4345 1
4346 0
4347 1
4348 1
4349 0
4350 1
4351 1
4352 1
4353 1
4354 1
4355 1
4356 0
4357 0
4358 1
4359 1
4360 0
4361 0
4362 1
4363 0
4364 1
4365 1
4366 0
4367 0
4368 1
4369 1
4370 0
4371 0
4372 0
4373 0
4374 1
4375 1
4376 0
4377 0
4378 1
4379 1
4380 0
4381 0
4382 0
4383 1
4384 0
4385 1
4386 1
4387 0
4388 0
4389 0
4390 0
4391 1
4392 1
4393 0
4394 0
4395 0
4396 1
4397 1
4398 0
4399 1
4400 0
4401 0
4402 0
4403 1
4404 0
4405 1
4406 1
4407 1
4408 1
4409 0
4410 0
4411 1
4412 1
4413 1
4414 1
4415 1
4416 1
4417 0
4418 1
4419 1
4420 0
4421 1
4422 0
4423 0
4424 1
4425 1
4426 0
4427 1
4428 0
4429 0
4430 0
4431 0
4432 0
4433 0
4434 0
4435 0
4436 0
4437 1
4438 0
4439 0
4440 1
4441 0
4442 0
4443 1
4444 1
4445 0
4446 1
4447 1
4448 1
4449 1
4450 1
4451 0
4452 1
4453 1
4454 0
4455 1
4456 1
4457 1
4458 1
4459 1
4460 1
4461 1
4462 1
4463 0
4464 0
4465 1
4466 1
4467 0
4468 1
4469 1
4470 0
4471 0
4472 1
4473 0
4474 0
4475 0
4476 1
4477 1
4478 1
4479 1
4480 0
4481 1
4482 0
4483 1
4484 0
4485 0
4486 1
4487 1
4488 0
4489 0
4490 1
4491 0
4492 0
4493 0
4494 1
4495 0
4496 0
4497 0
4498 0
4499 1
4500 0
4501 1
4502 1
4503 1
4504 1
4505 1
4506 0
4507 1
4508 1
4509 0
4510 0
4511 1
4512 1
4513 0
4514 0
4515 0
4516 1
4517 1
4518 1
4519 0
4520 1
4521 1
4522 1
4523 0
4524 1
4525 1
4526 0
4527 0
4528 1
4529 1
4530 0
4531 1
4532 0
4533 1
4534 0
4535 1
4536 1
4537 0
4538 1
4539 0
4540 0
4541 0
4542 0
4543 0
4544 0
4545 1
4546 0
4547 0
4548 1
4549 1
4550 0
4551 0
4552 0
4553 1
4554 1
4555 1
4556 1
4557 0
4558 1
4559 0
4560 0
4561 1
4562 1
4563 0
4564 1
4565 0
4566 1
4567 0
4568 1
4569 0
4570 1
4571 0
4572 1
4573 0
4574 1
4575 1
4576 1
4577 0
4578 0
4579 0
4580 1
4581 0
4582 1
4583 0
4584 0
4585 1
4586 0
4587 0
4588 1
4589 1
4590 0
4591 0
4592 1
4593 0
4594 0
4595 1
4596 0
4597 0
4598 1
4599 0
4600 0
4601 1
4602 0
4603 1
4604 0
4605 1
4606 1
4607 1
4608 1
4609 0
4610 1
4611 1
4612 1
4613 0
4614 1
4615 0
4616 1
4617 0
4618 0
4619 0
4620 1
4621 0
4622 0
4623 1
4624 1
4625 1
4626 1
4627 1
4628 0
4629 1
4630 1
4631 1
4632 0
4633 0
4634 0
4635 0
4636 1
4637 0
4638 0
4639 1
4640 0
4641 0
4642 1
4643 0
4644 1
4645 1
4646 0
4647 0
4648 1
4649 0
4650 0
4651 0
4652 0
4653 0
4654 1
4655 1
4656 1
4657 1
4658 1
4659 1
4660 1
4661 0
4662 0
4663 0
4664 1
4665 0
4666 1
4667 0
4668 0
4669 0
4670 1
4671 0
4672 0
4673 0
4674 0
4675 0
4676 1
4677 1
4678 0
4679 1
4680 0
4681 1
4682 1
4683 0
4684 0
4685 0
4686 1
4687 1
4688 1
4689 1
4690 0
4691 0
4692 0
4693 0
4694 1
4695 1
4696 1
4697 0
4698 0
4699 1
4700 0
4701 0
4702 0
4703 0
4704 1
4705 0
4706 0
4707 1
4708 0
4709 1
4710 1
4711 1
4712 1
4713 1
4714 1
4715 1
4716 1
4717 1
4718 0
4719 1
4720 0
4721 0
4722 1
4723 0
4724 0
4725 1
4726 0
4727 1
4728 1
4729 1
4730 0
4731 1
4732 0
4733 1
4734 0
4735 0
4736 1
4737 0
4738 0
4739 1
4740 0
4741 0
4742 1
4743 0
4744 0
4745 0
4746 0
4747 0
4748 0
4749 0
4750 0
4751 1
4752 0
4753 0
4754 0
4755 1
4756 0
4757 0
4758 1
4759 0
4760 0
4761 0
4762 1
4763 0
4764 1
4765 1
4766 1
4767 0
4768 0
4769 0
4770 0
4771 0
4772 0
4773 1
4774 1
4775 1
4776 1
4777 0
4778 0
4779 1
4780 0
4781 0
4782 0
4783 0
4784 1
4785 1
4786 0
4787 0
4788 1
4789 1
4790 1
4791 0
4792 1
4793 0
4794 1
4795 1
4796 0
4797 0
4798 0
4799 0
4800 0
4801 0
4802 1
4803 1
4804 0
4805 1
4806 1
4807 1
4808 1
4809 0
4810 0
4811 0
4812 0
4813 1
4814 0
4815 1
4816 1
4817 1
4818 0
4819 1
4820 1
4821 0
4822 0
4823 1
4824 0
4825 1
4826 0
4827 1
4828 0
4829 1
4830 0
4831 1
4832 0
4833 1
4834 0
4835 0
4836 1
4837 0
4838 0
4839 1
4840 1
4841 1
4842 1
4843 1
4844 0
4845 0
4846 1
4847 1
4848 0
4849 0
4850 0
4851 0
4852 1
4853 0
4854 0
4855 1
4856 0
4857 1
4858 0
4859 0
4860 0
4861 0
4862 0
4863 0
4864 1
4865 1
4866 1
4867 1
4868 1
4869 1
4870 0
4871 1
4872 0
4873 1
4874 1
4875 1
4876 1
4877 0
4878 0
4879 0
4880 0
4881 1
4882 1
4883 0
4884 1
4885 0
4886 0
4887 1
4888 1
4889 0
4890 1
4891 1
4892 1
4893 0
4894 0
4895 0
4896 1
4897 0
4898 1
4899 1
4900 0
4901 0
4902 1
4903 0
4904 1
4905 0
4906 1
4907 1
4908 0
4909 1
4910 0
4911 0
4912 1
4913 1
4914 1
4915 1
4916 1
4917 0
4918 1
4919 0
4920 1
4921 0
4922 0
4923 1
4924 0
4925 1
4926 0
4927 0
4928 1
4929 0
4930 1
4931 0
4932 0
4933 0
4934 1
4935 1
4936 1
4937 0
4938 0
4939 0
4940 0
4941 0
4942 0
4943 0
4944 0
4945 1
4946 1
4947 1
4948 0
4949 1
4950 1
4951 0
4952 0
4953 0
4954 1
4955 0
4956 1
4957 1
4958 1
4959 1
4960 1
4961 1
4962 0
4963 1
4964 0
4965 0
4966 1
4967 1
4968 1
4969 0
4970 0
4971 0
4972 0
4973 0
4974 0
4975 1
4976 0
4977 1
4978 0
4979 0
4980 0
4981 1
4982 0
4983 1
4984 1
4985 0
4986 0
4987 1
4988 1
4989 0
4990 1
4991 0
4992 0
4993 1
4994 0
4995 1
4996 0
4997 1
4998 1
4999 0
5000 1
5001 1
5002 0
5003 1
5004 1
5005 1
5006 0
5007 1
5008 1
5009 1
5010 1
5011 1
5012 1
5013 0
5014 0
5015 0
5016 1
5017 1
5018 0
5019 0
5020 1
5021 1
5022 0
5023 1
5024 1
5025 1
5026 0
5027 0
5028 1
5029 1
5030 1
5031 1
5032 0
5033 1
5034 0
5035 0
5036 1
5037 0
5038 1
5039 1
5040 1
5041 1
5042 1
5043 0
5044 1
5045 0
5046 0
5047 1
5048 0
5049 1
5050 0
5051 0
5052 0
5053 0
5054 1
5055 0
5056 1
5057 0
5058 0
5059 1
5060 1
5061 0
5062 1
5063 1
5064 0
5065 0
5066 0
5067 1
5068 0
5069 0
5070 1
5071 1
5072 0
5073 1
5074 1
5075 1
5076 0
5077 1
5078 1
5079 0
5080 0
5081 0
5082 1
5083 1
5084 1
5085 0
5086 0
5087 0
5088 1
5089 1
5090 1
5091 0
5092 0
5093 1
5094 0
5095 1
5096 0
5097 1
5098 0
5099 0
5100 0
5101 0
5102 0
5103 1
5104 0
5105 0
5106 1
5107 0
5108 1
5109 1
5110 0
5111 1
5112 0
5113 0
5114 0
5115 0
5116 1
5117 0
5118 1
5119 1
5120 1
5121 0
5122 0
5123 0
5124 1
5125 0
5126 0
5127 1
5128 0
5129 0
5130 1
5131 1
5132 1
5133 0
5134 1
5135 1
5136 1
5137 0
5138 0
5139 1
5140 1
5141 1
5142 0
5143 1
5144 1
5145 1
5146 0
5147 1
5148 0
5149 1
5150 1
5151 1
5152 1
5153 0
5154 1
5155 0
5156 0
5157 1
5158 0
5159 0
5160 0
5161 1
5162 1
5163 1
5164 1
5165 1
5166 0
5167 0
5168 0
5169 0
5170 0
5171 0
5172 0
5173 1
5174 0
5175 1
5176 0
5177 1
5178 1
5179 1
5180 1
5181 1
5182 1
5183 0
5184 0
5185 1
5186 0
5187 1
5188 1
5189 1
5190 0
5191 0
5192 1
5193 0
5194 1
5195 1
5196 1
5197 0
5198 1
5199 0
5200 0
5201 1
5202 1
5203 0
5204 0
5205 0
5206 1
5207 1
5208 0
5209 0
5210 1
5211 0
5212 0
5213 1
5214 0
5215 1
5216 0
5217 0
5218 0
5219 1
5220 0
5221 0
5222 1
5223 0
5224 0
5225 1
5226 0
5227 0
5228 1
5229 1
5230 1
5231 1
5232 0
5233 1
5234 0
5235 0
5236 0
5237 1
5238 1
5239 1
5240 0
5241 1
5242 1
5243 0
5244 1
5245 1
5246 1
5247 0
5248 0
5249 1
5250 0
5251 1
5252 0
5253 1
5254 1
5255 1
5256 1
5257 1
5258 0
5259 0
5260 0
5261 1
5262 1
5263 1
5264 1
5265 1
5266 1
5267 0
5268 1
5269 1
5270 1
5271 1
5272 1
5273 0
5274 1
5275 1
5276 1
5277 1
5278 0
5279 0
5280 1
5281 0
5282 0
5283 0
5284 1
5285 1
5286 1
5287 0
5288 1
5289 1
5290 1
5291 1
5292 0
5293 0
5294 0
5295 1
5296 0
5297 0
5298 1
5299 1
5300 0
5301 0
5302 0
5303 0
5304 1
5305 1
5306 1
5307 1
5308 0
5309 0
5310 1
5311 1
5312 1
5313 0
5314 1
5315 0
5316 0
5317 1
5318 0
5319 0
5320 0
5321 0
5322 1
5323 1
5324 1
5325 0
5326 1
5327 0
5328 1
5329 1
5330 1
5331 0
5332 0
5333 1
5334 1
5335 0
5336 1
5337 1
5338 0
5339 1
5340 0
5341 1
5342 0
5343 1
5344 1
5345 0
5346 0
5347 0
5348 0
5349 1
5350 0
5351 1
5352 1
5353 1
5354 1
5355 0
5356 0
5357 0
5358 1
5359 0
5360 1
5361 0
5362 1
5363 0
5364 0
5365 0
5366 1
5367 1
5368 0
5369 1
5370 1
5371 0
5372 0
5373 1
5374 1
5375 0
5376 0
5377 1
5378 1
5379 0
5380 1
5381 0
5382 0
5383 0
5384 1
5385 1
5386 0
5387 1
5388 0
5389 1
5390 0
5391 0
5392 0
5393 0
5394 0
5395 1
5396 1
5397 0
5398 0
5399 1
5400 1
5401 1
5402 1
5403 0
5404 0
5405 0
5406 1
5407 1
5408 1
5409 0
5410 0
5411 0
5412 0
5413 1
5414 1
5415 0
5416 1
5417 1
5418 0
5419 0
5420 1
5421 0
5422 1
5423 1
5424 1
5425 1
5426 1
5427 0
5428 0
5429 0
5430 0
5431 1
5432 1
5433 0
5434 0
5435 0
5436 0
5437 1
5438 0
5439 0
5440 0
5441 1
5442 1
5443 0
5444 0
5445 1
5446 1
5447 1
5448 0
5449 0
5450 0
5451 1
5452 0
5453 1
5454 0
5455 1
5456 1
5457 1
5458 1
5459 0
5460 0
5461 1
5462 1
5463 0
5464 1
5465 1
5466 1
5467 1
5468 1
5469 1
5470 0
5471 1
5472 1
5473 1
5474 0
5475 0
5476 1
5477 0
5478 1
5479 1
5480 0
5481 0
5482 1
5483 0
5484 1
5485 1
5486 0
5487 0
5488 0
5489 1
5490 1
5491 0
5492 1
5493 1
5494 1
5495 0
5496 0
5497 0
5498 0
5499 0
5500 1
5501 0
5502 1
5503 0
5504 0
5505 1
5506 1
5507 1
5508 0
5509 1
5510 0
5511 1
5512 1
5513 1
5514 1
5515 1
5516 0
5517 1
5518 1
5519 1
5520 0
5521 1
5522 1
5523 1
5524 1
5525 0
5526 0
5527 1
5528 1
5529 1
5530 0
5531 0
5532 0
5533 0
5534 1
5535 1
5536 1
5537 0
5538 1
5539 1
5540 0
5541 1
5542 0
5543 1
5544 1
5545 1
5546 0
5547 1
5548 1
5549 1
5550 1
5551 1
5552 0
5553 1
5554 0
5555 1
5556 1
5557 0
5558 1
5559 1
5560 1
5561 0
5562 0
5563 0
5564 1
5565 1
5566 1
5567 0
5568 1
5569 1
5570 0
5571 0
5572 1
5573 1
5574 1
5575 1
5576 0
5577 0
5578 1
5579 1
5580 0
5581 1
5582 0
5583 1
5584 0
5585 0
5586 1
5587 0
5588 0
5589 0
5590 1
5591 0
5592 0
5593 0
5594 1
5595 1
5596 0
5597 0
5598 0
5599 1
5600 0
5601 0
5602 1
5603 1
5604 1
5605 0
5606 1
5607 1
5608 0
5609 0
5610 0
5611 0
5612 0
5613 1
5614 0
5615 0
5616 0
5617 0
5618 0
5619 1
5620 0
5621 1
5622 1
5623 1
5624 1
5625 1
5626 1
5627 1
5628 0
5629 0
5630 1
5631 0
5632 0
5633 1
5634 0
5635 0
5636 0
5637 0
5638 1
5639 0
5640 0
5641 0
5642 1
5643 1
5644 1
5645 1
5646 0
5647 0
5648 0
5649 1
5650 1
5651 0
5652 1
5653 0
5654 1
5655 0
5656 1
5657 0
5658 0
5659 0
5660 0
5661 1
5662 0
5663 0
5664 0
5665 1
5666 0
5667 1
5668 0
5669 0
5670 0
5671 0
5672 1
5673 0
5674 0
5675 1
5676 0
5677 0
5678 0
5679 1
5680 1
5681 1
5682 0
5683 0
5684 1
5685 1
5686 1
5687 1
5688 0
5689 0
5690 0
5691 0
5692 1
5693 0
5694 0
5695 0
5696 0
5697 0
5698 0
5699 1
5700 1
5701 0
5702 1
5703 0
5704 1
5705 0
5706 1
5707 1
5708 1
5709 0
5710 0
5711 1
5712 1
5713 1
5714 1
5715 1
5716 0
5717 0
5718 1
5719 0
5720 1
5721 1
5722 0
5723 0
5724 0
5725 0
5726 1
5727 0
5728 0
5729 1
5730 1
5731 0
5732 0
5733 1
5734 1
5735 0
5736 1
5737 1
5738 0
5739 1
5740 1
5741 1
5742 1
5743 0
5744 1
5745 0
5746 1
5747 0
5748 0
5749 0
5750 0
5751 1
5752 0
5753 1
5754 1
5755 0
5756 0
5757 0
5758 1
5759 0
5760 1
5761 1
5762 0
5763 1
5764 0
5765 0
5766 1
5767 0
5768 1
5769 0
5770 0
5771 1
5772 1
5773 0
5774 0
5775 1
5776 1
5777 1
5778 0
5779 0
5780 1
5781 1
5782 1
5783 1
5784 1
5785 1
5786 1
5787 0
5788 1
5789 1
5790 1
5791 1
5792 0
5793 1
5794 1
5795 0
5796 0
5797 1
5798 0
5799 0
5800 0
5801 0
5802 1
5803 1
5804 1
5805 1
5806 0
5807 0
5808 0
5809 1
5810 0
5811 0
5812 0
5813 0
5814 1
5815 0
5816 0
5817 0
5818 0
5819 1
5820 1
5821 1
5822 1
5823 1
5824 1
5825 1
5826 1
5827 1
5828 1
5829 1
5830 1
5831 0
5832 1
5833 1
5834 0
5835 0
5836 1
5837 0
5838 1
5839 1
5840 0
5841 1
5842 0
5843 1
5844 1
5845 0
5846 0
5847 0
5848 0
5849 1
5850 1
5851 1
5852 1
5853 1
5854 1
5855 0
5856 0
5857 0
5858 1
5859 0
5860 0
5861 1
5862 0
5863 1
5864 0
5865 1
5866 1
5867 0
5868 0
5869 1
5870 0
5871 1
5872 1
5873 1
5874 0
5875 0
5876 0
5877 0
5878 1
5879 0
5880 1
5881 0
5882 0
5883 1
5884 0
5885 1
5886 1
5887 0
5888 1
5889 1
5890 1
5891 0
5892 1
5893 0
5894 1
5895 0
5896 1
5897 0
5898 0
5899 1
5900 0
5901 1
5902 0
5903 1
5904 1
5905 1
5906 0
5907 1
5908 0
5909 0
5910 0
5911 1
5912 1
5913 0
5914 1
5915 1
5916 1
5917 1
5918 1
5919 0
5920 0
5921 1
5922 0
5923 0
5924 1
5925 1
5926 1
5927 0
5928 1
5929 0
5930 1
5931 0
5932 0
5933 0
5934 0
5935 0
5936 0
5937 1
5938 0
5939 1
5940 0
5941 1
5942 0
5943 0
5944 0
5945 0
5946 1
5947 1
5948 0
5949 1
5950 1
5951 0
5952 1
5953 0
5954 1
5955 1
5956 1
5957 1
5958 0
5959 0
5960 1
5961 0
5962 1
5963 0
5964 0
5965 0
5966 0
5967 0
5968 1
5969 1
5970 1
5971 1
5972 0
5973 0
5974 0
5975 0
5976 0
5977 0
5978 0
5979 0
5980 0
5981 1
5982 1
5983 0
5984 0
5985 1
5986 0
5987 1
5988 0
5989 1
5990 0
5991 0
5992 1
5993 1
5994 1
5995 0
5996 1
5997 1
5998 1
5999 1
6000 1
6001 0
6002 0
6003 0
6004 1
6005 0
6006 1
6007 1
6008 0
6009 1
6010 1
6011 0
6012 1
6013 0
6014 0
6015 0
6016 0
6017 0
6018 1
6019 1
6020 0
6021 1
6022 1
6023 1
6024 0
6025 0
6026 1
6027 0
6028 0
6029 1
6030 1
6031 1
6032 1
6033 0
6034 0
6035 0
6036 0
6037 0
6038 1
6039 0
6040 0
6041 0
6042 1
6043 0
6044 1
6045 1
6046 0
6047 1
6048 0
6049 1
6050 0
6051 0
6052 1
6053 0
6054 1
6055 1
6056 1
6057 0
6058 1
6059 1
6060 0
6061 1
6062 1
6063 0
6064 1
6065 0
6066 0
6067 1
6068 1
6069 1
6070 0
6071 0
6072 1
6073 0
6074 1
6075 1
6076 1
6077 1
6078 0
6079 1
6080 1
6081 0
6082 0
6083 0
6084 0
6085 0
6086 0
6087 0
6088 0
6089 0
6090 0
6091 1
6092 0
6093 1
6094 0
6095 0
6096 1
6097 0
6098 0
6099 0
6100 0
6101 1
6102 0
6103 1
6104 1
6105 0
6106 1
6107 0
6108 1
6109 1
6110 1
6111 0
6112 0
6113 0
6114 0
6115 1
6116 1
6117 1
6118 1
6119 0
6120 1
6121 1
6122 1
6123 1
6124 1
6125 1
6126 1
6127 0
6128 0
6129 0
6130 0
6131 0
6132 1
6133 1
6134 1
6135 0
6136 1
6137 1
6138 1
6139 0
6140 0
6141 0
6142 1
6143 0
6144 0
6145 0
6146 1
6147 0
6148 0
6149 1
6150 1
6151 1
6152 0
6153 0
6154 1
6155 0
6156 0
6157 1
6158 0
6159 1
6160 0
6161 1
6162 0
6163 0
6164 0
6165 1
6166 0
6167 1
6168 1
6169 1
6170 0
6171 1
6172 1
6173 1
6174 0
6175 1
6176 0
6177 0
6178 0
6179 0
6180 0
6181 0
6182 0
6183 1
6184 0
6185 1
6186 1
6187 1
6188 0
6189 1
6190 0
6191 1
6192 1
6193 1
6194 0
6195 1
6196 0
6197 1
6198 0
6199 1
6200 1
6201 1
6202 1
6203 0
6204 1
6205 0
6206 1
6207 0
6208 1
6209 0
6210 1
6211 0
6212 0
6213 0
6214 1
6215 0
6216 0
6217 0
6218 1
6219 0
6220 1
6221 0
6222 1
6223 0
6224 1
6225 0
6226 0
6227 1
6228 1
6229 1
6230 1
6231 0
6232 1
6233 0
6234 1
6235 1
6236 0
6237 1
6238 0
6239 1
6240 1
6241 1
6242 1
6243 1
6244 1
6245 0
6246 1
6247 1
6248 0
6249 0
6250 0
6251 0
6252 1
6253 0
6254 0
6255 0
6256 0
6257 1
6258 0
6259 1
6260 0
6261 1
6262 0
6263 1
6264 0
6265 1
6266 1
6267 0
6268 1
6269 0
6270 1
6271 1
6272 0
6273 1
6274 0
6275 0
6276 1
6277 0
6278 0
6279 1
6280 0
6281 0
6282 0
6283 1
6284 0
6285 0
6286 1
6287 1
6288 0
6289 1
6290 0
6291 0
6292 0
6293 1
6294 0
6295 0
6296 0
6297 1
6298 1
6299 1
6300 1
6301 1
6302 1
6303 1
6304 1
6305 0
6306 0
6307 0
6308 1
6309 1
6310 1
6311 0
6312 1
6313 0
6314 0
6315 1
6316 0
6317 1
6318 1
6319 0
6320 1
6321 0
6322 1
6323 0
6324 1
6325 0
6326 0
6327 1
6328 1
6329 0
6330 0
6331 0
6332 0
6333 0
6334 0
6335 1
6336 0
6337 1
6338 1
6339 0
6340 1
6341 1
6342 0
6343 0
6344 1
6345 1
6346 0
6347 1
6348 1
6349 1
6350 1
6351 0
6352 0
6353 1
6354 0
6355 1
6356 1
6357 1
6358 1
6359 1
6360 1
6361 0
6362 0
6363 0
6364 0
6365 1
6366 0
6367 1
6368 0
6369 1
6370 1
6371 1
6372 0
6373 0
6374 0
6375 0
6376 0
6377 1
6378 1
6379 1
6380 1
6381 0
6382 1
6383 0
6384 0
6385 0
6386 0
6387 1
6388 1
6389 1
6390 1
6391 1
6392 0
6393 0
6394 0
6395 1
6396 0
6397 0
6398 0
6399 1
6400 1
6401 0
6402 1
6403 0
6404 1
6405 1
6406 1
6407 1
6408 1
6409 0
6410 0
6411 1
6412 1
6413 0
6414 1
6415 0
6416 0
6417 1
6418 1
6419 0
6420 0
6421 0
6422 0
6423 1
6424 0
6425 1
6426 0
6427 0
6428 0
6429 1
6430 1
6431 0
6432 1
6433 0
6434 0
6435 1
6436 1
6437 1
6438 0
6439 1
6440 1
6441 0
6442 1
6443 0
6444 0
6445 0
6446 1
6447 1
6448 1
6449 0
6450 0
6451 1
6452 0
6453 0
6454 1
6455 1
6456 0
6457 0
6458 0
6459 1
6460 0
6461 1
6462 0
6463 0
6464 1
6465 1
6466 1
6467 1
6468 0
6469 0
6470 0
6471 1
6472 0
6473 1
6474 1
6475 1
6476 1
6477 0
6478 1
6479 1
6480 1
6481 1
6482 0
6483 1
6484 0
6485 0
6486 0
6487 0
6488 0
6489 1
6490 1
6491 1
6492 0
6493 1
6494 0
6495 1
6496 0
6497 0
6498 1
6499 1
6500 1
6501 1
6502 1
6503 0
6504 0
6505 0
6506 1
6507 1
6508 0
6509 1
6510 1
6511 1
6512 1
6513 0
6514 1
6515 0
6516 0
6517 1
6518 1
6519 1
6520 1
6521 0
6522 0
6523 1
6524 1
6525 1
6526 1
6527 0
6528 0
6529 1
6530 0
6531 1
6532 0
6533 1
6534 0
6535 1
6536 1
6537 1
6538 0
6539 1
6540 1
6541 0
6542 0
6543 0
6544 0
6545 1
6546 1
6547 0
6548 1
6549 0
6550 1
6551 0
6552 0
6553 1
6554 1
6555 1
6556 0
6557 0
6558 1
6559 1
6560 1
6561 0
6562 0
6563 0
6564 1
6565 1
6566 1
6567 1
6568 1
6569 0
6570 1
6571 1
6572 0
6573 1
6574 0
6575 1
6576 0
6577 0
6578 1
6579 1
6580 0
6581 1
6582 0
6583 0
6584 1
6585 1
6586 1
6587 1
6588 0
6589 1
6590 1
6591 1
6592 1
6593 0
6594 0
6595 0
6596 0
6597 0
6598 0
6599 1
6600 0
6601 0
6602 1
6603 0
6604 1
6605 0
6606 1
6607 0
6608 1
6609 1
6610 0
6611 1
6612 1
6613 1
6614 0
6615 1
6616 1
6617 0
6618 1
6619 0
6620 1
6621 0
6622 1
6623 0
6624 1
6625 1
6626 0
6627 0
6628 0
6629 1
6630 0
6631 0
6632 1
6633 0
6634 1
6635 1
6636 0
6637 0
6638 0
6639 0
6640 0
6641 0
6642 0
6643 1
6644 0
6645 0
6646 1
6647 1
6648 1
6649 1
6650 0
6651 0
6652 1
6653 0
6654 0
6655 1
6656 1
6657 0
6658 1
6659 1
6660 0
6661 0
6662 1
6663 1
6664 1
6665 0
6666 0
6667 0
6668 0
6669 0
6670 1
6671 0
6672 0
6673 1
6674 0
6675 0
6676 0
6677 0
6678 1
6679 1
6680 0
6681 1
6682 1
6683 1
6684 0
6685 1
6686 0
6687 0
6688 0
6689 1
6690 0
6691 0
6692 0
6693 0
6694 1
6695 1
6696 1
6697 0
6698 0
6699 0
6700 1
6701 0
6702 0
6703 0
6704 0
6705 0
6706 0
6707 0
6708 0
6709 0
6710 0
6711 0
6712 0
6713 1
6714 1
6715 1
6716 1
6717 0
6718 1
6719 1
6720 0
6721 1
6722 1
6723 0
6724 0
6725 0
6726 1
6727 0
6728 1
6729 0
6730 1
6731 0
6732 1
6733 1
6734 0
6735 0
6736 1
6737 1
6738 1
6739 0
6740 0
6741 1
6742 0
6743 0
6744 0
6745 1
6746 1
6747 0
6748 1
6749 1
6750 0
6751 1
6752 0
6753 0
6754 0
6755 1
6756 0
6757 1
6758 0
6759 1
6760 0
6761 0
6762 1
6763 0
6764 1
6765 1
6766 0
6767 0
6768 1
6769 1
6770 1
6771 0
6772 1
6773 1
6774 0
6775 1
6776 1
6777 0
6778 0
6779 1
6780 1
6781 1
6782 1
6783 1
6784 1
6785 0
6786 0
6787 1
6788 0
6789 0
6790 0
6791 1
6792 0
6793 1
6794 1
6795 0
6796 0
6797 0
6798 1
6799 1
6800 1
6801 0
6802 1
6803 0
6804 1
6805 0
6806 1
6807 1
6808 0
6809 0
6810 1
6811 0
6812 0
6813 0
6814 1
6815 0
6816 1
6817 0
6818 0
6819 1
6820 1
6821 0
6822 0
6823 0
6824 1
6825 0
6826 0
6827 1
6828 0
6829 0
6830 0
6831 0
6832 0
6833 1
6834 0
6835 0
6836 1
6837 1
6838 0
6839 1
6840 1
6841 0
6842 1
6843 0
6844 0
6845 1
6846 0
6847 0
6848 0
6849 1
6850 0
6851 1
6852 0
6853 1
6854 1
6855 0
6856 1
6857 1
6858 1
6859 1
6860 1
6861 0
6862 1
6863 0
6864 0
6865 0
6866 1
6867 1
6868 0
6869 0
6870 1
6871 1
6872 0
6873 0
6874 1
6875 0
6876 0
6877 1
6878 1
6879 1
6880 1
6881 1
6882 1
6883 1
6884 0
6885 0
6886 1
6887 1
6888 1
6889 1
6890 1
6891 0
6892 1
6893 1
6894 0
6895 0
6896 0
6897 1
6898 1
6899 0
6900 1
6901 0
6902 1
6903 1
6904 0
6905 1
6906 0
6907 1
6908 0
6909 1
6910 1
6911 1
6912 1
6913 1
6914 0
6915 1
6916 0
6917 1
6918 0
6919 1
6920 1
6921 1
6922 0
6923 1
6924 0
6925 1
6926 1
6927 0
6928 1
6929 1
6930 0
6931 0
6932 1
6933 0
6934 1
6935 0
6936 0
6937 0
6938 0
6939 1
6940 1
6941 1
6942 1
6943 0
6944 1
6945 0
6946 1
6947 1
6948 1
6949 0
6950 0
6951 0
6952 1
6953 1
6954 1
6955 1
6956 0
6957 1
6958 1
6959 0
6960 0
6961 0
6962 1
6963 0
6964 0
6965 0
6966 0
6967 1
6968 1
6969 0
6970 1
6971 0
6972 1
6973 1
6974 1
6975 0
6976 0
6977 1
6978 0
6979 1
6980 0
6981 0
6982 1
6983 0
6984 0
6985 0
6986 1
6987 1
6988 0
6989 0
6990 0
6991 0
6992 0
6993 0
6994 0
6995 0
6996 1
6997 0
6998 1
6999 1
7000 0
7001 0
7002 1
7003 0
7004 0
7005 1
7006 1
7007 1
7008 0
7009 0
7010 0
7011 1
7012 1
7013 0
7014 0
7015 0
7016 0
7017 1
7018 1
7019 1
7020 0
7021 1
7022 0
7023 0
7024 0
7025 0
7026 1
7027 1
7028 0
7029 0
7030 0
7031 0
7032 0
7033 0
7034 1
7035 1
7036 1
7037 0
7038 1
7039 0
7040 0
7041 1
7042 1
7043 0
7044 1
7045 1
7046 0
7047 1
7048 1
7049 0
7050 1
7051 0
7052 1
7053 0
7054 0
7055 0
7056 0
7057 1
7058 1
7059 1
7060 0
7061 1
7062 1
7063 1
7064 1
7065 1
7066 1
7067 1
7068 1
7069 1
7070 1
7071 0
7072 0
7073 1
7074 0
7075 1
7076 0
7077 0
7078 1
7079 1
7080 1
7081 0
7082 0
7083 0
7084 1
7085 0
7086 0
7087 1
7088 1
7089 1
7090 1
7091 0
7092 1
7093 1
7094 0
7095 1
7096 0
7097 0
7098 0
7099 0
7100 1
7101 1
7102 1
7103 0
7104 0
7105 1
7106 1
7107 1
7108 0
7109 1
7110 0
7111 1
7112 0
7113 1
7114 0
7115 1
7116 1
7117 1
7118 1
7119 1
7120 1
7121 1
7122 1
7123 0
7124 1
7125 1
7126 1
7127 0
7128 1
7129 0
7130 0
7131 1
7132 1
7133 1
7134 1
7135 1
7136 1
7137 0
7138 0
7139 0
7140 0
7141 0
7142 0
7143 1
7144 1
7145 0
7146 0
7147 1
7148 1
7149 0
7150 1
7151 0
7152 1
7153 1
7154 0
7155 0
7156 1
7157 1
7158 0
7159 1
7160 1
7161 0
7162 0
7163 0
7164 0
7165 0
7166 0
7167 1
7168 0
7169 0
7170 0
7171 1
7172 1
7173 0
7174 1
7175 1
7176 1
7177 0
7178 1
7179 1
7180 1
7181 0
7182 0
7183 0
7184 0
7185 0
7186 0
7187 0
7188 1
7189 1
7190 1
7191 1
7192 1
7193 0
7194 1
7195 1
7196 1
7197 1
7198 1
7199 1
7200 0
7201 1
7202 0
7203 1
7204 0
7205 0
7206 0
7207 1
7208 1
7209 1
7210 0
7211 1
7212 0
7213 0
7214 0
7215 1
7216 1
7217 1
7218 1
7219 0
7220 1
7221 1
7222 1
7223 0
7224 0
7225 0
7226 1
7227 1
7228 0
7229 1
7230 1
7231 0
7232 0
7233 0
7234 1
7235 1
7236 0
7237 0
7238 0
7239 1
7240 0
7241 1
7242 0
7243 1
7244 1
7245 0
7246 0
7247 1
7248 1
7249 0
7250 0
7251 1
7252 0
7253 1
7254 0
7255 1
7256 1
7257 1
7258 0
7259 0
7260 1
7261 0
7262 0
7263 1
7264 0
7265 0
7266 1
7267 1
7268 0
7269 0
7270 0
7271 0
7272 0
7273 1
7274 1
7275 1
7276 1
7277 1
7278 0
7279 0
7280 1
7281 1
7282 1
7283 0
7284 1
7285 1
7286 0
7287 0
7288 1
7289 0
7290 0
7291 1
7292 1
7293 0
7294 1
7295 0
7296 1
7297 1
7298 0
7299 1
7300 1
7301 1
7302 1
7303 0
7304 1
7305 1
7306 1
7307 0
7308 0
7309 1
7310 1
7311 0
7312 0
7313 0
7314 0
7315 0
7316 0
7317 0
7318 1
7319 1
7320 0
7321 0
7322 0
7323 0
7324 1
7325 1
7326 0
7327 1
7328 1
7329 1
7330 1
7331 1
7332 1
7333 1
7334 0
7335 1
7336 0
7337 0
7338 0
7339 1
7340 0
7341 0
7342 1
7343 0
7344 1
7345 0
7346 0
7347 1
7348 1
7349 1
7350 1
7351 1
7352 1
7353 1
7354 1
7355 1
7356 0
7357 0
7358 0
7359 0
7360 1
7361 1
7362 1
7363 1
7364 1
7365 0
7366 1
7367 0
7368 1
7369 1
7370 1
7371 0
7372 1
7373 1
7374 0
7375 1
7376 0
7377 0
7378 1
7379 0
7380 1
7381 1
7382 1
7383 0
7384 0
7385 0
7386 1
7387 1
7388 0
7389 0
7390 1
7391 0
7392 1
7393 0
7394 0
7395 0
7396 1
7397 1
7398 0
7399 0
7400 0
7401 0
7402 1
7403 0
7404 1
7405 1
7406 0
7407 1
7408 1
7409 1
7410 0
7411 0
7412 1
7413 1
7414 0
7415 1
7416 0
7417 0
7418 0
7419 0
7420 1
7421 0
7422 0
7423 0
7424 0
7425 0
7426 1
7427 1
7428 1
7429 0
7430 0
7431 0
7432 1
7433 1
7434 0
7435 1
7436 0
7437 0
7438 1
7439 0
7440 0
7441 0
7442 0
7443 0
7444 1
7445 1
7446 0
7447 0
7448 0
7449 1
7450 0
7451 1
7452 1
7453 1
7454 0
7455 0
7456 1
7457 0
7458 0
7459 0
7460 1
7461 0
7462 0
7463 1
7464 0
7465 1
7466 1
7467 1
7468 0
7469 0
7470 1
7471 1
7472 0
7473 0
7474 1
7475 0
7476 0
7477 0
7478 0
7479 0
7480 0
7481 1
7482 1
7483 1
7484 0
7485 0
7486 0
7487 0
7488 1
7489 0
7490 0
7491 0
7492 1
7493 0
7494 0
7495 0
7496 0
7497 0
7498 0
7499 1
7500 0
7501 0
7502 0
7503 0
7504 1
7505 0
7506 0
7507 1
7508 1
7509 0
7510 1
7511 0
7512 1
7513 0
7514 0
7515 0
7516 1
7517 0
7518 1
7519 0
7520 1
7521 1
7522 1
7523 0
7524 1
7525 1
7526 1
7527 0
7528 0
7529 1
7530 0
7531 0
7532 0
7533 0
7534 0
7535 0
7536 0
7537 1
7538 1
7539 0
7540 1
7541 0
7542 0
7543 1
7544 0
7545 1
7546 1
7547 0
7548 0
7549 0
7550 1
7551 0
7552 0
7553 0
7554 1
7555 1
7556 1
7557 0
7558 0
7559 0
7560 1
7561 0
7562 1
7563 1
7564 1
7565 0
7566 1
7567 0
7568 0
7569 0
7570 0
7571 1
7572 0
7573 0
7574 1
7575 1
7576 1
7577 0
7578 0
7579 0
7580 0
7581 1
7582 0
7583 1
7584 1
7585 0
7586 0
7587 1
7588 1
7589 1
7590 1
7591 0
7592 1
7593 1
7594 1
7595 0
7596 1
7597 1
7598 0
7599 1
7600 1
7601 1
7602 1
7603 0
7604 0
7605 0
7606 1
7607 1
7608 0
7609 0
7610 0
7611 1
7612 1
7613 1
7614 1
7615 1
7616 0
7617 0
7618 1
7619 0
7620 0
7621 0
7622 0
7623 0
7624 1
7625 0
7626 1
7627 0
7628 1
7629 0
7630 1
7631 1
7632 1
7633 1
7634 0
7635 0
7636 0
7637 1
7638 1
7639 1
7640 1
7641 0
7642 0
7643 1
7644 0
7645 1
7646 1
7647 0
7648 1
7649 0
7650 0
7651 1
7652 1
7653 0
7654 0
7655 1
7656 0
7657 1
7658 1
7659 1
7660 0
7661 1
7662 1
7663 1
7664 1
7665 0
7666 1
7667 1
7668 1
7669 1
7670 1
7671 0
7672 0
7673 1
7674 1
7675 1
7676 1
7677 0
7678 1
7679 1
7680 0
7681 0
7682 1
7683 1
7684 1
7685 0
7686 1
7687 0
7688 0
7689 0
7690 1
7691 0
7692 1
7693 1
7694 0
7695 1
7696 1
7697 1
7698 1
7699 0
7700 0
7701 1
7702 1
7703 0
7704 0
7705 1
7706 1
7707 0
7708 0
7709 1
7710 1
7711 1
7712 1
7713 0
7714 1
7715 0
7716 1
7717 0
7718 1
7719 1
7720 0
7721 1
7722 1
7723 0
7724 0
7725 0
7726 0
7727 1
7728 1
7729 1
7730 0
7731 0
7732 0
7733 0
7734 0
7735 1
7736 1
7737 0
7738 0
7739 1
7740 0
7741 0
7742 1
7743 1
7744 0
7745 0
7746 1
7747 1
7748 1
7749 1
7750 1
7751 0
7752 0
7753 0
7754 0
7755 1
7756 0
7757 0
7758 1
7759 1
7760 1
7761 1
7762 1
7763 1
7764 0
7765 1
7766 0
7767 0
7768 0
7769 0
7770 0
7771 0
7772 1
7773 1
7774 0
7775 0
7776 0
7777 1
7778 1
7779 1
7780 0
7781 0
7782 1
7783 1
7784 0
7785 1
7786 0
7787 1
7788 1
7789 1
7790 0
7791 0
7792 1
7793 1
7794 0
7795 0
7796 1
7797 1
7798 1
7799 1
7800 0
7801 0
7802 0
7803 0
7804 1
7805 1
7806 1
7807 1
7808 1
7809 1
7810 0
7811 1
7812 0
7813 0
7814 0
7815 1
7816 0
7817 1
7818 0
7819 0
7820 0
7821 1
7822 1
7823 1
7824 1
7825 1
7826 1
7827 0
7828 0
7829 1
7830 1
7831 1
7832 0
7833 0
7834 1
7835 0
7836 1
7837 0
7838 0
7839 0
7840 1
7841 0
7842 1
7843 0
7844 0
7845 1
7846 0
7847 1
7848 0
7849 1
7850 0
7851 0
7852 1
7853 0
7854 0
7855 0
7856 0
7857 0
7858 0
7859 1
7860 0
7861 1
7862 1
7863 1
7864 1
7865 0
7866 1
7867 0
7868 1
7869 1
7870 0
7871 0
7872 0
7873 1
7874 0
7875 1
7876 0
7877 0
7878 0
7879 0
7880 0
7881 0
7882 0
7883 1
7884 1
7885 1
7886 0
7887 0
7888 1
7889 0
7890 1
7891 1
7892 0
7893 1
7894 1
7895 0
7896 1
7897 1
7898 0
7899 0
7900 0
7901 0
7902 0
7903 1
7904 1
7905 0
7906 1
7907 0
7908 0
7909 0
7910 1
7911 1
7912 1
7913 1
7914 1
7915 0
7916 1
7917 0
7918 0
7919 0
7920 0
7921 1
7922 0
7923 1
7924 0
7925 1
7926 1
7927 0
7928 1
7929 0
7930 1
7931 0
7932 0
7933 0
7934 1
7935 1
7936 0
7937 0
7938 1
7939 0
7940 1
7941 1
7942 1
7943 1
7944 0
7945 0
7946 1
7947 0
7948 0
7949 1
7950 0
7951 1
7952 1
7953 0
7954 1
7955 1
7956 0
7957 0
7958 0
7959 1
7960 1
7961 1
7962 1
7963 1
7964 1
7965 1
7966 0
7967 1
7968 0
7969 1
7970 1
7971 0
7972 0
7973 1
7974 1
7975 1
7976 1
7977 1
7978 0
7979 1
7980 0
7981 0
7982 1
7983 1
7984 0
7985 0
7986 1
7987 1
7988 0
7989 0
7990 0
7991 0
7992 0
7993 1
7994 0
7995 1
7996 0
7997 1
7998 1
7999 0
8000 0
8001 0
8002 1
8003 1
8004 0
8005 0
8006 1
8007 1
8008 1
8009 1
8010 1
8011 1
8012 1
8013 1
8014 0
8015 1
8016 0
8017 1
8018 0
8019 1
8020 0
8021 0
8022 0
8023 1
8024 1
8025 1
8026 1
8027 0
8028 0
8029 1
8030 1
8031 0
8032 0
8033 0
8034 1
8035 1
8036 0
8037 1
8038 1
8039 0
8040 1
8041 1
8042 0
8043 0
8044 1
8045 0
8046 0
8047 1
8048 0
8049 1
8050 1
8051 1
8052 1
8053 0
8054 1
8055 0
8056 0
8057 0
8058 1
8059 0
8060 1
8061 1
8062 0
8063 0
8064 1
8065 0
8066 1
8067 1
8068 0
8069 1
8070 0
8071 0
8072 1
8073 0
8074 1
8075 1
8076 1
8077 1
8078 1
8079 1
8080 1
8081 0
8082 0
8083 0
8084 0
8085 1
8086 1
8087 0
8088 0
8089 1
8090 0
8091 0
8092 0
8093 0
8094 1
8095 0
8096 1
8097 0
8098 0
8099 0
8100 0
8101 1
8102 1
8103 0
8104 0
8105 1
8106 0
8107 0
8108 1
8109 1
8110 1
8111 1
8112 0
8113 0
8114 1
8115 0
8116 1
8117 0
8118 0
8119 0
8120 1
8121 0
8122 0
8123 1
8124 1
8125 1
8126 0
8127 0
8128 0
8129 0
8130 0
8131 0
8132 0
8133 0
8134 0
8135 1
8136 0
8137 0
8138 0
8139 1
8140 1
8141 0
8142 0
8143 1
8144 0
8145 0
8146 0
8147 1
8148 1
8149 0
8150 0
8151 1
8152 0
8153 1
8154 1
8155 0
8156 1
8157 0
8158 1
8159 0
8160 1
8161 1
8162 1
8163 0
8164 0
8165 0
8166 1
8167 1
8168 1
8169 0
8170 1
8171 0
8172 0
8173 0
8174 1
8175 0
8176 1
8177 0
8178 0
8179 1
8180 0
8181 0
8182 1
8183 0
8184 1
8185 0
8186 0
8187 1
8188 0
8189 0
8190 1
8191 0
8192 0
8193 1
8194 1
8195 1
8196 0
8197 1
8198 0
8199 1
8200 1
8201 1
8202 0
8203 0
8204 0
8205 1
8206 0
8207 1
8208 1
8209 0
8210 1
8211 1
8212 1
8213 1
8214 1
8215 1
8216 1
8217 1
8218 1
8219 1
8220 1
8221 1
8222 1
8223 0
8224 0
8225 1
8226 1
8227 0
8228 0
8229 1
8230 1
8231 0
8232 1
8233 0
8234 1
8235 1
8236 1
8237 0
8238 1
8239 1
8240 1
8241 0
8242 0
8243 0
8244 0
8245 1
8246 0
8247 1
8248 0
8249 1
8250 1
8251 0
8252 1
8253 1
8254 1
8255 0
8256 1
8257 0
8258 1
8259 1
8260 0
8261 1
8262 1
8263 1
8264 0
8265 1
8266 1
8267 1
8268 1
8269 0
8270 0
8271 0
8272 1
8273 1
8274 0
8275 1
8276 0
8277 0
8278 1
8279 1
8280 1
8281 1
8282 0
8283 0
8284 1
8285 0
8286 0
8287 0
8288 0
8289 0
8290 1
8291 1
8292 1
8293 0
8294 0
8295 1
8296 1
8297 0
8298 0
8299 0
8300 1
8301 0
8302 0
8303 0
8304 1
8305 0
8306 1
8307 1
8308 1
8309 1
8310 1
8311 0
8312 0
8313 1
8314 0
8315 1
8316 0
8317 1
8318 1
8319 0
8320 0
8321 0
8322 0
8323 0
8324 1
8325 1
8326 1
8327 0
8328 0
8329 1
8330 0
8331 1
8332 0
8333 1
8334 1
8335 1
8336 0
8337 0
8338 0
8339 0
8340 1
8341 1
8342 0
8343 0
8344 0
8345 0
8346 0
8347 0
8348 0
8349 0
8350 0
8351 0
8352 0
8353 0
8354 0
8355 1
8356 0
8357 1
8358 1
8359 0
8360 1
8361 1
8362 1
8363 0
8364 1
8365 0
8366 0
8367 1
8368 1
8369 1
8370 0
8371 1
8372 0
8373 0
8374 0
8375 0
8376 0
8377 1
8378 0
8379 1
8380 1
8381 0
8382 1
8383 0
8384 0
8385 0
8386 1
8387 1
8388 0
8389 0
8390 0
8391 1
8392 1
8393 0
8394 0
8395 0
8396 0
8397 0
8398 1
8399 1
8400 0
8401 0
8402 0
8403 0
8404 0
8405 1
8406 0
8407 0
8408 1
8409 1
8410 1
8411 0
8412 1
8413 0
8414 0
8415 1
8416 1
8417 1
8418 0
8419 0
8420 0
8421 1
8422 0
8423 1
8424 0
8425 0
8426 1
8427 1
8428 1
8429 0
8430 1
8431 1
8432 1
8433 0
8434 0
8435 0
8436 1
8437 1
8438 0
8439 0
8440 1
8441 1
8442 0
8443 0
8444 1
8445 1
8446 1
8447 0
8448 1
8449 0
8450 1
8451 0
8452 1
8453 1
8454 0
8455 1
8456 1
8457 1
8458 0
8459 0
8460 0
8461 0
8462 1
8463 0
8464 0
8465 0
8466 1
8467 1
8468 0
8469 1
8470 1
8471 0
8472 1
8473 1
8474 0
8475 1
8476 0
8477 0
8478 1
8479 0
8480 0
8481 1
8482 0
8483 1
8484 1
8485 0
8486 0
8487 0
8488 0
8489 1
8490 0
8491 1
8492 1
8493 0
8494 1
8495 0
8496 1
8497 0
8498 0
8499 0
8500 1
8501 0
8502 1
8503 1
8504 1
8505 1
8506 0
8507 1
8508 1
8509 0
8510 0
8511 1
8512 0
8513 1
8514 1
8515 1
8516 1
8517 0
8518 0
8519 0
8520 0
8521 1
8522 1
8523 1
8524 0
8525 1
8526 1
8527 1
8528 1
8529 0
8530 0
8531 1
8532 1
8533 0
8534 0
8535 0
8536 1
8537 0
8538 0
8539 1
8540 0
8541 1
8542 1
8543 1
8544 0
8545 1
8546 0
8547 0
8548 1
8549 0
8550 0
8551 0
8552 0
8553 0
8554 1
8555 0
8556 0
8557 0
8558 0
8559 1
8560 1
8561 0
8562 0
8563 0
8564 1
8565 0
8566 0
8567 0
8568 0
8569 0
8570 1
8571 0
8572 0
8573 0
8574 1
8575 1
8576 0
8577 1
8578 0
8579 1
8580 0
8581 0
8582 1
8583 1
8584 0
8585 1
8586 1
8587 1
8588 0
8589 0
8590 1
8591 1
8592 0
8593 1
8594 1
8595 0
8596 0
8597 1
8598 1
8599 1
8600 1
8601 1
8602 0
8603 1
8604 1
8605 0
8606 1
8607 0
8608 0
8609 1
8610 0
8611 1
8612 0
8613 0
8614 0
8615 0
8616 0
8617 0
8618 0
8619 1
8620 0
8621 1
8622 0
8623 1
8624 0
8625 0
8626 1
8627 1
8628 1
8629 0
8630 0
8631 1
8632 0
8633 1
8634 0
8635 0
8636 1
8637 0
8638 1
8639 1
8640 0
8641 1
8642 0
8643 1
8644 1
8645 0
8646 1
8647 0
8648 1
8649 0
8650 0
8651 0
8652 0
8653 1
8654 0
8655 1
8656 0
8657 0
8658 0
8659 0
8660 0
8661 1
8662 0
8663 1
8664 0
8665 0
8666 0
8667 0
8668 0
8669 0
8670 0
8671 0
8672 1
8673 0
8674 0
8675 1
8676 0
8677 1
8678 0
8679 0
8680 0
8681 1
8682 0
8683 1
8684 0
8685 1
8686 1
8687 0
8688 1
8689 0
8690 1
8691 1
8692 0
8693 0
8694 0
8695 1
8696 1
8697 0
8698 0
8699 0
8700 1
8701 1
8702 1
8703 0
8704 0
8705 0
8706 1
8707 0
8708 1
8709 0
8710 1
8711 0
8712 0
8713 1
8714 0
8715 0
8716 0
8717 1
8718 0
8719 1
8720 0
8721 0
8722 1
8723 0
8724 1
8725 1
8726 0
8727 0
8728 1
8729 0
8730 0
8731 1
8732 1
8733 0
8734 1
8735 1
8736 0
8737 1
8738 0
8739 1
8740 0
8741 0
8742 0
8743 1
8744 1
8745 1
8746 0
8747 0
8748 0
8749 1
8750 0
8751 0
8752 0
8753 1
8754 0
8755 1
8756 1
8757 0
8758 1
8759 1
8760 1
8761 0
8762 0
8763 0
8764 1
8765 0
8766 1
8767 0
8768 0
8769 0
8770 1
8771 1
8772 1
8773 0
8774 0
8775 1
8776 0
8777 1
8778 0
8779 0
8780 0
8781 0
8782 0
8783 0
8784 1
8785 0
8786 1
8787 1
8788 1
8789 0
8790 1
8791 1
8792 0
8793 1
8794 1
8795 1
8796 1
8797 1
8798 1
8799 0
8800 0
8801 0
8802 1
8803 0
8804 0
8805 0
8806 1
8807 0
8808 0
8809 0
8810 1
8811 0
8812 0
8813 0
8814 0
8815 0
8816 1
8817 1
8818 1
8819 0
8820 1
8821 0
8822 0
8823 1
8824 0
8825 1
8826 0
8827 1
8828 1
8829 0
8830 0
8831 1
8832 1
8833 0
8834 1
8835 1
8836 1
8837 1
8838 1
8839 1
8840 1
8841 0
8842 0
8843 0
8844 1
8845 0
8846 0
8847 1
8848 1
8849 0
8850 1
8851 1
8852 0
8853 1
8854 1
8855 0
8856 0
8857 1
8858 1
8859 1
8860 0
8861 0
8862 1
8863 0
8864 1
8865 0
8866 1
8867 0
8868 1
8869 1
8870 0
8871 1
8872 0
8873 1
8874 0
8875 0
8876 1
8877 0
8878 0
8879 0
8880 0
8881 0
8882 1
8883 1
8884 1
8885 1
8886 0
8887 0
8888 1
8889 0
8890 1
8891 1
8892 1
8893 1
8894 0
8895 1
8896 0
8897 0
8898 1
8899 0
8900 1
8901 1
8902 0
8903 1
8904 1
8905 1
8906 1
8907 1
8908 0
8909 1
8910 1
8911 0
8912 0
8913 1
8914 0
8915 1
8916 0
8917 1
8918 1
8919 0
8920 0
8921 0
8922 1
8923 1
8924 1
8925 1
8926 1
8927 1
8928 0
8929 1
8930 0
8931 1
8932 0
8933 0
8934 1
8935 0
8936 0
8937 1
8938 1
8939 1
8940 0
8941 0
8942 0
8943 1
8944 0
8945 0
8946 0
8947 0
8948 1
8949 0
8950 1
8951 1
8952 0
8953 1
8954 1
8955 1
8956 1
8957 0
8958 1
8959 1
8960 0
8961 1
8962 1
8963 1
8964 1
8965 1
8966 0
8967 0
8968 1
8969 0
8970 1
8971 0
8972 0
8973 1
8974 0
8975 0
8976 1
8977 0
8978 1
8979 1
8980 1
8981 1
8982 0
8983 0
8984 0
8985 1
8986 0
8987 0
8988 1
8989 0
8990 1
8991 1
8992 0
8993 1
8994 0
8995 1
8996 0
8997 0
8998 1
8999 1
9000 0
9001 0
9002 1
9003 1
9004 1
9005 1
9006 1
9007 1
9008 1
9009 0
9010 1
9011 0
9012 1
9013 0
9014 1
9015 1
9016 1
9017 1
9018 0
9019 0
9020 0
9021 0
9022 1
9023 0
9024 1
9025 0
9026 1
9027 0
9028 0
9029 0
9030 0
9031 0
9032 1
9033 1
9034 0
9035 1
9036 1
9037 0
9038 1
9039 0
9040 1
9041 0
9042 1
9043 0
9044 1
9045 0
9046 1
9047 1
9048 1
9049 1
9050 1
9051 0
9052 1
9053 1
9054 1
9055 1
9056 0
9057 1
9058 1
9059 1
9060 1
9061 0
9062 1
9063 1
9064 0
9065 1
9066 0
9067 0
9068 0
9069 1
9070 1
9071 0
9072 0
9073 1
9074 1
9075 1
9076 0
9077 1
9078 0
9079 0
9080 0
9081 0
9082 0
9083 0
9084 0
9085 0
9086 0
9087 0
9088 0
9089 1
9090 1
9091 0
9092 0
9093 0
9094 0
9095 0
9096 1
9097 1
9098 0
9099 1
9100 0
9101 1
9102 1
9103 1
9104 0
9105 1
9106 0
9107 1
9108 0
9109 0
9110 1
9111 1
9112 1
9113 0
9114 0
9115 0
9116 1
9117 1
9118 0
9119 1
9120 0
9121 1
9122 0
9123 0
9124 0
9125 1
9126 0
9127 0
9128 1
9129 0
9130 0
9131 0
9132 1
9133 1
9134 1
9135 1
9136 1
9137 1
9138 1
9139 0
9140 1
9141 1
9142 1
9143 0
9144 1
9145 1
9146 1
9147 0
9148 1
9149 1
9150 1
9151 0
9152 0
9153 0
9154 1
9155 0
9156 1
9157 1
9158 1
9159 0
9160 0
9161 1
9162 1
9163 1
9164 1
9165 1
9166 1
9167 1
9168 1
9169 0
9170 0
9171 0
9172 0
9173 1
9174 0
9175 1
9176 1
9177 1
9178 1
9179 0
9180 1
9181 0
9182 0
9183 0
9184 0
9185 0
9186 0
9187 1
9188 0
9189 0
9190 0
9191 0
9192 0
9193 0
9194 0
9195 1
9196 0
9197 0
9198 0
9199 0
9200 0
9201 1
9202 0
9203 0
9204 0
9205 0
9206 0
9207 1
9208 1
9209 1
9210 1
9211 1
9212 0
9213 0
9214 0
9215 1
9216 1
9217 0
9218 0
9219 1
9220 0
9221 1
9222 1
9223 1
9224 0
9225 1
9226 0
9227 0
9228 0
9229 0
9230 0
9231 0
9232 1
9233 1
9234 1
9235 1
9236 0
9237 0
9238 0
9239 0
9240 1
9241 1
9242 0
9243 1
9244 1
9245 0
9246 1
9247 0
9248 0
9249 0
9250 0
9251 0
9252 0
9253 1
9254 1
9255 0
9256 1
9257 0
9258 0
9259 1
9260 1
9261 0
9262 0
9263 0
9264 1
9265 1
9266 1
9267 1
9268 1
9269 0
9270 1
9271 1
9272 1
9273 1
9274 0
9275 0
9276 0
9277 0
9278 1
9279 0
9280 0
9281 0
9282 1
9283 0
9284 1
9285 0
9286 1
9287 0
9288 0
9289 1
9290 1
9291 0
9292 0
9293 0
9294 1
9295 0
9296 1
9297 0
9298 1
9299 1
9300 1
9301 1
9302 1
9303 1
9304 1
9305 1
9306 1
9307 0
9308 0
9309 0
9310 1
9311 1
9312 0
9313 0
9314 0
9315 1
9316 0
9317 1
9318 1
9319 1
9320 1
9321 1
9322 0
9323 0
9324 0
9325 0
9326 0
9327 1
9328 1
9329 1
9330 1
9331 0
9332 0
9333 0
9334 1
9335 0
9336 1
9337 1
9338 0
9339 1
9340 0
9341 0
9342 0
9343 1
9344 0
9345 0
9346 0
9347 1
9348 0
9349 1
9350 1
9351 1
9352 0
9353 0
9354 1
9355 0
9356 1
9357 1
9358 0
9359 0
9360 0
9361 0
9362 0
9363 0
9364 1
9365 1
9366 1
9367 0
9368 0
9369 0
9370 1
9371 1
9372 1
9373 0
9374 1
9375 1
9376 1
9377 0
9378 0
9379 0
9380 0
9381 0
9382 1
9383 0
9384 0
9385 1
9386 1
9387 1
9388 1
9389 0
9390 1
9391 1
9392 1
9393 1
9394 1
9395 1
9396 0
9397 1
9398 1
9399 1
9400 1
9401 1
9402 1
9403 0
9404 0
9405 0
9406 0
9407 1
9408 1
9409 1
9410 0
9411 0
9412 0
9413 0
9414 1
9415 0
9416 1
9417 1
9418 1
9419 0
9420 0
9421 0
9422 0
9423 0
9424 1
9425 1
9426 0
9427 0
9428 0
9429 0
9430 1
9431 1
9432 1
9433 0
9434 0
9435 0
9436 1
9437 0
9438 1
9439 1
9440 0
9441 0
9442 0
9443 0
9444 0
9445 1
9446 1
9447 1
9448 1
9449 1
9450 1
9451 1
9452 1
9453 1
9454 0
9455 0
9456 1
9457 0
9458 0
9459 1
9460 1
9461 1
9462 1
9463 0
9464 1
9465 0
9466 1
9467 1
9468 1
9469 0
9470 1
9471 1
9472 1
9473 1
9474 0
9475 1
9476 0
9477 1
9478 0
9479 0
9480 1
9481 1
9482 1
9483 1
9484 0
9485 1
9486 1
9487 1
9488 0
9489 1
9490 0
9491 1
9492 1
9493 1
9494 0
9495 1
9496 1
9497 0
9498 0
9499 0
9500 1
9501 1
9502 0
9503 1
9504 1
9505 1
9506 1
9507 0
9508 0
9509 0
9510 1
9511 1
9512 1
9513 1
9514 1
9515 1
9516 1
9517 0
9518 0
9519 0
9520 0
9521 0
9522 0
9523 1
9524 0
9525 0
9526 0
9527 1
9528 0
9529 0
9530 0
9531 0
9532 1
9533 0
9534 0
9535 0
9536 1
9537 1
9538 0
9539 0
9540 0
9541 1
9542 1
9543 0
9544 1
9545 0
9546 1
9547 1
9548 1
9549 1
9550 0
9551 1
9552 0
9553 0
9554 0
9555 1
9556 1
9557 1
9558 1
9559 0
9560 0
9561 1
9562 0
9563 1
9564 0
9565 1
9566 1
9567 0
9568 1
9569 0
9570 1
9571 0
9572 1
9573 1
9574 0
9575 0
9576 1
9577 0
9578 1
9579 1
9580 0
9581 0
9582 1
9583 1
9584 1
9585 0
9586 0
9587 1
9588 1
9589 1
9590 0
9591 0
9592 1
9593 1
9594 1
9595 1
9596 0
9597 0
9598 1
9599 0
9600 0
9601 1
9602 0
9603 1
9604 0
9605 1
9606 1
9607 1
9608 0
9609 1
9610 1
9611 1
9612 1
9613 1
9614 1
9615 0
9616 1
9617 0
9618 0
9619 1
9620 0
9621 0
9622 0
9623 1
9624 0
9625 1
9626 1
9627 1
9628 1
9629 1
9630 1
9631 0
9632 0
9633 0
9634 1
9635 1
9636 1
9637 0
9638 0
9639 0
9640 1
9641 1
9642 0
9643 1
9644 1
9645 0
9646 1
9647 1
9648 1
9649 0
9650 1
9651 1
9652 0
9653 1
9654 1
9655 1
9656 0
9657 0
9658 0
9659 0
9660 0
9661 1
9662 1
9663 1
9664 0
9665 1
9666 0
9667 1
9668 1
9669 1
9670 1
9671 1
9672 1
9673 1
9674 1
9675 0
9676 0
9677 1
9678 0
9679 1
9680 1
9681 1
9682 1
9683 1
9684 0
9685 0
9686 1
9687 0
9688 0
9689 1
9690 0
9691 0
9692 1
9693 1
9694 1
9695 1
9696 1
9697 0
9698 1
9699 1
9700 0
9701 0
9702 1
9703 1
9704 1
9705 0
9706 0
9707 0
9708 1
9709 0
9710 0
9711 1
9712 0
9713 0
9714 0
9715 0
9716 1
9717 1
9718 1
9719 0
9720 0
9721 0
9722 0
9723 0
9724 0
9725 0
9726 1
9727 1
9728 0
9729 0
9730 1
9731 0
9732 0
9733 1
9734 0
9735 1
9736 1
9737 1
9738 0
9739 1
9740 1
9741 0
9742 0
9743 1
9744 1
9745 0
9746 0
9747 0
9748 0
9749 1
9750 0
9751 0
9752 0
9753 1
9754 0
9755 0
9756 1
9757 0
9758 1
9759 1
9760 0
9761 0
9762 1
9763 0
9764 1
9765 1
9766 1
9767 0
9768 1
9769 1
9770 0
9771 1
9772 0
9773 0
9774 0
9775 1
9776 0
9777 1
9778 1
9779 1
9780 0
9781 1
9782 0
9783 0
9784 1
9785 1
9786 1
9787 1
9788 0
9789 0
9790 0
9791 1
9792 1
9793 1
9794 1
9795 0
9796 1
9797 1
9798 1
9799 0
9800 1
9801 1
9802 1
9803 1
9804 1
9805 1
9806 1
9807 1
9808 0
9809 0
9810 0
9811 1
9812 0
9813 1
9814 1
9815 0
9816 0
9817 1
9818 1
9819 0
9820 0
9821 0
9822 1
9823 1
9824 0
9825 1
9826 0
9827 0
9828 1
9829 0
9830 1
9831 1
9832 1
9833 0
9834 1
9835 1
9836 1
9837 1
9838 1
9839 0
9840 0
9841 0
9842 0
9843 0
9844 0
9845 0
9846 0
9847 0
9848 0
9849 1
9850 1
9851 1
9852 0
9853 1
9854 0
9855 0
9856 0
9857 0
9858 0
9859 1
9860 1
9861 1
9862 1
9863 0
9864 1
9865 0
9866 1
9867 1
9868 0
9869 1
9870 1
9871 1
9872 1
9873 0
9874 0
9875 1
9876 0
9877 1
9878 0
9879 0
9880 1
9881 1
9882 0
9883 1
9884 1
9885 0
9886 1
9887 1
9888 1
9889 1
9890 1
9891 0
9892 1
9893 0
9894 1
9895 1
9896 1
9897 0
9898 0
9899 0
9900 0
9901 1
9902 0
9903 1
9904 1
9905 0
9906 1
9907 1
9908 0
9909 0
9910 0
9911 1
9912 0
9913 1
9914 1
9915 1
9916 0
9917 0
9918 0
9919 0
9920 1
9921 0
9922 0
9923 1
9924 1
9925 1
9926 0
9927 0
9928 1
9929 0
9930 1
9931 1
9932 0
9933 1
9934 0
9935 0
9936 0
9937 0
9938 0
9939 0
9940 0
9941 0
9942 1
9943 1
9944 1
9945 0
9946 0
9947 1
9948 1
9949 0
9950 1
9951 0
9952 0
9953 0
9954 1
9955 1
9956 1
9957 1
9958 0
9959 1
9960 0
9961 1
9962 1
9963 1
9964 1
9965 1
9966 0
9967 1
9968 0
9969 1
9970 1
9971 0
9972 0
9973 1
9974 0
9975 0
9976 0
9977 1
9978 1
9979 1
9980 0
9981 1
9982 0
9983 1
9984 0
9985 1
9986 0
9987 1
9988 0
9989 0
9990 1
9991 0
9992 1
9993 0
9994 0
9995 1
9996 1
9997 0
9998 1
9999 0
10000 0
10001 1
10002 0
10003 0
10004 0
10005 0
10006 1
10007 1
10008 0
10009 1
10010 0
10011 1
10012 0
10013 0
10014 0
10015 0
10016 1
10017 1
10018 0
10019 1
10020 0
10021 0
10022 0
10023 0
10024 1
10025 1
10026 0
10027 1
10028 0
10029 1
10030 1
10031 0
10032 0
10033 1
10034 1
10035 1
10036 1
10037 0
10038 1
10039 0
10040 1
10041 1
10042 0
10043 0
10044 0
10045 0
10046 0
10047 1
10048 1
10049 0
10050 1
10051 1
10052 0
10053 0
10054 0
10055 1
10056 1
10057 1
10058 1
10059 0
10060 0
10061 1
10062 0
10063 0
10064 0
10065 1
10066 1
10067 0
10068 1
10069 0
10070 0
10071 1
10072 1
10073 0
10074 1
10075 0
10076 0
10077 1
10078 1
10079 0
10080 0
10081 1
10082 0
10083 0
10084 0
10085 0
10086 0
10087 1
10088 1
10089 0
10090 0
10091 1
10092 1
10093 0
10094 1
10095 1
10096 1
10097 1
10098 0
10099 1
10100 1
10101 1
10102 0
10103 1
10104 0
10105 0
10106 1
10107 0
10108 0
10109 1
10110 0
10111 1
10112 0
10113 0
10114 0
10115 1
10116 1
10117 1
10118 1
10119 1
10120 0
10121 1
10122 1
10123 0
10124 0
10125 0
10126 0
10127 1
10128 1
10129 0
10130 0
10131 0
10132 0
10133 1
10134 1
10135 0
10136 0
10137 1
10138 0
10139 1
10140 0
10141 1
10142 1
10143 1
10144 1
10145 1
10146 1
10147 0
10148 1
10149 1
10150 1
10151 0
10152 1
10153 0
10154 1
10155 0
10156 1
10157 0
10158 1
10159 1
10160 0
10161 0
10162 1
10163 1
10164 0
10165 0
10166 0
10167 0
10168 0
10169 1
10170 1
10171 1
10172 0
10173 0
10174 0
10175 1
10176 0
10177 0
10178 1
10179 1
10180 0
10181 0
10182 1
10183 0
10184 0
10185 1
10186 1
10187 1
10188 0
10189 0
10190 1
10191 1
10192 1
10193 0
10194 1
10195 0
10196 0
10197 1
10198 1
10199 1
10200 1
10201 1
10202 0
10203 1
10204 1
10205 1
10206 1
10207 1
10208 0
10209 1
10210 0
10211 1
10212 0
10213 1
10214 0
10215 0
10216 1
10217 0
10218 0
10219 1
10220 0
10221 0
10222 0
10223 1
10224 1
10225 0
10226 0
10227 0
10228 1
10229 0
10230 1
10231 0
10232 0
10233 1
10234 0
10235 0
10236 0
10237 0
10238 0
10239 0
10240 0
10241 0
10242 0
10243 0
10244 1
10245 0
10246 0
10247 1
10248 1
10249 1
10250 0
10251 1
10252 1
10253 0
10254 1
10255 0
10256 1
10257 1
10258 0
10259 0
10260 0
10261 0
10262 0
10263 0
10264 0
10265 1
10266 1
10267 0
10268 1
10269 0
10270 1
10271 0
10272 0
10273 1
10274 0
10275 0
10276 1
10277 0
10278 1
10279 0
10280 1
10281 1
10282 0
10283 0
10284 0
10285 0
10286 1
10287 0
10288 0
10289 1
10290 0
10291 1
10292 1
10293 1
10294 0
10295 0
10296 0
10297 1
10298 0
10299 0
10300 0
10301 1
10302 1
10303 0
10304 0
10305 0
10306 0
10307 0
10308 1
10309 1
10310 1
10311 1
10312 0
10313 1
10314 1
10315 0
10316 0
10317 0
10318 0
10319 0
10320 1
10321 0
10322 1
10323 1
10324 0
10325 0
10326 1
10327 0
10328 1
10329 0
10330 0
10331 1
10332 0
10333 1
10334 0
10335 0
10336 1
10337 0
10338 0
10339 1
10340 1
10341 0
10342 1
10343 0
10344 1
10345 1
10346 1
10347 0
10348 0
10349 1
10350 0
10351 0
10352 1
10353 1
10354 1
10355 0
10356 1
10357 1
10358 1
10359 1
10360 1
10361 1
10362 1
10363 0
10364 0
10365 1
10366 0
10367 1
10368 0
10369 1
10370 1
10371 1
10372 1
10373 0
10374 1
10375 0
10376 1
10377 1
10378 0
10379 1
10380 0
10381 0
10382 0
10383 0
10384 0
10385 1
10386 1
10387 1
10388 0
10389 0
10390 0
10391 0
10392 1
10393 1
10394 0
10395 0
10396 1
10397 1
10398 0
10399 1
10400 0
10401 0
10402 0
10403 0
10404 1
10405 1
10406 0
10407 0
10408 0
10409 1
10410 0
10411 1
10412 1
10413 0
10414 0
10415 1
10416 0
10417 0
10418 1
10419 0
10420 0
10421 1
10422 0
10423 1
10424 0
10425 0
10426 1
10427 1
10428 1
10429 0
10430 0
10431 1
10432 1
10433 0
10434 0
10435 0
10436 1
10437 1
10438 0
10439 0
10440 1
10441 1
10442 1
10443 0
10444 0
10445 1
10446 1
10447 0
10448 1
10449 0
10450 1
10451 0
10452 0
10453 0
10454 1
10455 1
10456 0
10457 1
10458 1
10459 1
10460 1
10461 0
10462 1
10463 1
10464 0
10465 0
10466 1
10467 1
10468 1
10469 1
10470 0
10471 1
10472 1
10473 0
10474 0
10475 0
10476 1
10477 1
10478 0
10479 0
10480 0
10481 0
10482 0
10483 0
10484 0
10485 1
10486 1
10487 1
10488 1
10489 0
10490 1
10491 0
10492 0
10493 1
10494 1
10495 1
10496 1
10497 1
10498 1
10499 1
10500 1
10501 0
10502 1
10503 1
10504 1
10505 1
10506 0
10507 0
10508 1
10509 1
10510 1
10511 1
10512 1
10513 0
10514 1
10515 0
10516 0
10517 0
10518 0
10519 0
10520 0
10521 0
10522 1
10523 1
10524 1
10525 1
10526 1
10527 1
10528 0
10529 0
10530 0
10531 0
10532 0
10533 1
10534 1
10535 0
10536 1
10537 0
10538 0
10539 1
10540 0
10541 0
10542 0
10543 1
10544 0
10545 0
10546 0
10547 0
10548 1
10549 1
10550 1
10551 1
10552 1
10553 0
10554 0
10555 1
10556 1
10557 0
10558 0
10559 1
10560 0
10561 0
10562 0
10563 1
10564 0
10565 1
10566 0
10567 1
10568 1
10569 1
10570 0
10571 0
10572 0
10573 1
10574 0
10575 0
10576 1
10577 1
10578 1
10579 0
10580 1
10581 0
10582 0
10583 0
10584 0
10585 1
10586 1
10587 1
10588 1
10589 0
10590 1
10591 1
10592 1
10593 0
10594 0
10595 1
10596 1
10597 1
10598 0
10599 0
10600 1
10601 0
10602 1
10603 1
10604 1
10605 0
10606 1
10607 1
10608 1
10609 0
10610 1
10611 1
10612 1
10613 1
10614 0
10615 1
10616 1
10617 0
10618 0
10619 0
10620 0
10621 1
10622 0
10623 1
10624 1
10625 1
10626 0
10627 1
10628 0
10629 1
10630 0
10631 0
10632 0
10633 1
10634 1
10635 1
10636 1
10637 0
10638 1
10639 1
10640 0
10641 0
10642 1
10643 1
10644 0
10645 0
10646 1
10647 1
10648 1
10649 1
10650 1
10651 0
10652 1
10653 0
10654 1
10655 0
10656 1
10657 1
10658 0
10659 1
10660 0
10661 0
10662 1
10663 1
10664 0
10665 0
10666 0
10667 0
10668 0
10669 0
10670 0
10671 1
10672 0
10673 0
10674 0
10675 0
10676 1
10677 0
10678 1
10679 0
10680 0
10681 0
10682 1
10683 1
10684 1
10685 1
10686 0
10687 0
10688 0
10689 1
10690 0
10691 0
10692 1
10693 1
10694 1
10695 1
10696 1
10697 0
10698 0
10699 1
10700 0
10701 1
10702 0
10703 1
10704 0
10705 1
10706 0
10707 1
10708 1
10709 0
10710 0
10711 0
10712 0
10713 1
10714 1
10715 1
10716 0
10717 0
10718 1
10719 0
10720 1
10721 1
10722 1
10723 1
10724 1
10725 1
10726 1
10727 1
10728 0
10729 1
10730 0
10731 1
10732 1
10733 0
10734 1
10735 1
10736 0
10737 0
10738 0
10739 0
10740 0
10741 1
10742 0
10743 0
10744 1
10745 1
10746 0
10747 1
10748 0
10749 1
10750 1
10751 0
10752 0
10753 1
10754 0
10755 1
10756 1
10757 1
10758 1
10759 1
10760 1
10761 0
10762 1
10763 0
10764 1
10765 0
10766 1
10767 0
10768 1
10769 0
10770 1
10771 0
10772 0
10773 0
10774 1
10775 1
10776 1
10777 0
10778 1
10779 1
10780 0
10781 0
10782 1
10783 0
10784 0
10785 0
10786 0
10787 0
10788 1
10789 0
10790 1
10791 1
10792 1
10793 0
10794 0
10795 0
10796 1
10797 1
10798 0
10799 1
10800 1
10801 1
10802 1
10803 1
10804 0
10805 1
10806 1
10807 1
10808 1
10809 1
10810 1
10811 1
10812 0
10813 1
10814 0
10815 1
10816 1
10817 1
10818 1
10819 1
10820 1
10821 0
10822 1
10823 0
10824 0
10825 0
10826 0
10827 1
10828 0
10829 0
10830 1
10831 0
10832 0
10833 1
10834 0
10835 0
10836 1
10837 0
10838 0
10839 1
10840 1
10841 0
10842 0
10843 1
10844 0
10845 1
10846 0
10847 1
10848 1
10849 0
10850 1
10851 1
10852 0
10853 0
10854 0
10855 1
10856 1
10857 0
10858 0
10859 1
10860 1
10861 0
10862 1
10863 0
10864 1
10865 0
10866 1
10867 0
10868 1
10869 1
10870 0
10871 1
10872 0
10873 0
10874 0
10875 1
10876 0
10877 1
10878 0
10879 0
10880 0
10881 0
10882 1
10883 1
10884 0
10885 1
10886 1
10887 1
10888 0
10889 0
10890 1
10891 1
10892 1
10893 0
10894 1
10895 0
10896 1
10897 1
10898 0
10899 1
10900 0
10901 1
10902 1
10903 0
10904 1
10905 1
10906 0
10907 1
10908 0
10909 1
10910 1
10911 0
10912 1
10913 1
10914 1
10915 1
10916 1
10917 0
10918 0
10919 0
10920 1
10921 0
10922 0
10923 0
10924 0
10925 1
10926 1
10927 0
10928 0
10929 0
10930 0
10931 0
10932 1
10933 0
10934 1
10935 0
10936 0
10937 1
10938 0
10939 0
10940 1
10941 1
10942 1
10943 1
10944 0
10945 1
10946 1
10947 0
10948 0
10949 1
10950 0
10951 0
10952 1
10953 1
10954 1
10955 0
10956 1
10957 0
10958 0
10959 1
10960 0
10961 0
10962 1
10963 1
10964 1
10965 0
10966 1
10967 1
10968 0
10969 0
10970 1
10971 0
10972 1
10973 0
10974 0
10975 0
10976 1
10977 1
10978 1
10979 0
10980 1
10981 0
10982 1
10983 1
10984 1
10985 0
10986 1
10987 0
10988 0
10989 1
10990 1
10991 0
10992 1
10993 1
10994 1
10995 0
10996 1
10997 1
10998 1
10999 0
11000 1
11001 1
11002 0
11003 0
11004 0
11005 1
11006 0
11007 1
11008 0
11009 1
11010 1
11011 0
11012 1
11013 1
11014 0
11015 1
11016 0
11017 1
11018 0
11019 0
11020 1
11021 1
11022 1
11023 0
11024 1
11025 1
11026 0
11027 1
11028 1
11029 0
11030 1
11031 0
11032 1
11033 0
11034 1
11035 1
11036 1
11037 1
11038 0
11039 1
11040 1
11041 1
11042 1
11043 0
11044 0
11045 0
11046 1
11047 0
11048 1
11049 0
11050 0
11051 0
11052 0
11053 0
11054 1
11055 0
11056 0
11057 1
11058 1
11059 0
11060 0
11061 0
11062 0
11063 1
11064 0
11065 1
11066 1
11067 0
11068 0
11069 1
11070 0
11071 0
11072 0
11073 0
11074 1
11075 1
11076 0
11077 0
11078 0
11079 1
11080 1
11081 0
11082 0
11083 0
11084 1
11085 0
11086 0
11087 1
11088 0
11089 0
11090 1
11091 1
11092 0
11093 1
11094 0
11095 0
11096 0
11097 1
11098 1
11099 0
11100 0
11101 0
11102 0
11103 1
11104 1
11105 1
11106 1
11107 0
11108 1
11109 1
11110 0
11111 1
11112 0
11113 0
11114 1
11115 1
11116 1
11117 0
11118 1
11119 1
11120 1
11121 1
11122 0
11123 1
11124 1
11125 1
11126 0
11127 0
11128 0
11129 1
11130 0
11131 0
11132 1
11133 0
11134 1
11135 0
11136 0
11137 1
11138 0
11139 0
11140 0
11141 1
11142 0
11143 0
11144 1
11145 1
11146 1
11147 0
11148 1
11149 1
11150 1
11151 0
11152 1
11153 0
11154 0
11155 0
11156 1
11157 0
11158 1
11159 1
11160 1
11161 1
11162 1
11163 0
11164 1
11165 1
11166 1
11167 0
11168 0
11169 0
11170 1
11171 1
11172 1
11173 0
11174 0
11175 1
11176 1
11177 0
11178 0
11179 0
11180 0
11181 0
11182 1
11183 0
11184 0
11185 1
11186 0
11187 0
11188 1
11189 1
11190 1
11191 0
11192 0
11193 1
11194 0
11195 0
11196 0
11197 1
11198 0
11199 0
11200 0
11201 0
11202 0
11203 0
11204 0
11205 0
11206 1
11207 0
11208 1
11209 1
11210 1
11211 0
11212 0
11213 1
11214 0
11215 0
11216 1
11217 0
11218 1
11219 0
11220 0
11221 0
11222 0
11223 0
11224 1
11225 1
11226 0
11227 0
11228 0
11229 1
11230 1
11231 1
11232 1
11233 1
11234 1
11235 1
11236 1
11237 0
11238 1
11239 0
11240 0
11241 1
11242 1
11243 1
11244 1
11245 0
11246 1
11247 1
11248 0
11249 1
11250 1
11251 0
11252 1
11253 1
11254 1
11255 1
11256 0
11257 1
11258 1
11259 1
11260 1
11261 1
11262 1
11263 1
11264 1
11265 1
11266 0
11267 1
11268 1
11269 0
11270 1
11271 1
11272 1
11273 1
11274 0
11275 0
11276 1
11277 1
11278 1
11279 0
11280 1
11281 0
11282 1
11283 0
11284 0
11285 0
11286 1
11287 0
11288 1
11289 0
11290 0
11291 1
11292 1
11293 0
11294 1
11295 1
11296 1
11297 1
11298 1
11299 0
11300 0
11301 1
11302 1
11303 1
11304 0
11305 1
11306 0
11307 0
11308 0
11309 1
11310 1
11311 1
11312 0
11313 1
11314 0
11315 0
11316 1
11317 0
11318 0
11319 0
11320 1
11321 1
11322 0
11323 0
11324 1
11325 0
11326 0
11327 1
11328 0
11329 0
11330 1
11331 1
11332 0
11333 1
11334 1
11335 0
11336 0
11337 0
11338 1
11339 1
11340 0
11341 1
11342 0
11343 0
11344 0
11345 0
11346 0
11347 0
11348 0
11349 1
11350 0
11351 0
11352 0
11353 1
11354 0
11355 1
11356 1
11357 1
11358 1
11359 0
11360 0
11361 0
11362 1
11363 1
11364 1
11365 0
11366 0
11367 1
11368 0
11369 0
11370 1
11371 0
11372 1
11373 1
11374 0
11375 0
11376 1
11377 1
11378 1
11379 1
11380 0
11381 0
11382 1
11383 0
11384 1
11385 1
11386 0
11387 0
11388 0
11389 1
11390 1
11391 1
11392 0
11393 0
11394 0
11395 0
11396 1
11397 0
11398 0
11399 1
11400 0
11401 1
11402 0
11403 1
11404 0
11405 0
11406 0
11407 0
11408 0
11409 0
11410 0
11411 1
11412 1
11413 0
11414 1
11415 1
11416 0
11417 1
11418 1
11419 0
11420 0
11421 0
11422 0
11423 1
11424 1
11425 0
11426 1
11427 1
11428 1
11429 0
11430 1
11431 1
11432 1
11433 1
11434 1
11435 0
11436 1
11437 1
11438 1
11439 0
11440 1
11441 0
11442 0
11443 0
11444 0
11445 1
11446 0
11447 1
11448 0
11449 0
11450 1
11451 0
11452 1
11453 0
11454 1
11455 1
11456 1
11457 1
11458 0
11459 0
11460 1
11461 0
11462 1
11463 1
11464 1
11465 0
11466 0
11467 0
11468 0
11469 0
11470 0
11471 0
11472 1
11473 0
11474 1
11475 1
11476 1
11477 1
11478 0
11479 0
11480 0
11481 0
11482 0
11483 0
11484 1
11485 1
11486 0
11487 1
11488 1
11489 0
11490 0
11491 1
11492 0
11493 0
11494 0
11495 0
11496 1
11497 0
11498 1
11499 1
11500 0
11501 0
11502 0
11503 0
11504 0
11505 0
11506 0
11507 0
11508 0
11509 1
11510 1
11511 1
11512 1
11513 1
11514 0
11515 0
11516 1
11517 0
11518 0
11519 1
11520 1
11521 0
11522 1
11523 0
11524 1
11525 0
11526 0
11527 1
11528 0
11529 1
11530 1
11531 0
11532 0
11533 0
11534 1
11535 1
11536 0
11537 0
11538 1
11539 0
11540 0
11541 0
11542 1
11543 0
11544 0
11545 1
11546 0
11547 0
11548 0
11549 0
11550 0
11551 0
11552 0
11553 1
11554 1
11555 1
11556 0
11557 1
11558 1
11559 1
11560 0
11561 1
11562 1
11563 1
11564 0
11565 1
11566 0
11567 0
11568 1
11569 1
11570 0
11571 0
11572 1
11573 1
11574 1
11575 0
11576 1
11577 1
11578 0
11579 1
11580 0
11581 0
11582 1
11583 0
11584 0
11585 0
11586 0
11587 0
11588 0
11589 1
11590 1
11591 1
11592 1
11593 1
11594 0
11595 1
11596 0
11597 1
11598 0
11599 0
11600 0
11601 1
11602 0
11603 0
11604 0
11605 1
11606 1
11607 1
11608 0
11609 0
11610 1
11611 1
11612 0
11613 1
11614 1
11615 1
11616 1
11617 1
11618 0
11619 1
11620 0
11621 0
11622 1
11623 0
11624 0
11625 1
11626 1
11627 0
11628 0
11629 1
11630 1
11631 1
11632 0
11633 0
11634 0
11635 1
11636 1
11637 1
11638 0
11639 0
11640 0
11641 0
11642 0
11643 0
11644 1
11645 0
11646 0
11647 1
11648 1
11649 0
11650 1
11651 1
11652 1
11653 0
11654 0
11655 0
11656 0
11657 0
11658 0
11659 0
11660 0
11661 1
11662 0
11663 1
11664 0
11665 0
11666 0
11667 1
11668 1
11669 0
11670 0
11671 0
11672 1
11673 1
11674 1
11675 1
11676 0
11677 1
11678 1
11679 0
11680 1
11681 1
11682 1
11683 0
11684 0
11685 1
11686 1
11687 0
11688 0
11689 0
11690 1
11691 0
11692 1
11693 1
11694 1
11695 0
11696 1
11697 0
11698 1
11699 1
11700 0
11701 1
11702 0
11703 0
11704 1
11705 0
11706 1
11707 0
11708 1
11709 1
11710 1
11711 0
11712 0
11713 1
11714 1
11715 1
11716 0
11717 0
11718 0
11719 1
11720 0
11721 1
11722 1
11723 1
11724 1
11725 0
11726 0
11727 1
11728 0
11729 0
11730 0
11731 1
11732 0
11733 1
11734 0
11735 0
11736 0
11737 0
11738 0
11739 0
11740 1
11741 1
11742 0
11743 0
11744 1
11745 1
11746 1
11747 1
11748 1
11749 1
11750 0
11751 0
11752 0
11753 0
11754 1
11755 0
11756 0
11757 1
11758 0
11759 0
11760 0
11761 1
11762 0
11763 1
11764 0
11765 1
11766 0
11767 1
11768 1
11769 0
11770 1
11771 1
11772 0
11773 0
11774 1
11775 0
11776 0
11777 1
11778 1
11779 0
11780 0
11781 1
11782 0
11783 0
11784 0
11785 1
11786 1
11787 0
11788 1
11789 1
11790 1
11791 0
11792 0
11793 0
11794 1
11795 0
11796 0
11797 0
11798 0
11799 0
11800 1
11801 0
11802 1
11803 1
11804 0
11805 1
11806 1
11807 0
11808 1
11809 0
11810 1
11811 1
11812 1
11813 1
11814 1
11815 1
11816 1
11817 0
11818 0
11819 1
11820 1
11821 1
11822 0
11823 0
11824 0
11825 0
11826 0
11827 1
11828 1
11829 0
11830 1
11831 1
11832 1
11833 0
11834 1
11835 0
11836 1
11837 1
11838 1
11839 1
11840 1
11841 0
11842 0
11843 1
11844 0
11845 1
11846 1
11847 0
11848 1
11849 0
11850 1
11851 1
11852 1
11853 0
11854 1
11855 1
11856 0
11857 1
11858 1
11859 0
11860 0
11861 1
11862 0
11863 0
11864 0
11865 1
11866 0
11867 1
11868 1
11869 0
11870 1
11871 0
11872 0
11873 1
11874 1
11875 0
11876 1
11877 0
11878 1
11879 0
11880 0
11881 0
11882 0
11883 0
11884 0
11885 1
11886 1
11887 1
11888 0
11889 0
11890 1
11891 0
11892 0
11893 0
11894 1
11895 1
11896 1
11897 0
11898 0
11899 1
11900 0
11901 0
11902 0
11903 0
11904 0
11905 0
11906 1
11907 1
11908 0
11909 1
11910 1
11911 1
11912 0
11913 0
11914 0
11915 0
11916 1
11917 1
11918 1
11919 1
11920 1
11921 0
11922 0
11923 0
11924 0
11925 0
11926 1
11927 0
11928 0
11929 0
11930 0
11931 0
11932 0
11933 0
11934 0
11935 0
11936 1
11937 0
11938 1
11939 0
11940 1
11941 1
11942 0
11943 0
11944 1
11945 1
11946 1
11947 0
11948 1
11949 1
11950 1
11951 1
11952 1
11953 0
11954 1
11955 0
11956 0
11957 0
11958 0
11959 1
11960 1
11961 1
11962 0
11963 0
11964 0
11965 1
11966 1
11967 0
11968 0
11969 0
11970 1
11971 1
11972 0
11973 0
11974 1
11975 0
11976 1
11977 0
11978 1
11979 0
11980 1
11981 0
11982 0
11983 0
11984 1
11985 0
11986 1
11987 1
11988 0
11989 0
11990 0
11991 1
11992 0
11993 1
11994 0
11995 0
11996 1
11997 1
11998 0
11999 0
12000 1
12001 1
12002 0
12003 0
12004 1
12005 1
12006 0
12007 1
12008 1
12009 0
12010 0
12011 0
12012 1
12013 0
12014 1
12015 0
12016 0
12017 0
12018 1
12019 0
12020 1
12021 1
12022 1
12023 0
12024 0
12025 0
12026 1
12027 0
12028 1
12029 0
12030 1
12031 1
12032 0
12033 0
12034 0
12035 1
12036 0
12037 0
12038 0
12039 1
12040 0
12041 1
12042 0
12043 1
12044 1
12045 0
12046 0
12047 1
12048 0
12049 1
12050 0
12051 0
12052 0
12053 0
12054 0
12055 1
12056 0
12057 1
12058 1
12059 0
12060 0
12061 0
12062 1
12063 0
12064 0
12065 0
12066 0
12067 1
12068 0
12069 0
12070 1
12071 1
12072 1
12073 0
12074 1
12075 0
12076 1
12077 0
12078 1
12079 0
12080 0
12081 1
12082 1
12083 0
12084 1
12085 1
12086 0
12087 0
12088 1
12089 1
12090 0
12091 0
12092 0
12093 1
12094 0
12095 1
12096 0
12097 0
12098 0
12099 0
12100 1
12101 0
12102 1
12103 0
12104 1
12105 1
12106 1
12107 0
12108 1
12109 1
12110 0
12111 0
12112 1
12113 0
12114 0
12115 1
12116 0
12117 1
12118 0
12119 0
12120 1
12121 0
12122 1
12123 0
12124 1
12125 0
12126 1
12127 0
12128 1
12129 0
12130 0
12131 1
12132 1
12133 1
12134 0
12135 1
12136 0
12137 1
12138 0
12139 0
12140 1
12141 1
12142 0
12143 0
12144 0
12145 0
12146 1
12147 0
12148 0
12149 1
12150 1
12151 0
12152 1
12153 0
12154 0
12155 0
12156 0
12157 0
12158 1
12159 0
12160 1
12161 1
12162 1
12163 1
12164 0
12165 1
12166 1
12167 1
12168 0
12169 1
12170 1
12171 0
12172 0
12173 1
12174 0
12175 1
12176 1
12177 0
12178 0
12179 0
12180 0
12181 1
12182 1
12183 0
12184 1
12185 0
12186 0
12187 1
12188 0
12189 1
12190 0
12191 1
12192 0
12193 1
12194 1
12195 0
12196 0
12197 1
12198 0
12199 0
12200 1
12201 0
12202 1
12203 1
12204 0
12205 1
12206 0
12207 0
12208 1
12209 1
12210 1
12211 1
12212 0
12213 1
12214 0
12215 1
12216 0
12217 1
12218 0
12219 1
12220 1
12221 1
12222 0
12223 0
12224 1
12225 1
12226 0
12227 1
12228 0
12229 0
12230 1
12231 1
12232 1
12233 1
12234 1
12235 0
12236 0
12237 0
12238 0
12239 1
12240 1
12241 0
12242 1
12243 0
12244 1
12245 0
12246 1
12247 1
12248 0
12249 1
12250 1
12251 0
12252 1
12253 1
12254 0
12255 0
12256 1
12257 0
12258 1
12259 0
12260 1
12261 0
12262 0
12263 1
12264 0
12265 0
12266 1
12267 1
12268 0
12269 0
12270 0
12271 0
12272 1
12273 1
12274 0
12275 0
12276 0
12277 1
12278 0
12279 0
12280 1
12281 1
12282 0
12283 1
12284 0
12285 0
12286 1
12287 0
12288 1
12289 0
12290 0
12291 1
12292 0
12293 1
12294 1
12295 1
12296 0
12297 1
12298 0
12299 1
12300 1
12301 1
12302 1
12303 0
12304 0
12305 0
12306 1
12307 1
12308 0
12309 0
12310 1
12311 1
12312 1
12313 1
12314 0
12315 0
12316 1
12317 1
12318 1
12319 1
12320 1
12321 1
12322 1
12323 0
12324 0
12325 1
12326 0
12327 0
12328 0
12329 1
12330 1
12331 1
12332 1
12333 0
12334 0
12335 0
12336 0
12337 1
12338 0
12339 0
12340 1
12341 1
12342 0
12343 0
12344 0
12345 1
12346 0
12347 1
12348 1
12349 0
12350 1
12351 0
12352 1
12353 0
12354 1
12355 0
12356 1
12357 1
12358 1
12359 1
12360 0
12361 0
12362 1
12363 1
12364 1
12365 1
12366 0
12367 0
12368 0
12369 0
12370 0
12371 1
12372 1
12373 0
12374 0
12375 1
12376 1
12377 1
12378 0
12379 1
12380 1
12381 1
12382 0
12383 1
12384 1
12385 0
12386 1
12387 1
12388 0
12389 1
12390 1
12391 0
12392 0
12393 0
12394 1
12395 0
12396 0
12397 1
12398 0
12399 1
12400 0
12401 1
12402 0
12403 1
12404 0
12405 0
12406 1
12407 1
12408 0
12409 0
12410 1
12411 0
12412 1
12413 1
12414 0
12415 0
12416 0
12417 1
12418 0
12419 0
12420 1
12421 0
12422 0
12423 0
12424 1
12425 0
12426 0
12427 1
12428 0
12429 1
12430 0
12431 0
12432 0
12433 0
12434 1
12435 0
12436 0
12437 1
12438 1
12439 1
12440 1
12441 1
12442 0
12443 1
12444 0
12445 1
12446 1
12447 1
12448 1
12449 0
12450 1
12451 0
12452 1
12453 0
12454 0
12455 0
12456 1
12457 1
12458 0
12459 0
12460 0
12461 0
12462 0
12463 0
12464 1
12465 1
12466 0
12467 1
12468 0
12469 1
12470 1
12471 0
12472 1
12473 0
12474 0
12475 1
12476 1
12477 1
12478 0
12479 0
12480 0
12481 0
12482 1
12483 0
12484 0
12485 0
12486 0
12487 0
12488 1
12489 1
12490 0
12491 1
12492 1
12493 1
12494 1
12495 0
12496 1
12497 0
12498 1
12499 0
12500 1
12501 0
12502 0
12503 0
12504 0
12505 1
12506 1
12507 0
12508 0
12509 1
12510 1
12511 1
12512 1
12513 0
12514 1
12515 0
12516 0
12517 1
12518 1
12519 0
12520 0
12521 1
12522 0
12523 1
12524 0
12525 0
12526 0
12527 1
12528 0
12529 1
12530 1
12531 0
12532 1
12533 1
12534 0
12535 1
12536 1
12537 0
12538 1
12539 1
12540 0
12541 1
12542 0
12543 1
12544 1
12545 0
12546 0
12547 1
12548 1
12549 0
12550 0
12551 1
12552 1
12553 0
12554 0
12555 1
12556 0
12557 0
12558 0
12559 0
12560 1
12561 0
12562 0
12563 1
12564 1
12565 0
12566 0
12567 1
12568 0
12569 1
12570 1
12571 1
12572 1
12573 0
12574 1
12575 1
12576 1
12577 1
12578 1
12579 0
12580 1
12581 1
12582 0
12583 1
12584 0
12585 1
12586 1
12587 0
12588 1
12589 1
12590 0
12591 0
12592 1
12593 1
12594 0
12595 0
12596 1
12597 0
12598 1
12599 1
12600 0
12601 1
12602 1
12603 0
12604 1
12605 0
12606 0
12607 1
12608 1
12609 0
12610 1
12611 1
12612 1
12613 1
12614 0
12615 0
12616 1
12617 1
12618 0
12619 1
12620 1
12621 0
12622 0
12623 0
12624 0
12625 1
12626 0
12627 0
12628 0
12629 1
12630 1
12631 1
12632 1
12633 1
12634 1
12635 0
12636 0
12637 0
12638 1
12639 1
12640 0
12641 1
12642 1
12643 0
12644 0
12645 1
12646 1
12647 1
12648 0
12649 1
12650 0
12651 1
12652 1
12653 1
12654 1
12655 0
12656 1
12657 1
12658 0
12659 0
12660 0
12661 1
12662 0
12663 1
12664 1
12665 0
12666 1
12667 1
12668 0
12669 0
12670 1
12671 0
12672 1
12673 1
12674 1
12675 0
12676 0
12677 1
12678 0
12679 0
12680 0
12681 0
12682 0
12683 1
12684 0
12685 0
12686 1
12687 0
12688 1
12689 0
12690 1
12691 1
12692 0
12693 1
12694 1
12695 1
12696 1
12697 0
12698 1
12699 0
12700 1
12701 1
12702 1
12703 0
12704 0
12705 1
12706 1
12707 1
12708 1
12709 0
12710 1
12711 1
12712 0
12713 1
12714 0
12715 1
12716 1
12717 1
12718 0
12719 0
12720 0
12721 1
12722 1
12723 0
12724 0
12725 0
12726 0
12727 0
12728 1
12729 0
12730 0
12731 0
12732 0
12733 1
12734 1
12735 1
12736 1
12737 0
12738 0
12739 1
12740 1
12741 0
12742 0
12743 1
12744 1
12745 1
12746 0
12747 0
12748 1
12749 0
12750 0
12751 1
12752 0
12753 0
12754 1
12755 0
12756 0
12757 0
12758 1
12759 0
12760 1
12761 1
12762 0
12763 0
12764 1
12765 1
12766 1
12767 1
12768 1
12769 0
12770 0
12771 0
12772 1
12773 1
12774 1
12775 1
12776 0
12777 0
12778 0
12779 0
12780 0
12781 0
12782 1
12783 0
12784 1
12785 0
12786 1
12787 0
12788 1
12789 1
12790 0
12791 0
12792 0
12793 1
12794 1
12795 0
12796 1
12797 1
12798 0
12799 1
12800 0
12801 0
12802 1
12803 0
12804 1
12805 1
12806 0
12807 0
12808 1
12809 1
12810 0
12811 0
12812 1
12813 0
12814 0
12815 1
12816 0
12817 0
12818 0
12819 1
12820 0
12821 0
12822 0
12823 1
12824 0
12825 0
12826 1
12827 1
12828 0
12829 1
12830 1
12831 1
12832 1
12833 1
12834 1
12835 0
12836 0
12837 1
12838 0
12839 1
12840 0
12841 0
12842 0
12843 0
12844 1
12845 1
12846 0
12847 0
12848 0
12849 0
12850 1
12851 0
12852 1
12853 1
12854 1
12855 1
12856 1
12857 0
12858 0
12859 1
12860 1
12861 0
12862 0
12863 0
12864 1
12865 1
12866 1
12867 0
12868 0
12869 1
12870 0
12871 1
12872 1
12873 0
12874 0
12875 1
12876 1
12877 0
12878 1
12879 0
12880 1
12881 0
12882 0
12883 1
12884 1
12885 1
12886 1
12887 1
12888 1
12889 1
12890 0
12891 0
12892 0
12893 1
12894 1
12895 1
12896 1
12897 1
12898 0
12899 1
12900 0
12901 0
12902 1
12903 1
12904 1
12905 0
12906 1
12907 0
12908 1
12909 1
12910 0
12911 0
12912 1
12913 0
12914 1
12915 0
12916 1
12917 1
12918 1
12919 0
12920 1
12921 0
12922 1
12923 1
12924 1
12925 0
12926 0
12927 1
12928 0
12929 1
12930 1
12931 1
12932 1
12933 0
12934 0
12935 1
12936 1
12937 1
12938 0
12939 0
12940 1
12941 0
12942 0
12943 0
12944 0
12945 1
12946 1
12947 0
12948 1
12949 1
12950 0
12951 1
12952 1
12953 1
12954 1
12955 0
12956 0
12957 0
12958 0
12959 1
12960 1
12961 0
12962 0
12963 0
12964 1
12965 1
12966 1
12967 0
12968 1
12969 1
12970 0
12971 0
12972 0
12973 1
12974 1
12975 1
12976 1
12977 1
12978 0
12979 0
12980 0
12981 0
12982 1
12983 0
12984 1
12985 0
12986 0
12987 1
12988 1
12989 0
12990 0
12991 0
12992 0
12993 0
12994 1
12995 1
12996 0
12997 0
12998 1
12999 0
13000 1
13001 0
13002 0
13003 0
13004 0
13005 1
13006 0
13007 1
13008 1
13009 0
13010 1
13011 0
13012 0
13013 0
13014 0
13015 1
13016 1
13017 1
13018 1
13019 1
13020 1
13021 1
13022 0
13023 0
13024 1
13025 1
13026 0
13027 1
13028 0
13029 0
13030 0
13031 0
13032 0
13033 0
13034 1
13035 0
13036 1
13037 0
13038 0
13039 0
13040 0
13041 0
13042 1
13043 1
13044 1
13045 0
13046 1
13047 1
13048 1
13049 1
13050 1
13051 0
13052 0
13053 1
13054 1
13055 0
13056 1
13057 1
13058 0
13059 1
13060 0
13061 0
13062 1
13063 1
13064 1
13065 1
13066 1
13067 1
13068 0
13069 1
13070 0
13071 1
13072 1
13073 0
13074 0
13075 0
13076 1
13077 1
13078 1
13079 0
13080 1
13081 1
13082 1
13083 1
13084 0
13085 1
13086 0
13087 0
13088 0
13089 1
13090 0
13091 0
13092 1
13093 1
13094 0
13095 1
13096 0
13097 1
13098 0
13099 1
13100 0
13101 0
13102 0
13103 1
13104 1
13105 0
13106 1
13107 0
13108 0
13109 0
13110 0
13111 1
13112 1
13113 1
13114 0
13115 1
13116 1
13117 0
13118 1
13119 1
13120 1
13121 1
13122 0
13123 1
13124 0
13125 0
13126 1
13127 0
13128 0
13129 1
13130 0
13131 0
13132 0
13133 0
13134 0
13135 1
13136 0
13137 1
13138 0
13139 0
13140 0
13141 1
13142 0
13143 0
13144 0
13145 1
13146 0
13147 0
13148 0
13149 1
13150 1
13151 0
13152 1
13153 0
13154 0
13155 0
13156 1
13157 0
13158 0
13159 0
13160 0
13161 1
13162 0
13163 1
13164 0
13165 1
13166 1
13167 0
13168 0
13169 0
13170 0
13171 0
13172 0
13173 1
13174 0
13175 0
13176 1
13177 0
13178 0
13179 1
13180 0
13181 1
13182 0
13183 1
13184 0
13185 0
13186 1
13187 0
13188 1
13189 1
13190 1
13191 0
13192 0
13193 0
13194 0
13195 1
13196 1
13197 1
13198 0
13199 1
13200 0
13201 0
13202 1
13203 1
13204 1
13205 0
13206 1
13207 1
13208 0
13209 0
13210 0
13211 1
13212 0
13213 0
13214 0
13215 1
13216 1
13217 0
13218 1
13219 1
13220 1
13221 1
13222 1
13223 1
13224 1
13225 1
13226 0
13227 1
13228 1
13229 0
13230 0
13231 0
13232 0
13233 0
13234 0
13235 1
13236 0
13237 1
13238 1
13239 1
13240 1
13241 1
13242 1
13243 0
13244 1
13245 1
13246 0
13247 1
13248 0
13249 1
13250 0
13251 1
13252 0
13253 0
13254 1
13255 0
13256 1
13257 1
13258 0
13259 1
13260 1
13261 0
13262 0
13263 1
13264 1
13265 1
13266 1
13267 0
13268 0
13269 0
13270 1
13271 0
13272 1
13273 0
13274 1
13275 1
13276 1
13277 0
13278 1
13279 0
13280 0
13281 1
13282 0
13283 1
13284 1
13285 0
13286 0
13287 0
13288 0
13289 0
13290 1
13291 0
13292 0
13293 0
13294 1
13295 0
13296 0
13297 1
13298 1
13299 1
13300 1
13301 1
13302 1
13303 0
13304 0
13305 0
13306 1
13307 0
13308 1
13309 0
13310 1
13311 0
13312 1
13313 1
13314 1
13315 1
13316 1
13317 1
13318 0
13319 0
13320 0
13321 0
13322 0
13323 0
13324 0
13325 1
13326 1
13327 1
13328 0
13329 0
13330 0
13331 0
13332 0
13333 1
13334 0
13335 0
13336 0
13337 1
13338 1
13339 1
13340 1
13341 0
13342 1
13343 0
13344 0
13345 1
13346 0
13347 1
13348 0
13349 0
13350 1
13351 1
13352 1
13353 1
13354 0
13355 0
13356 1
13357 1
13358 0
13359 1
13360 1
13361 1
13362 0
13363 1
13364 1
13365 0
13366 1
13367 0
13368 0
13369 1
13370 1
13371 0
13372 0
13373 1
13374 1
13375 0
13376 1
13377 1
13378 1
13379 0
13380 1
13381 0
13382 0
13383 0
13384 0
13385 0
13386 1
13387 0
13388 0
13389 0
13390 0
13391 1
13392 0
13393 0
13394 0
13395 0
13396 0
13397 1
13398 0
13399 1
13400 0
13401 1
13402 1
13403 0
13404 1
13405 0
13406 0
13407 1
13408 0
13409 0
13410 0
13411 1
13412 1
13413 1
13414 0
13415 0
13416 0
13417 1
13418 1
13419 1
13420 1
13421 1
13422 1
13423 0
13424 0
13425 1
13426 0
13427 0
13428 1
13429 0
13430 1
13431 1
13432 1
13433 1
13434 1
13435 1
13436 0
13437 0
13438 1
13439 0
13440 0
13441 0
13442 0
13443 0
13444 0
13445 0
13446 0
13447 1
13448 1
13449 0
13450 0
13451 1
13452 1
13453 0
13454 0
13455 0
13456 0
13457 0
13458 0
13459 0
13460 0
13461 1
13462 1
13463 1
13464 1
13465 0
13466 0
13467 1
13468 1
13469 1
13470 1
13471 0
13472 1
13473 1
13474 1
13475 0
13476 0
13477 0
13478 0
13479 1
13480 1
13481 0
13482 1
13483 1
13484 1
13485 1
13486 0
13487 0
13488 1
13489 0
13490 0
13491 0
13492 0
13493 1
13494 0
13495 0
13496 0
13497 1
13498 0
13499 1
13500 1
13501 0
13502 0
13503 0
13504 0
13505 1
13506 0
13507 0
13508 0
13509 0
13510 0
13511 0
13512 0
13513 1
13514 1
13515 0
13516 0
13517 0
13518 1
13519 1
13520 0
13521 1
13522 1
13523 0
13524 0
13525 0
13526 0
13527 1
13528 1
13529 1
13530 1
13531 1
13532 0
13533 1
13534 1
13535 1
13536 0
13537 0
13538 1
13539 0
13540 0
13541 0
13542 1
13543 0
13544 1
13545 1
13546 1
13547 0
13548 1
13549 1
13550 0
13551 0
13552 0
13553 0
13554 0
13555 1
13556 1
13557 0
13558 0
13559 0
13560 1
13561 0
13562 0
13563 0
13564 1
13565 0
13566 0
13567 1
13568 0
13569 0
13570 1
13571 0
13572 1
13573 1
13574 1
13575 0
13576 0
13577 1
13578 0
13579 1
13580 0
13581 0
13582 0
13583 1
13584 1
13585 0
13586 1
13587 0
13588 1
13589 0
13590 1
13591 0
13592 1
13593 0
13594 0
13595 0
13596 0
13597 0
13598 1
13599 0
13600 1
13601 0
13602 1
13603 0
13604 0
13605 0
13606 1
13607 1
13608 1
13609 1
13610 1
13611 1
13612 1
13613 1
13614 1
13615 1
13616 0
13617 0
13618 0
13619 0
13620 0
13621 1
13622 0
13623 1
13624 0
13625 0
13626 0
13627 0
13628 1
13629 1
13630 1
13631 1
13632 1
13633 0
13634 1
13635 0
13636 0
13637 0
13638 1
13639 1
13640 1
13641 0
13642 0
13643 1
13644 1
13645 1
13646 0
13647 1
13648 1
13649 1
13650 1
13651 0
13652 0
13653 0
13654 0
13655 0
13656 1
13657 1
13658 1
13659 0
13660 0
13661 1
13662 1
13663 1
13664 0
13665 0
13666 0
13667 0
13668 1
13669 0
13670 1
13671 0
13672 0
13673 0
13674 1
13675 0
13676 1
13677 0
13678 0
13679 0
13680 1
13681 0
13682 0
13683 1
13684 0
13685 1
13686 0
13687 1
13688 1
13689 1
13690 1
13691 1
13692 0
13693 1
13694 0
13695 0
13696 1
13697 1
13698 0
13699 1
13700 0
13701 0
13702 0
13703 1
13704 0
13705 1
13706 1
13707 0
13708 1
13709 0
13710 1
13711 1
13712 1
13713 1
13714 1
13715 0
13716 0
13717 0
13718 1
13719 0
13720 1
13721 0
13722 0
13723 1
13724 0
13725 1
13726 0
13727 0
13728 0
13729 0
13730 1
13731 1
13732 1
13733 0
13734 1
13735 0
13736 1
13737 0
13738 0
13739 0
13740 0
13741 1
13742 0
13743 0
13744 0
13745 0
13746 0
13747 0
13748 1
13749 0
13750 0
13751 1
13752 1
13753 1
13754 1
13755 1
13756 1
13757 1
13758 0
13759 1
13760 1
13761 0
13762 1
13763 0
13764 0
13765 0
13766 0
13767 0
13768 1
13769 0
13770 0
13771 1
13772 0
13773 0
13774 0
13775 1
13776 1
13777 0
13778 1
13779 1
13780 0
13781 0
13782 1
13783 0
13784 1
13785 0
13786 0
13787 1
13788 1
13789 1
13790 0
13791 1
13792 0
13793 0
13794 0
13795 1
13796 0
13797 0
13798 0
13799 1
13800 1
13801 0
13802 0
13803 1
13804 1
13805 0
13806 0
13807 0
13808 1
13809 1
13810 1
13811 1
13812 0
13813 0
13814 0
13815 1
13816 1
13817 1
13818 0
13819 1
13820 0
13821 1
13822 0
13823 0
13824 1
13825 0
13826 0
13827 0
13828 1
13829 1
13830 0
13831 1
13832 0
13833 1
13834 1
13835 0
13836 1
13837 1
13838 1
13839 0
13840 0
13841 1
13842 1
13843 1
13844 1
13845 1
13846 0
13847 1
13848 1
13849 1
13850 0
13851 1
13852 1
13853 0
13854 1
13855 0
13856 1
13857 1
13858 1
13859 1
13860 0
13861 1
13862 1
13863 1
13864 0
13865 0
13866 1
13867 0
13868 1
13869 0
13870 1
13871 0
13872 0
13873 1
13874 1
13875 0
13876 1
13877 0
13878 0
13879 0
13880 0
13881 1
13882 0
13883 1
13884 1
13885 0
13886 0
13887 1
13888 1
13889 0
13890 1
13891 1
13892 0
13893 1
13894 1
13895 0
13896 1
13897 1
13898 1
13899 0
13900 1
13901 0
13902 0
13903 0
13904 1
13905 1
13906 0
13907 0
13908 1
13909 0
13910 1
13911 0
13912 0
13913 1
13914 0
13915 0
13916 0
13917 0
13918 1
13919 1
13920 1
13921 1
13922 0
13923 1
13924 0
13925 0
13926 0
13927 1
13928 1
13929 0
13930 0
13931 0
13932 1
13933 0
13934 0
13935 0
13936 0
13937 1
13938 1
13939 1
13940 0
13941 1
13942 0
13943 0
13944 0
13945 1
13946 1
13947 0
13948 1
13949 0
13950 1
13951 1
13952 1
13953 0
13954 0
13955 0
13956 0
13957 0
13958 1
13959 0
13960 1
13961 1
13962 0
13963 1
13964 0
13965 1
13966 1
13967 0
13968 0
13969 1
13970 0
13971 0
13972 1
13973 1
13974 1
13975 1
13976 1
13977 0
13978 0
13979 0
13980 1
13981 0
13982 0
13983 1
13984 0
13985 0
13986 1
13987 0
13988 0
13989 0
13990 0
13991 1
13992 0
13993 1
13994 1
13995 1
13996 1
13997 0
13998 0
13999 1
14000 1
14001 0
14002 1
14003 0
14004 1
14005 1
14006 1
14007 1
14008 0
14009 0
14010 1
14011 1
14012 0
14013 0
14014 1
14015 0
14016 1
14017 0
14018 1
14019 0
14020 0
14021 0
14022 0
14023 1
14024 1
14025 1
14026 0
14027 0
14028 1
14029 0
14030 0
14031 1
14032 1
14033 1
14034 1
14035 1
14036 1
14037 0
14038 1
14039 1
14040 0
14041 0
14042 0
14043 1
14044 1
14045 1
14046 0
14047 1
14048 0
14049 0
14050 1
14051 1
14052 0
14053 0
14054 0
14055 0
14056 1
14057 1
14058 1
14059 0
14060 1
14061 1
14062 0
14063 0
14064 0
14065 0
14066 0
14067 0
14068 0
14069 1
14070 0
14071 1
14072 0
14073 0
14074 1
14075 1
14076 1
14077 1
14078 0
14079 1
14080 0
14081 0
14082 0
14083 0
14084 1
14085 0
14086 1
14087 1
14088 1
14089 1
14090 1
14091 1
14092 1
14093 1
14094 1
14095 1
14096 0
14097 1
14098 1
14099 1
14100 0
14101 0
14102 1
14103 1
14104 0
14105 1
14106 0
14107 1
14108 1
14109 0
14110 0
14111 0
14112 1
14113 0
14114 1
14115 1
14116 0
14117 0
14118 0
14119 1
14120 1
14121 0
14122 1
14123 0
14124 1
14125 0
14126 1
14127 1
14128 1
14129 1
14130 1
14131 1
14132 1
14133 0
14134 1
14135 0
14136 0
14137 1
14138 0
14139 1
14140 0
14141 1
14142 0
14143 0
14144 1
14145 1
14146 1
14147 1
14148 0
14149 0
14150 0
14151 0
14152 0
14153 0
14154 0
14155 1
14156 0
14157 0
14158 1
14159 0
14160 0
14161 0
14162 0
14163 0
14164 1
14165 1
14166 0
14167 1
14168 0
14169 0
14170 0
14171 0
14172 1
14173 0
14174 0
14175 1
14176 1
14177 0
14178 1
14179 1
14180 0
14181 0
14182 1
14183 0
14184 0
14185 1
14186 0
14187 0
14188 0
14189 0
14190 1
14191 1
14192 0
14193 0
14194 1
14195 0
14196 0
14197 0
14198 1
14199 1
14200 1
14201 1
14202 1
14203 0
14204 1
14205 0
14206 1
14207 1
14208 0
14209 1
14210 0
14211 1
14212 0
14213 1
14214 0
14215 0
14216 0
14217 0
14218 0
14219 0
14220 1
14221 0
14222 0
14223 1
14224 0
14225 1
14226 1
14227 0
14228 0
14229 0
14230 1
14231 0
14232 1
14233 1
14234 1
14235 1
14236 0
14237 1
14238 0
14239 1
14240 0
14241 1
14242 1
14243 0
14244 0
14245 1
14246 1
14247 1
14248 1
14249 1
14250 1
14251 0
14252 1
14253 1
14254 1
14255 1
14256 0
14257 1
14258 0
14259 0
14260 1
14261 1
14262 0
14263 1
14264 1
14265 0
14266 0
14267 0
14268 0
14269 0
14270 1
14271 1
14272 1
14273 0
14274 1
14275 1
14276 0
14277 0
14278 1
14279 1
14280 0
14281 1
14282 1
14283 1
14284 0
14285 0
14286 0
14287 1
14288 1
14289 1
14290 1
14291 0
14292 0
14293 1
14294 1
14295 0
14296 1
14297 0
14298 0
14299 1
14300 0
14301 1
14302 1
14303 0
14304 1
14305 0
14306 0
14307 0
14308 1
14309 1
14310 1
14311 0
14312 1
14313 1
14314 1
14315 1
14316 1
14317 1
14318 0
14319 0
14320 1
14321 1
14322 1
14323 0
14324 1
14325 1
14326 1
14327 0
14328 0
14329 1
14330 0
14331 0
14332 1
14333 1
14334 0
14335 0
14336 1
14337 1
14338 0
14339 1
14340 0
14341 0
14342 1
14343 0
14344 0
14345 1
14346 0
14347 0
14348 1
14349 0
14350 1
14351 1
14352 0
14353 1
14354 1
14355 1
14356 0
14357 0
14358 1
14359 0
14360 1
14361 1
14362 0
14363 1
14364 1
14365 1
14366 1
14367 0
14368 0
14369 0
14370 1
14371 0
14372 0
14373 0
14374 0
14375 0
14376 0
14377 1
14378 0
14379 1
14380 1
14381 0
14382 1
14383 0
14384 0
14385 1
14386 0
14387 0
14388 1
14389 1
14390 1
14391 1
14392 1
14393 1
14394 1
14395 1
14396 1
14397 1
14398 1
14399 0
14400 1
14401 0
14402 0
14403 0
14404 1
14405 1
14406 0
14407 1
14408 1
14409 0
14410 0
14411 0
14412 1
14413 0
14414 0
14415 0
14416 0
14417 0
14418 1
14419 1
14420 0
14421 0
14422 0
14423 0
14424 0
14425 0
14426 1
14427 0
14428 1
14429 0
14430 0
14431 1
14432 0
14433 1
14434 1
14435 1
14436 1
14437 1
14438 0
14439 0
14440 0
14441 1
14442 1
14443 0
14444 1
14445 0
14446 1
14447 1
14448 0
14449 0
14450 0
14451 0
14452 1
14453 0
14454 1
14455 0
14456 0
14457 0
14458 0
14459 1
14460 0
14461 0
14462 0
14463 1
14464 1
14465 1
14466 0
14467 1
14468 1
14469 1
14470 0
14471 1
14472 0
14473 1
14474 0
14475 0
14476 1
14477 0
14478 1
14479 0
14480 1
14481 1
14482 0
14483 1
14484 0
14485 0
14486 0
14487 0
14488 1
14489 0
14490 0
14491 0
14492 1
14493 0
14494 0
14495 0
14496 1
14497 0
14498 1
14499 0
14500 0
14501 0
14502 1
14503 1
14504 0
14505 1
14506 1
14507 0
14508 1
14509 0
14510 1
14511 1
14512 0
14513 1
14514 0
14515 0
14516 0
14517 1
14518 1
14519 0
14520 1
14521 0
14522 0
14523 1
14524 0
14525 0
14526 1
14527 1
14528 0
14529 1
14530 1
14531 1
14532 0
14533 1
14534 0
14535 1
14536 0
14537 1
14538 1
14539 1
14540 0
14541 1
14542 1
14543 0
14544 1
14545 0
14546 1
14547 0
14548 0
14549 1
14550 0
14551 1
14552 0
14553 0
14554 0
14555 1
14556 0
14557 0
14558 0
14559 0
14560 1
14561 1
14562 0
14563 1
14564 1
14565 1
14566 1
14567 1
14568 0
14569 0
14570 0
14571 0
14572 1
14573 1
14574 1
14575 1
14576 0
14577 1
14578 0
14579 1
14580 0
14581 0
14582 0
14583 0
14584 0
14585 0
14586 0
14587 0
14588 0
14589 1
14590 1
14591 0
14592 1
14593 1
14594 1
14595 1
14596 1
14597 1
14598 0
14599 1
14600 0
14601 1
14602 1
14603 1
14604 0
14605 1
14606 0
14607 1
14608 1
14609 0
14610 0
14611 1
14612 1
14613 1
14614 0
14615 0
14616 0
14617 0
14618 1
14619 1
14620 0
14621 1
14622 0
14623 0
14624 0
14625 0
14626 0
14627 1
14628 1
14629 0
14630 0
14631 1
14632 0
14633 0
14634 0
14635 0
14636 0
14637 0
14638 0
14639 1
14640 0
14641 0
14642 1
14643 1
14644 0
14645 0
14646 1
14647 1
14648 1
14649 1
14650 0
14651 1
14652 1
14653 1
14654 1
14655 0
14656 1
14657 0
14658 1
14659 1
14660 0
14661 0
14662 1
14663 1
14664 0
14665 1
14666 0
14667 0
14668 0
14669 1
14670 0
14671 0
14672 1
14673 1
14674 1
14675 1
14676 0
14677 1
14678 0
14679 0
14680 1
14681 0
14682 0
14683 0
14684 0
14685 1
14686 0
14687 1
14688 0
14689 0
14690 1
14691 1
14692 1
14693 0
14694 0
14695 0
14696 0
14697 0
14698 1
14699 0
14700 1
14701 0
14702 1
14703 1
14704 1
14705 1
14706 0
14707 0
14708 0
14709 1
14710 0
14711 1
14712 1
14713 1
14714 0
14715 1
14716 1
14717 1
14718 1
14719 0
14720 0
14721 1
14722 0
14723 0
14724 1
14725 0
14726 0
14727 0
14728 1
14729 1
14730 1
14731 0
14732 1
14733 1
14734 0
14735 1
14736 0
14737 1
14738 0
14739 1
14740 1
14741 0
14742 1
14743 0
14744 1
14745 1
14746 1
14747 1
14748 0
14749 0
14750 0
14751 0
14752 0
14753 1
14754 0
14755 0
14756 1
14757 0
14758 1
14759 1
14760 1
14761 1
14762 0
14763 1
14764 1
14765 0
14766 1
14767 1
14768 0
14769 0
14770 1
14771 1
14772 0
14773 1
14774 0
14775 1
14776 1
14777 0
14778 1
14779 1
14780 0
14781 1
14782 1
14783 1
14784 1
14785 1
14786 1
14787 1
14788 0
14789 1
14790 1
14791 0
14792 0
14793 1
14794 1
14795 0
14796 1
14797 0
14798 0
14799 1
14800 1
14801 0
14802 1
14803 1
14804 0
14805 1
14806 0
14807 0
14808 0
14809 1
14810 1
14811 1
14812 1
14813 1
14814 1
14815 0
14816 1
14817 1
14818 0
14819 1
14820 1
14821 0
14822 0
14823 0
14824 0
14825 0
14826 0
14827 1
14828 1
14829 0
14830 0
14831 1
14832 0
14833 1
14834 1
14835 0
14836 0
14837 1
14838 0
14839 1
14840 0
14841 1
14842 0
14843 1
14844 1
14845 1
14846 1
14847 0
14848 1
14849 0
14850 0
14851 1
14852 1
14853 1
14854 0
14855 0
14856 1
14857 0
14858 0
14859 1
14860 1
14861 0
14862 1
14863 1
14864 1
14865 1
14866 0
14867 1
14868 0
14869 0
14870 0
14871 0
14872 1
14873 1
14874 0
14875 0
14876 1
14877 0
14878 1
14879 1
14880 1
14881 1
14882 1
14883 0
14884 1
14885 0
14886 1
14887 0
14888 0
14889 1
14890 1
14891 0
14892 1
14893 0
14894 1
14895 1
14896 0
14897 1
14898 0
14899 1
14900 1
14901 1
14902 0
14903 0
14904 1
14905 0
14906 1
14907 1
14908 0
14909 0
14910 1
14911 1
14912 1
14913 0
14914 1
14915 0
14916 0
14917 1
14918 0
14919 1
14920 1
14921 1
14922 1
14923 0
14924 0
14925 1
14926 0
14927 1
14928 0
14929 1
14930 0
14931 0
14932 0
14933 1
14934 0
14935 0
14936 0
14937 0
14938 0
14939 0
14940 1
14941 1
14942 0
14943 0
14944 0
14945 0
14946 1
14947 0
14948 0
14949 1
14950 0
14951 0
14952 1
14953 1
14954 0
14955 0
14956 0
14957 1
14958 0
14959 0
14960 1
14961 1
14962 1
14963 1
14964 0
14965 0
14966 1
14967 1
14968 1
14969 0
14970 1
14971 1
14972 0
14973 1
14974 1
14975 1
14976 0
14977 1
14978 0
14979 1
14980 0
14981 0
14982 0
14983 0
14984 0
14985 1
14986 1
14987 1
14988 1
14989 1
14990 1
14991 0
14992 1
14993 1
14994 1
14995 0
14996 0
14997 0
14998 0
14999 0
15000 0
15001 1
15002 1
15003 0
15004 0
15005 0
15006 1
15007 0
15008 1
15009 0
15010 1
15011 0
15012 1
15013 0
15014 0
15015 0
15016 0
15017 1
15018 0
15019 1
15020 1
15021 1
15022 0
15023 1
15024 1
15025 1
15026 0
15027 0
15028 1
15029 1
15030 1
15031 1
15032 0
15033 0
15034 0
15035 1
15036 1
15037 0
15038 1
15039 1
15040 1
15041 0
15042 0
15043 1
15044 0
15045 1
15046 0
15047 0
15048 1
15049 1
15050 1
15051 1
15052 1
15053 0
15054 0
15055 1
15056 1
15057 1
15058 0
15059 0
15060 1
15061 1
15062 0
15063 0
15064 1
15065 0
15066 0
15067 1
15068 1
15069 0
15070 0
15071 0
15072 1
15073 1
15074 1
15075 0
15076 1
15077 0
15078 1
15079 1
15080 0
15081 0
15082 0
15083 1
15084 0
15085 0
15086 1
15087 1
15088 0
15089 0
15090 0
15091 1
15092 1
15093 0
15094 0
15095 0
15096 0
15097 1
15098 1
15099 0
15100 1
15101 0
15102 1
15103 1
15104 1
15105 1
15106 1
15107 1
15108 0
15109 0
15110 1
15111 1
15112 0
15113 1
15114 1
15115 1
15116 1
15117 0
15118 0
15119 0
15120 0
15121 0
15122 0
15123 0
15124 0
15125 1
15126 1
15127 0
15128 1
15129 0
15130 0
15131 0
15132 1
15133 0
15134 1
15135 0
15136 1
15137 1
15138 1
15139 1
15140 0
15141 1
15142 1
15143 0
15144 1
15145 0
15146 1
15147 0
15148 0
15149 0
15150 0
15151 0
15152 1
15153 0
15154 0
15155 0
15156 1
15157 0
15158 1
15159 0
15160 0
15161 1
15162 1
15163 1
15164 1
15165 1
15166 1
15167 0
15168 0
15169 1
15170 0
15171 1
15172 1
15173 0
15174 0
15175 1
15176 0
15177 0
15178 0
15179 1
15180 0
15181 0
15182 0
15183 1
15184 1
15185 1
15186 1
15187 0
15188 0
15189 1
15190 1
15191 1
15192 0
15193 0
15194 0
15195 1
15196 1
15197 0
15198 0
15199 1
15200 0
15201 0
15202 1
15203 1
15204 0
15205 1
15206 0
15207 0
15208 1
15209 1
15210 1
15211 0
15212 1
15213 0
15214 0
15215 1
15216 1
15217 0
15218 1
15219 0
15220 1
15221 1
15222 1
15223 1
15224 1
15225 0
15226 1
15227 1
15228 0
15229 0
15230 0
15231 1
15232 0
15233 0
15234 1
15235 1
15236 1
15237 0
15238 0
15239 1
15240 1
15241 0
15242 1
15243 1
15244 0
15245 1
15246 1
15247 1
15248 0
15249 0
15250 1
15251 0
15252 0
15253 1
15254 0
15255 0
15256 0
15257 0
15258 0
15259 0
15260 1
15261 0
15262 0
15263 0
15264 1
15265 1
15266 1
15267 0
15268 0
15269 0
15270 0
15271 0
15272 1
15273 1
15274 1
15275 1
15276 1
15277 0
15278 1
15279 1
15280 0
15281 1
15282 1
15283 1
15284 0
15285 1
15286 1
15287 1
15288 0
15289 0
15290 1
15291 0
15292 1
15293 1
15294 1
15295 0
15296 0
15297 1
15298 1
15299 0
15300 1
15301 1
15302 1
15303 0
15304 0
15305 1
15306 0
15307 0
15308 0
15309 0
15310 1
15311 0
15312 1
15313 0
15314 1
15315 0
15316 0
15317 1
15318 0
15319 1
15320 0
15321 1
15322 0
15323 0
15324 0
15325 1
15326 1
15327 0
15328 0
15329 1
15330 1
15331 0
15332 1
15333 1
15334 0
15335 1
15336 0
15337 1
15338 1
15339 1
15340 0
15341 1
15342 0
15343 0
15344 0
15345 1
15346 0
15347 0
15348 1
15349 0
15350 0
15351 1
15352 1
15353 1
15354 1
15355 0
15356 0
15357 0
15358 1
15359 0
15360 0
15361 0
15362 1
15363 1
15364 1
15365 0
15366 1
15367 0
15368 0
15369 0
15370 0
15371 1
15372 0
15373 0
15374 0
15375 0
15376 1
15377 1
15378 0
15379 0
15380 1
15381 1
15382 0
15383 0
15384 1
15385 0
15386 1
15387 0
15388 0
15389 1
15390 1
15391 0
15392 0
15393 1
15394 0
15395 0
15396 1
15397 0
15398 1
15399 0
15400 1
15401 0
15402 1
15403 1
15404 1
15405 0
15406 0
15407 0
15408 0
15409 0
15410 0
15411 1
15412 0
15413 1
15414 1
15415 0
15416 0
15417 1
15418 1
15419 1
15420 0
15421 1
15422 1
15423 1
15424 0
15425 1
15426 0
15427 0
15428 1
15429 1
15430 1
15431 0
15432 0
15433 0
15434 0
15435 1
15436 1
15437 1
15438 1
15439 0
15440 0
15441 1
15442 0
15443 0
15444 1
15445 1
15446 1
15447 0
15448 0
15449 0
15450 0
15451 1
15452 1
15453 0
15454 1
15455 1
15456 1
15457 0
15458 1
15459 0
15460 1
15461 0
15462 1
15463 0
15464 1
15465 0
15466 0
15467 0
15468 0
15469 1
15470 0
15471 0
15472 1
15473 0
15474 1
15475 1
15476 0
15477 1
15478 1
15479 0
15480 1
15481 1
15482 1
15483 0
15484 0
15485 0
15486 1
15487 1
15488 0
15489 1
15490 0
15491 0
15492 0
15493 1
15494 1
15495 1
15496 0
15497 0
15498 0
15499 0
15500 1
15501 1
15502 1
15503 0
15504 0
15505 1
15506 1
15507 1
15508 1
15509 0
15510 1
15511 0
15512 1
15513 0
15514 0
15515 1
15516 0
15517 1
15518 1
15519 1
15520 1
15521 0
15522 1
15523 0
15524 1
15525 1
15526 1
15527 1
15528 0
15529 0
15530 1
15531 0
15532 0
15533 1
15534 1
15535 0
15536 0
15537 0
15538 0
15539 0
15540 0
15541 1
15542 1
15543 1
15544 1
15545 0
15546 1
15547 1
15548 1
15549 1
15550 0
15551 0
15552 1
15553 0
15554 1
15555 1
15556 0
15557 1
15558 1
15559 0
15560 0
15561 0
15562 0
15563 1
15564 0
15565 1
15566 0
15567 1
15568 1
15569 1
15570 1
15571 1
15572 0
15573 0
15574 1
15575 1
15576 1
15577 1
15578 1
15579 0
15580 0
15581 1
15582 1
15583 0
15584 1
15585 0
15586 1
15587 0
15588 1
15589 1
15590 1
15591 0
15592 1
15593 0
15594 0
15595 0
15596 0
15597 1
15598 1
15599 0
15600 1
15601 0
15602 0
15603 1
15604 1
15605 1
15606 0
15607 0
15608 1
15609 1
15610 1
15611 1
15612 1
15613 0
15614 0
15615 0
15616 0
15617 0
15618 0
15619 1
15620 1
15621 1
15622 1
15623 1
15624 1
15625 1
15626 0
15627 1
15628 0
15629 0
15630 0
15631 0
15632 0
15633 1
15634 1
15635 0
15636 1
15637 0
15638 1
15639 0
15640 1
15641 0
15642 0
15643 1
15644 1
15645 1
15646 1
15647 1
15648 0
15649 1
15650 0
15651 0
15652 1
15653 0
15654 1
15655 1
15656 1
15657 0
15658 0
15659 1
15660 1
15661 1
15662 0
15663 1
15664 1
15665 0
15666 0
15667 0
15668 0
15669 1
15670 1
15671 1
15672 0
15673 1
15674 0
15675 1
15676 1
15677 0
15678 1
15679 1
15680 0
15681 1
15682 0
15683 0
15684 0
15685 1
15686 0
15687 0
15688 1
15689 0
15690 1
15691 1
15692 1
15693 1
15694 1
15695 0
15696 1
15697 1
15698 0
15699 1
15700 1
15701 0
15702 1
15703 0
15704 0
15705 0
15706 0
15707 1
15708 1
15709 0
15710 1
15711 1
15712 0
15713 0
15714 1
15715 1
15716 0
15717 1
15718 1
15719 0
15720 0
15721 1
15722 0
15723 1
15724 1
15725 0
15726 1
15727 1
15728 1
15729 0
15730 1
15731 1
15732 0
15733 0
15734 0
15735 0
15736 1
15737 0
15738 0
15739 1
15740 1
15741 1
15742 1
15743 0
15744 0
15745 0
15746 0
15747 1
15748 0
15749 1
15750 1
15751 0
15752 0
15753 0
15754 1
15755 1
15756 1
15757 1
15758 0
15759 1
15760 0
15761 1
15762 0
15763 1
15764 1
15765 1
15766 0
15767 0
15768 1
15769 0
15770 0
15771 0
15772 1
15773 1
15774 0
15775 0
15776 1
15777 1
15778 1
15779 1
15780 1
15781 0
15782 0
15783 1
15784 0
15785 0
15786 0
15787 1
15788 0
15789 0
15790 1
15791 1
15792 0
15793 0
15794 1
15795 1
15796 0
15797 0
15798 0
15799 1
15800 0
15801 0
15802 0
15803 0
15804 0
15805 0
15806 0
15807 1
15808 0
15809 1
15810 1
15811 0
15812 0
15813 0
15814 0
15815 1
15816 1
15817 1
15818 1
15819 0
15820 0
15821 0
15822 1
15823 1
15824 0
15825 0
15826 0
15827 0
15828 1
15829 0
15830 1
15831 0
15832 0
15833 1
15834 0
15835 0
15836 0
15837 1
15838 1
15839 1
15840 1
15841 0
15842 1
15843 1
15844 1
15845 1
15846 1
15847 0
15848 0
15849 0
15850 1
15851 1
15852 1
15853 0
15854 1
15855 1
15856 0
15857 1
15858 1
15859 0
15860 0
15861 0
15862 1
15863 1
15864 1
15865 0
15866 0
15867 1
15868 1
15869 1
15870 1
15871 1
15872 1
15873 0
15874 1
15875 0
15876 0
15877 1
15878 1
15879 0
15880 0
15881 0
15882 1
15883 0
15884 0
15885 0
15886 1
15887 1
15888 1
15889 1
15890 1
15891 0
15892 0
15893 1
15894 0
15895 1
15896 1
15897 1
15898 0
15899 1
15900 0
15901 1
15902 0
15903 1
15904 1
15905 0
15906 0
15907 0
15908 0
15909 0
15910 1
15911 0
15912 1
15913 0
15914 1
15915 0
15916 1
15917 0
15918 1
15919 0
15920 1
15921 1
15922 0
15923 1
15924 1
15925 1
15926 1
15927 1
15928 1
15929 0
15930 1
15931 1
15932 0
15933 0
15934 1
15935 0
15936 0
15937 0
15938 1
15939 1
15940 0
15941 0
15942 0
15943 0
15944 1
15945 0
15946 0
15947 0
15948 0
15949 1
15950 1
15951 1
15952 0
15953 0
15954 1
15955 1
15956 0
15957 0
15958 1
15959 1
15960 0
15961 0
15962 0
15963 0
15964 1
15965 1
15966 1
15967 1
15968 1
15969 1
15970 1
15971 1
15972 0
15973 0
15974 1
15975 1
15976 1
15977 1
15978 0
15979 1
15980 0
15981 0
15982 0
15983 1
15984 0
15985 1
15986 0
15987 1
15988 0
15989 1
15990 0
15991 1
15992 1
15993 1
15994 0
15995 1
15996 1
15997 1
15998 0
15999 1
16000 0
16001 1
16002 1
16003 0
16004 0
16005 0
16006 0
16007 1
16008 1
16009 0
16010 0
16011 1
16012 1
16013 1
16014 0
16015 0
16016 0
16017 0
16018 0
16019 0
16020 1
16021 1
16022 1
16023 0
16024 1
16025 1
16026 0
16027 1
16028 0
16029 0
16030 0
16031 0
16032 1
16033 0
16034 1
16035 0
16036 1
16037 0
16038 1
16039 1
16040 1
16041 0
16042 1
16043 0
16044 1
16045 0
16046 1
16047 0
16048 0
16049 0
16050 1
16051 0
16052 0
16053 1
16054 1
16055 0
16056 0
16057 0
16058 0
16059 0
16060 1
16061 0
16062 1
16063 1
16064 1
16065 1
16066 1
16067 0
16068 1
16069 0
16070 0
16071 0
16072 1
16073 0
16074 0
16075 0
16076 0
16077 0
16078 1
16079 0
16080 0
16081 1
16082 1
16083 1
16084 0
16085 0
16086 0
16087 1
16088 1
16089 1
16090 1
16091 0
16092 1
16093 0
16094 0
16095 0
16096 0
16097 0
16098 1
16099 0
16100 1
16101 0
16102 0
16103 1
16104 1
16105 0
16106 1
16107 0
16108 1
16109 0
16110 1
16111 1
16112 0
16113 0
16114 0
16115 1
16116 0
16117 1
16118 0
16119 1
16120 0
16121 0
16122 0
16123 0
16124 1
16125 0
16126 0
16127 0
16128 0
16129 1
16130 1
16131 1
16132 0
16133 1
16134 0
16135 1
16136 0
16137 1
16138 1
16139 1
16140 1
16141 1
16142 0
16143 0
16144 0
16145 0
16146 1
16147 0
16148 0
16149 0
16150 0
16151 1
16152 0
16153 0
16154 1
16155 0
16156 1
16157 0
16158 0
16159 1
16160 1
16161 0
16162 0
16163 0
16164 1
16165 1
16166 0
16167 1
16168 1
16169 1
16170 0
16171 1
16172 1
16173 0
16174 0
16175 1
16176 1
16177 1
16178 1
16179 1
16180 1
16181 1
16182 1
16183 1
16184 0
16185 1
16186 0
16187 1
16188 0
16189 0
16190 0
16191 0
16192 1
16193 1
16194 1
16195 1
16196 0
16197 0
16198 0
16199 0
16200 0
16201 1
16202 0
16203 1
16204 1
16205 1
16206 0
16207 1
16208 0
16209 0
16210 0
16211 1
16212 1
16213 1
16214 1
16215 1
16216 0
16217 0
16218 0
16219 1
16220 0
16221 1
16222 1
16223 1
16224 1
16225 1
16226 1
16227 1
16228 0
16229 1
16230 1
16231 1
16232 1
16233 1
16234 0
16235 0
16236 1
16237 0
16238 0
16239 0
16240 0
16241 1
16242 1
16243 1
16244 1
16245 1
16246 1
16247 0
16248 0
16249 1
16250 1
16251 0
16252 0
16253 0
16254 0
16255 0
16256 0
16257 1
16258 0
16259 0
16260 0
16261 0
16262 1
16263 1
16264 0
16265 1
16266 0
16267 0
16268 0
16269 1
16270 1
16271 0
16272 1
16273 1
16274 1
16275 0
16276 1
16277 0
16278 0
16279 1
16280 0
16281 1
16282 0
16283 0
16284 0
16285 1
16286 1
16287 0
16288 0
16289 1
16290 0
16291 0
16292 0
16293 0
16294 1
16295 1
16296 1
16297 0
16298 1
16299 1
16300 1
16301 0
16302 0
16303 1
16304 1
16305 0
16306 0
16307 1
16308 0
16309 1
16310 1
16311 1
16312 0
16313 0
16314 0
16315 1
16316 1
16317 1
16318 1
16319 1
16320 0
16321 0
16322 1
16323 1
16324 1
16325 1
16326 0
16327 0
16328 1
16329 1
16330 0
16331 0
16332 0
16333 0
16334 1
16335 1
16336 0
16337 1
16338 1
16339 0
16340 0
16341 0
16342 0
16343 0
16344 0
16345 0
16346 0
16347 1
16348 0
16349 0
16350 0
16351 0
16352 0
16353 0
16354 1
16355 1
16356 1
16357 0
16358 1
16359 0
16360 1
16361 0
16362 1
16363 0
16364 1
16365 1
16366 0
16367 1
16368 0
16369 1
16370 0
16371 1
16372 1
16373 1
16374 0
16375 1
16376 0
16377 1
16378 0
16379 0
16380 1
16381 0
16382 1
16383 1
16384 1
16385 0
16386 0
16387 1
16388 1
16389 0
16390 1
16391 0
16392 0
16393 0
16394 1
16395 0
16396 0
16397 0
16398 0
16399 0
16400 1
16401 1
16402 1
16403 1
16404 1
16405 1
16406 0
16407 0
16408 0
16409 1
16410 1
16411 1
16412 0
16413 1
16414 1
16415 1
16416 0
16417 1
16418 0
16419 0
16420 0
16421 0
16422 1
16423 1
16424 0
16425 0
16426 1
16427 1
16428 1
16429 0
16430 0
16431 1
16432 1
16433 1
16434 0
16435 1
16436 0
16437 1
16438 1
16439 1
16440 1
16441 1
16442 1
16443 0
16444 1
16445 1
16446 1
16447 1
16448 1
16449 0
16450 0
16451 0
16452 1
16453 0
16454 0
16455 1
16456 0
16457 1
16458 1
16459 1
16460 0
16461 0
16462 0
16463 0
16464 1
16465 0
16466 0
16467 0
16468 1
16469 0
16470 1
16471 1
16472 0
16473 1
16474 1
16475 0
16476 1
16477 0
16478 1
16479 0
16480 0
16481 0
16482 1
16483 0
16484 1
16485 0
16486 0
16487 0
16488 1
16489 1
16490 0
16491 0
16492 0
16493 0
16494 0
16495 1
16496 1
16497 0
16498 1
16499 1
16500 0
16501 1
16502 0
16503 0
16504 0
16505 1
16506 1
16507 0
16508 0
16509 0
16510 0
16511 0
16512 0
16513 0
16514 1
16515 0
16516 0
16517 1
16518 0
16519 1
16520 0
16521 1
16522 1
16523 1
16524 1
16525 0
16526 0
16527 0
16528 1
16529 1
16530 0
16531 1
16532 0
16533 1
16534 1
16535 1
16536 1
16537 1
16538 1
16539 1
16540 0
16541 1
16542 0
16543 1
16544 1
16545 0
16546 1
16547 0
16548 1
16549 1
16550 0
16551 0
16552 0
16553 0
16554 0
16555 1
16556 1
16557 1
16558 1
16559 0
16560 1
16561 0
16562 1
16563 0
16564 0
16565 1
16566 0
16567 0
16568 1
16569 0
16570 1
16571 1
16572 1
16573 0
16574 0
16575 0
16576 1
16577 1
16578 1
16579 0
16580 1
16581 1
16582 1
16583 1
16584 0
16585 0
16586 1
16587 0
16588 0
16589 0
16590 0
16591 0
16592 1
16593 0
16594 0
16595 0
16596 0
16597 0
16598 0
16599 0
16600 1
16601 1
16602 1
16603 0
16604 0
16605 0
16606 1
16607 1
16608 0
16609 0
16610 1
16611 0
16612 1
16613 1
16614 0
16615 1
16616 1
16617 0
16618 0
16619 0
16620 1
16621 0
16622 0
16623 1
16624 1
16625 1
16626 1
16627 0
16628 1
16629 0
16630 1
16631 1
16632 0
16633 0
16634 1
16635 1
16636 1
16637 0
16638 1
16639 1
16640 0
16641 0
16642 1
16643 1
16644 1
16645 0
16646 1
16647 1
16648 0
16649 1
16650 0
16651 1
16652 1
16653 1
16654 1
16655 1
16656 1
16657 0
16658 0
16659 0
16660 0
16661 1
16662 1
16663 0
16664 0
16665 0
16666 1
16667 0
16668 0
16669 0
16670 1
16671 1
16672 1
16673 0
16674 1
16675 1
16676 1
16677 1
16678 1
16679 0
16680 0
16681 0
16682 0
16683 1
16684 1
16685 0
16686 1
16687 1
16688 0
16689 0
16690 0
16691 1
16692 1
16693 0
16694 1
16695 1
16696 1
16697 0
16698 1
16699 0
16700 0
16701 0
16702 0
16703 1
16704 0
16705 0
16706 0
16707 1
16708 0
16709 1
16710 1
16711 1
16712 1
16713 1
16714 1
16715 1
16716 0
16717 0
16718 0
16719 1
16720 0
16721 1
16722 1
16723 1
16724 1
16725 0
16726 0
16727 0
16728 1
16729 0
16730 0
16731 0
16732 0
16733 1
16734 1
16735 1
16736 0
16737 0
16738 1
16739 0
16740 0
16741 0
16742 1
16743 0
16744 0
16745 1
16746 1
16747 1
16748 0
16749 0
16750 0
16751 1
16752 1
16753 0
16754 1
16755 1
16756 0
16757 0
16758 1
16759 0
16760 1
16761 1
16762 0
16763 0
16764 0
16765 1
16766 0
16767 1
16768 1
16769 0
16770 0
16771 1
16772 0
16773 1
16774 1
16775 1
16776 0
16777 0
16778 1
16779 1
16780 0
16781 0
16782 0
16783 0
16784 1
16785 0
16786 1
16787 0
16788 1
16789 0
16790 1
16791 0
16792 0
16793 1
16794 0
16795 0
16796 0
16797 0
16798 1
16799 0
16800 0
16801 0
16802 0
16803 1
16804 0
16805 1
16806 1
16807 1
16808 0
16809 0
16810 1
16811 1
16812 0
16813 0
16814 1
16815 1
16816 0
16817 0
16818 1
16819 0
16820 1
16821 0
16822 1
16823 0
16824 1
16825 0
16826 1
16827 1
16828 1
16829 0
16830 0
16831 1
16832 0
16833 0
16834 1
16835 1
16836 0
16837 0
16838 0
16839 0
16840 1
16841 1
16842 1
16843 0
16844 0
16845 0
16846 0
16847 1
16848 1
16849 0
16850 1
16851 0
16852 1
16853 0
16854 0
16855 0
16856 1
16857 0
16858 1
16859 1
16860 0
16861 0
16862 1
16863 0
16864 0
16865 1
16866 1
16867 0
16868 0
16869 1
16870 1
16871 0
16872 0
16873 0
16874 0
16875 1
16876 0
16877 0
16878 1
16879 1
16880 1
16881 1
16882 1
16883 0
16884 0
16885 1
16886 1
16887 1
16888 1
16889 0
16890 1
16891 0
16892 1
16893 0
16894 1
16895 0
16896 0
16897 0
16898 1
16899 0
16900 1
16901 1
16902 1
16903 1
16904 1
16905 0
16906 0
16907 0
16908 1
16909 1
16910 1
16911 0
16912 0
16913 0
16914 0
16915 0
16916 1
16917 1
16918 0
16919 1
16920 0
16921 0
16922 0
16923 0
16924 0
16925 1
16926 0
16927 1
16928 0
16929 0
16930 0
16931 1
16932 1
16933 0
16934 1
16935 1
16936 1
16937 1
16938 1
16939 1
16940 0
16941 1
16942 1
16943 0
16944 1
16945 0
16946 0
16947 0
16948 1
16949 1
16950 1
16951 1
16952 0
16953 1
16954 1
16955 0
16956 1
16957 1
16958 0
16959 1
16960 0
16961 0
16962 1
16963 0
16964 1
16965 1
16966 1
16967 1
16968 0
16969 0
16970 0
16971 1
16972 1
16973 1
16974 1
16975 1
16976 0
16977 1
16978 1
16979 1
16980 0
16981 0
16982 0
16983 1
16984 0
16985 0
16986 0
16987 0
16988 1
16989 0
16990 0
16991 1
16992 0
16993 1
16994 1
16995 0
16996 0
16997 0
16998 0
16999 1
17000 1
17001 0
17002 0
17003 1
17004 0
17005 1
17006 1
17007 1
17008 0
17009 1
17010 1
17011 0
17012 0
17013 1
17014 0
17015 0
17016 0
17017 0
17018 1
17019 0
17020 0
17021 1
17022 0
17023 0
17024 0
17025 0
17026 1
17027 0
17028 0
17029 1
17030 0
17031 1
17032 0
17033 1
17034 0
17035 1
17036 0
17037 1
17038 0
17039 1
17040 1
17041 1
17042 1
17043 0
17044 0
17045 0
17046 0
17047 0
17048 1
17049 1
17050 1
17051 1
17052 0
17053 1
17054 1
17055 1
17056 1
17057 1
17058 0
17059 1
17060 1
17061 1
17062 0
17063 0
17064 0
17065 0
17066 0
17067 1
17068 0
17069 1
17070 1
17071 1
17072 0
17073 0
17074 0
17075 0
17076 0
17077 0
17078 0
17079 0
17080 1
17081 1
17082 0
17083 0
17084 1
17085 0
17086 0
17087 0
17088 0
17089 1
17090 1
17091 0
17092 0
17093 1
17094 0
17095 1
17096 1
17097 0
17098 0
17099 0
17100 1
17101 1
17102 1
17103 1
17104 0
17105 0
17106 1
17107 1
17108 0
17109 0
17110 1
17111 0
17112 1
17113 1
17114 1
17115 1
17116 0
17117 0
17118 0
17119 1
17120 0
17121 1
17122 1
17123 0
17124 1
17125 1
17126 1
17127 0
17128 0
17129 1
17130 0
17131 0
17132 1
17133 1
17134 0
17135 1
17136 1
17137 0
17138 1
17139 1
17140 0
17141 1
17142 1
17143 0
17144 1
17145 1
17146 0
17147 0
17148 0
17149 0
17150 1
17151 0
17152 1
17153 1
17154 1
17155 1
17156 1
17157 1
17158 1
17159 0
17160 1
17161 0
17162 0
17163 0
17164 0
17165 1
17166 0
17167 1
17168 1
17169 0
17170 0
17171 0
17172 0
17173 1
17174 1
17175 0
17176 1
17177 1
17178 1
17179 1
17180 0
17181 1
17182 0
17183 0
17184 0
17185 1
17186 0
17187 1
17188 0
17189 0
17190 1
17191 1
17192 0
17193 0
17194 1
17195 0
17196 0
17197 0
17198 0
17199 1
17200 0
17201 1
17202 1
17203 1
17204 1
17205 1
17206 1
17207 0
17208 1
17209 0
17210 1
17211 1
17212 1
17213 1
17214 1
17215 0
17216 1
17217 1
17218 0
17219 1
17220 1
17221 1
17222 0
17223 0
17224 1
17225 0
17226 0
17227 0
17228 0
17229 0
17230 1
17231 1
17232 1
17233 1
17234 0
17235 1
17236 0
17237 0
17238 1
17239 0
17240 1
17241 1
17242 0
17243 0
17244 0
17245 1
17246 1
17247 1
17248 0
17249 1
17250 1
17251 0
17252 0
17253 1
17254 0
17255 1
17256 0
17257 1
17258 1
17259 1
17260 0
17261 0
17262 0
17263 1
17264 0
17265 1
17266 1
17267 1
17268 0
17269 1
17270 1
17271 0
17272 0
17273 1
17274 1
17275 1
17276 1
17277 0
17278 1
17279 0
17280 1
17281 0
17282 0
17283 0
17284 0
17285 1
17286 1
17287 0
17288 1
17289 1
17290 1
17291 1
17292 1
17293 1
17294 0
17295 0
17296 1
17297 1
17298 1
17299 1
17300 1
17301 1
17302 0
17303 0
17304 1
17305 1
17306 1
17307 1
17308 0
17309 1
17310 1
17311 1
17312 1
17313 0
17314 0
17315 1
17316 1
17317 1
17318 0
17319 1
17320 1
17321 0
17322 0
17323 0
17324 1
17325 0
17326 1
17327 0
17328 0
17329 0
17330 0
17331 1
17332 1
17333 0
17334 0
17335 0
17336 1
17337 0
17338 0
17339 1
17340 0
17341 0
17342 0
17343 1
17344 1
17345 1
17346 0
17347 1
17348 0
17349 1
17350 1
17351 1
17352 1
17353 1
17354 0
17355 0
17356 0
17357 1
17358 1
17359 0
17360 0
17361 1
17362 1
17363 1
17364 0
17365 0
17366 0
17367 0
17368 1
17369 1
17370 1
17371 1
17372 1
17373 0
17374 1
17375 1
17376 0
17377 1
17378 0
17379 0
17380 0
17381 0
17382 1
17383 0
17384 0
17385 0
17386 0
17387 1
17388 0
17389 1
17390 0
17391 0
17392 1
17393 1
17394 0
17395 0
17396 1
17397 1
17398 1
17399 1
17400 0
17401 1
17402 0
17403 0
17404 0
17405 1
17406 1
17407 0
17408 1
17409 1
17410 1
17411 0
17412 0
17413 0
17414 0
17415 1
17416 0
17417 0
17418 1
17419 1
17420 0
17421 0
17422 1
17423 0
17424 0
17425 1
17426 0
17427 1
17428 1
17429 1
17430 1
17431 1
17432 0
17433 1
17434 0
17435 1
17436 1
17437 0
17438 1
17439 0
17440 0
17441 0
17442 1
17443 1
17444 1
17445 0
17446 0
17447 0
17448 1
17449 0
17450 1
17451 0
17452 0
17453 1
17454 0
17455 1
17456 1
17457 0
17458 1
17459 0
17460 0
17461 0
17462 0
17463 0
17464 1
17465 1
17466 0
17467 0
17468 0
17469 1
17470 0
17471 0
17472 1
17473 1
17474 1
17475 1
17476 1
17477 0
17478 1
17479 0
17480 0
17481 1
17482 1
17483 1
17484 1
17485 0
17486 0
17487 0
17488 0
17489 0
17490 1
17491 1
17492 1
17493 0
17494 1
17495 0
17496 0
17497 1
17498 1
17499 1
17500 1
17501 1
17502 1
17503 1
17504 0
17505 0
17506 1
17507 0
17508 1
17509 0
17510 0
17511 0
17512 1
17513 0
17514 1
17515 1
17516 1
17517 0
17518 1
17519 0
17520 1
17521 1
17522 1
17523 1
17524 1
17525 0
17526 1
17527 0
17528 0
17529 1
17530 0
17531 0
17532 0
17533 1
17534 1
17535 0
17536 1
17537 0
17538 0
17539 1
17540 0
17541 0
17542 0
17543 1
17544 1
17545 1
17546 1
17547 0
17548 0
17549 0
17550 1
17551 0
17552 1
17553 1
17554 1
17555 0
17556 0
17557 1
17558 0
17559 1
17560 0
17561 0
17562 1
17563 1
17564 0
17565 1
17566 0
17567 0
17568 0
17569 0
17570 0
17571 1
17572 1
17573 0
17574 1
17575 0
17576 0
17577 0
17578 1
17579 0
17580 0
17581 0
17582 1
17583 0
17584 0
17585 0
17586 0
17587 1
17588 0
17589 1
17590 0
17591 0
17592 0
17593 0
17594 0
17595 0
17596 0
17597 1
17598 0
17599 0
17600 0
17601 0
17602 1
17603 1
17604 0
17605 0
17606 1
17607 0
17608 0
17609 1
17610 0
17611 1
17612 0
17613 1
17614 1
17615 1
17616 1
17617 1
17618 1
17619 0
17620 0
17621 0
17622 1
17623 1
17624 0
17625 1
17626 0
17627 1
17628 0
17629 0
17630 1
17631 1
17632 1
17633 1
17634 0
17635 1
17636 0
17637 0
17638 1
17639 0
17640 1
17641 0
17642 1
17643 0
17644 1
17645 1
17646 1
17647 0
17648 1
17649 0
17650 0
17651 0
17652 1
17653 0
17654 1
17655 1
17656 0
17657 0
17658 0
17659 1
17660 1
17661 0
17662 0
17663 1
17664 1
17665 0
17666 0
17667 1
17668 0
17669 1
17670 1
17671 0
17672 0
17673 0
17674 0
17675 1
17676 0
17677 1
17678 0
17679 0
17680 1
17681 0
17682 1
17683 0
17684 0
17685 0
17686 1
17687 0
17688 1
17689 0
17690 0
17691 0
17692 0
17693 1
17694 0
17695 1
17696 1
17697 0
17698 0
17699 1
17700 0
17701 0
17702 1
17703 0
17704 1
17705 1
17706 1
17707 0
17708 0
17709 1
17710 1
17711 1
17712 1
17713 1
17714 0
17715 1
17716 0
17717 0
17718 1
17719 0
17720 0
17721 1
17722 0
17723 0
17724 1
17725 0
17726 0
17727 1
17728 0
17729 0
17730 0
17731 1
17732 1
17733 0
17734 1
17735 1
17736 1
17737 0
17738 1
17739 0
17740 1
17741 1
17742 0
17743 1
17744 0
17745 0
17746 0
17747 0
17748 1
17749 0
17750 1
17751 0
17752 0
17753 1
17754 1
17755 1
17756 1
17757 0
17758 0
17759 1
17760 0
17761 0
17762 1
17763 0
17764 0
17765 0
17766 0
17767 0
17768 1
17769 0
17770 0
17771 0
17772 1
17773 1
17774 1
17775 1
17776 1
17777 1
17778 1
17779 0
17780 0
17781 0
17782 1
17783 1
17784 0
17785 0
17786 1
17787 0
17788 0
17789 1
17790 0
17791 0
17792 0
17793 1
17794 1
17795 1
17796 1
17797 1
17798 0
17799 1
17800 1
17801 0
17802 1
17803 1
17804 0
17805 1
17806 1
17807 1
17808 0
17809 1
17810 1
17811 0
17812 0
17813 0
17814 1
17815 0
17816 0
17817 0
17818 0
17819 0
17820 0
17821 0
17822 0
17823 1
17824 1
17825 0
17826 1
17827 0
17828 1
17829 0
17830 1
17831 0
17832 1
17833 0
17834 1
17835 1
17836 0
17837 1
17838 0
17839 0
17840 1
17841 1
17842 1
17843 0
17844 1
17845 1
17846 0
17847 0
17848 1
17849 0
17850 0
17851 0
17852 1
17853 1
17854 1
17855 0
17856 0
17857 1
17858 1
17859 0
17860 0
17861 0
17862 1
17863 1
17864 1
17865 0
17866 1
17867 0
17868 0
17869 1
17870 0
17871 0
17872 1
17873 1
17874 0
17875 0
17876 0
17877 0
17878 0
17879 0
17880 0
17881 1
17882 1
17883 1
17884 0
17885 0
17886 1
17887 1
17888 1
17889 0
17890 1
17891 1
17892 0
17893 0
17894 1
17895 1
17896 0
17897 1
17898 0
17899 0
17900 0
17901 1
17902 1
17903 1
17904 0
17905 0
17906 1
17907 1
17908 0
17909 1
17910 0
17911 0
17912 1
17913 1
17914 0
17915 1
17916 0
17917 0
17918 0
17919 1
17920 1
17921 0
17922 1
17923 1
17924 0
17925 0
17926 1
17927 0
17928 0
17929 0
17930 1
17931 0
17932 0
17933 0
17934 0
17935 0
17936 1
17937 1
17938 0
17939 0
17940 1
17941 1
17942 1
17943 0
17944 0
17945 0
17946 1
17947 1
17948 0
17949 0
17950 0
17951 1
17952 0
17953 1
17954 0
17955 0
17956 0
17957 0
17958 0
17959 1
17960 1
17961 1
17962 1
17963 1
17964 0
17965 0
17966 1
17967 0
17968 1
17969 1
17970 0
17971 1
17972 1
17973 0
17974 1
17975 0
17976 1
17977 1
17978 0
17979 0
17980 0
17981 0
17982 1
17983 0
17984 0
17985 1
17986 1
17987 1
17988 0
17989 0
17990 0
17991 1
17992 0
17993 0
17994 1
17995 0
17996 1
17997 0
17998 1
17999 0
18000 0
18001 0
18002 1
18003 1
18004 1
18005 1
18006 0
18007 1
18008 0
18009 1
18010 0
18011 1
18012 0
18013 1
18014 0
18015 1
18016 1
18017 1
18018 0
18019 1
18020 0
18021 1
18022 1
18023 1
18024 1
18025 0
18026 1
18027 1
18028 1
18029 0
18030 1
18031 1
18032 1
18033 1
18034 0
18035 1
18036 0
18037 1
18038 1
18039 0
18040 1
18041 0
18042 1
18043 0
18044 0
18045 0
18046 1
18047 0
18048 0
18049 1
18050 1
18051 0
18052 1
18053 0
18054 0
18055 1
18056 1
18057 1
18058 1
18059 1
18060 1
18061 0
18062 0
18063 1
18064 1
18065 1
18066 0
18067 1
18068 0
18069 0
18070 1
18071 1
18072 0
18073 1
18074 1
18075 1
18076 1
18077 0
18078 1
18079 0
18080 1
18081 0
18082 0
18083 1
18084 0
18085 1
18086 0
18087 1
18088 0
18089 0
18090 1
18091 1
18092 0
18093 1
18094 1
18095 0
18096 1
18097 1
18098 0
18099 0
18100 0
18101 0
18102 0
18103 0
18104 0
18105 0
18106 0
18107 1
18108 0
18109 0
18110 1
18111 1
18112 0
18113 0
18114 0
18115 0
18116 0
18117 1
18118 1
18119 0
18120 1
18121 0
18122 0
18123 1
18124 1
18125 0
18126 1
18127 0
18128 1
18129 0
18130 1
18131 1
18132 1
18133 0
18134 0
18135 0
18136 0
18137 0
18138 1
18139 0
18140 0
18141 1
18142 0
18143 1
18144 0
18145 1
18146 0
18147 0
18148 1
18149 0
18150 0
18151 1
18152 0
18153 0
18154 1
18155 1
18156 0
18157 0
18158 0
18159 1
18160 1
18161 1
18162 1
18163 1
18164 1
18165 1
18166 0
18167 0
18168 1
18169 1
18170 1
18171 0
18172 1
18173 1
18174 0
18175 1
18176 0
18177 0
18178 0
18179 0
18180 0
18181 1
18182 1
18183 1
18184 1
18185 0
18186 0
18187 1
18188 1
18189 1
18190 0
18191 0
18192 1
18193 0
18194 1
18195 1
18196 0
18197 1
18198 1
18199 1
18200 0
18201 1
18202 0
18203 0
18204 0
18205 1
18206 0
18207 1
18208 0
18209 0
18210 0
18211 0
18212 0
18213 0
18214 0
18215 0
18216 0
18217 1
18218 0
18219 1
18220 1
18221 0
18222 0
18223 0
18224 1
18225 0
18226 1
18227 0
18228 1
18229 0
18230 1
18231 0
18232 1
18233 1
18234 0
18235 0
18236 1
18237 1
18238 1
18239 1
18240 0
18241 1
18242 1
18243 0
18244 1
18245 0
18246 0
18247 1
18248 0
18249 1
18250 1
18251 0
18252 1
18253 0
18254 1
18255 1
18256 1
18257 0
18258 0
18259 1
18260 1
18261 0
18262 1
18263 0
18264 1
18265 1
18266 1
18267 1
18268 1
18269 0
18270 0
18271 0
18272 0
18273 1
18274 1
18275 1
18276 0
18277 0
18278 1
18279 1
18280 0
18281 0
18282 0
18283 0
18284 1
18285 0
18286 0
18287 0
18288 0
18289 1
18290 0
18291 0
18292 0
18293 0
18294 1
18295 0
18296 0
18297 1
18298 1
18299 1
18300 1
18301 1
18302 1
18303 1
18304 1
18305 1
18306 0
18307 1
18308 1
18309 0
18310 0
18311 0
18312 1
18313 1
18314 0
18315 0
18316 1
18317 1
18318 1
18319 0
18320 1
18321 0
18322 1
18323 0
18324 0
18325 0
18326 0
18327 1
18328 1
18329 1
18330 0
18331 0
18332 0
18333 1
18334 0
18335 1
18336 0
18337 1
18338 1
18339 0
18340 1
18341 1
18342 1
18343 0
18344 0
18345 0
18346 1
18347 0
18348 0
18349 0
18350 1
18351 1
18352 1
18353 0
18354 0
18355 1
18356 0
18357 0
18358 1
18359 0
18360 0
18361 1
18362 1
18363 1
18364 0
18365 1
18366 1
18367 0
18368 1
18369 0
18370 0
18371 1
18372 1
18373 0
18374 1
18375 1
18376 0
18377 1
18378 1
18379 1
18380 0
18381 0
18382 0
18383 1
18384 0
18385 1
18386 1
18387 1
18388 1
18389 0
18390 1
18391 0
18392 0
18393 0
18394 1
18395 1
18396 0
18397 0
18398 1
18399 0
18400 0
18401 0
18402 1
18403 0
18404 1
18405 0
18406 0
18407 0
18408 1
18409 1
18410 1
18411 0
18412 1
18413 0
18414 0
18415 1
18416 1
18417 0
18418 1
18419 0
18420 0
18421 0
18422 0
18423 1
18424 1
18425 0
18426 1
18427 1
18428 1
18429 0
18430 1
18431 1
18432 0
18433 0
18434 0
18435 0
18436 0
18437 1
18438 0
18439 1
18440 0
18441 1
18442 1
18443 1
18444 0
18445 0
18446 1
18447 0
18448 1
18449 0
18450 1
18451 1
18452 0
18453 0
18454 1
18455 0
18456 0
18457 0
18458 0
18459 0
18460 0
18461 1
18462 0
18463 1
18464 0
18465 1
18466 1
18467 1
18468 0
18469 1
18470 1
18471 1
18472 1
18473 0
18474 1
18475 1
18476 0
18477 1
18478 0
18479 1
18480 0
18481 1
18482 0
18483 1
18484 0
18485 0
18486 0
18487 1
18488 1
18489 0
18490 1
18491 1
18492 1
18493 0
18494 1
18495 1
18496 0
18497 1
18498 0
18499 1
18500 1
18501 0
18502 0
18503 1
18504 1
18505 1
18506 1
18507 1
18508 1
18509 1
18510 1
18511 0
18512 0
18513 1
18514 1
18515 0
18516 0
18517 0
18518 0
18519 1
18520 1
18521 1
18522 1
18523 0
18524 1
18525 0
18526 1
18527 1
18528 0
18529 0
18530 0
18531 1
18532 1
18533 0
18534 0
18535 1
18536 0
18537 1
18538 0
18539 0
18540 1
18541 1
18542 0
18543 1
18544 1
18545 1
18546 1
18547 0
18548 0
18549 0
18550 0
18551 1
18552 1
18553 1
18554 0
18555 0
18556 0
18557 1
18558 0
18559 0
18560 1
18561 0
18562 0
18563 1
18564 0
18565 1
18566 1
18567 0
18568 1
18569 0
18570 0
18571 0
18572 1
18573 0
18574 0
18575 1
18576 0
18577 0
18578 1
18579 0
18580 1
18581 0
18582 1
18583 1
18584 0
18585 1
18586 1
18587 0
18588 0
18589 1
18590 0
18591 1
18592 1
18593 0
18594 1
18595 0
18596 0
18597 0
18598 0
18599 1
18600 1
18601 0
18602 1
18603 0
18604 0
18605 0
18606 1
18607 0
18608 1
18609 1
18610 0
18611 0
18612 1
18613 1
18614 1
18615 0
18616 1
18617 0
18618 1
18619 1
18620 0
18621 1
18622 1
18623 0
18624 0
18625 0
18626 1
18627 1
18628 1
18629 0
18630 1
18631 0
18632 1
18633 1
18634 1
18635 0
18636 0
18637 0
18638 0
18639 1
18640 1
18641 0
18642 1
18643 1
18644 0
18645 1
18646 1
18647 1
18648 0
18649 1
18650 0
18651 0
18652 1
18653 1
18654 0
18655 0
18656 0
18657 0
18658 0
18659 0
18660 1
18661 1
18662 0
18663 1
18664 1
18665 0
18666 1
18667 1
18668 1
18669 1
18670 1
18671 0
18672 0
18673 1
18674 1
18675 1
18676 1
18677 1
18678 1
18679 0
18680 1
18681 0
18682 1
18683 1
18684 1
18685 0
18686 0
18687 0
18688 1
18689 0
18690 0
18691 1
18692 0
18693 1
18694 1
18695 0
18696 0
18697 1
18698 1
18699 1
18700 0
18701 0
18702 0
18703 0
18704 0
18705 0
18706 0
18707 0
18708 1
18709 0
18710 0
18711 0
18712 1
18713 1
18714 1
18715 0
18716 1
18717 1
18718 0
18719 1
18720 1
18721 0
18722 1
18723 0
18724 0
18725 0
18726 1
18727 0
18728 1
18729 1
18730 0
18731 1
18732 1
18733 0
18734 0
18735 1
18736 1
18737 1
18738 0
18739 0
18740 0
18741 1
18742 1
18743 1
18744 1
18745 0
18746 0
18747 1
18748 0
18749 0
18750 1
18751 1
18752 0
18753 0
18754 1
18755 1
18756 1
18757 0
18758 1
18759 1
18760 1
18761 0
18762 0
18763 1
18764 1
18765 0
18766 1
18767 0
18768 0
18769 1
18770 0
18771 1
18772 0
18773 0
18774 0
18775 0
18776 1
18777 1
18778 0
18779 0
18780 1
18781 1
18782 0
18783 0
18784 0
18785 0
18786 1
18787 1
18788 0
18789 1
18790 0
18791 1
18792 0
18793 1
18794 0
18795 0
18796 0
18797 1
18798 0
18799 0
18800 0
18801 0
18802 1
18803 1
18804 1
18805 1
18806 0
18807 0
18808 0
18809 0
18810 1
18811 1
18812 1
18813 1
18814 0
18815 1
18816 1
18817 0
18818 0
18819 0
18820 1
18821 1
18822 1
18823 0
18824 0
18825 1
18826 0
18827 1
18828 0
18829 0
18830 1
18831 0
18832 0
18833 1
18834 1
18835 0
18836 0
18837 0
18838 1
18839 0
18840 1
18841 1
18842 1
18843 0
18844 0
18845 0
18846 1
18847 0
18848 0
18849 0
18850 0
18851 0
18852 0
18853 1
18854 1
18855 0
18856 1
18857 1
18858 0
18859 0
18860 0
18861 1
18862 0
18863 0
18864 1
18865 0
18866 0
18867 0
18868 0
18869 1
18870 0
18871 0
18872 0
18873 0
18874 0
18875 1
18876 1
18877 0
18878 0
18879 0
18880 1
18881 1
18882 0
18883 1
18884 0
18885 1
18886 0
18887 1
18888 0
18889 1
18890 1
18891 0
18892 0
18893 1
18894 0
18895 0
18896 0
18897 0
18898 1
18899 1
18900 1
18901 0
18902 0
18903 0
18904 1
18905 1
18906 1
18907 0
18908 0
18909 0
18910 1
18911 1
18912 1
18913 1
18914 0
18915 1
18916 1
18917 1
18918 1
18919 1
18920 1
18921 0
18922 0
18923 0
18924 1
18925 0
18926 1
18927 0
18928 0
18929 1
18930 1
18931 1
18932 1
18933 1
18934 0
18935 0
18936 0
18937 0
18938 0
18939 0
18940 0
18941 0
18942 1
18943 1
18944 1
18945 1
18946 1
18947 0
18948 1
18949 0
18950 0
18951 0
18952 0
18953 0
18954 1
18955 1
18956 1
18957 1
18958 1
18959 1
18960 1
18961 1
18962 0
18963 0
18964 0
18965 0
18966 0
18967 1
18968 1
18969 0
18970 0
18971 1
18972 0
18973 1
18974 1
18975 0
18976 1
18977 0
18978 0
18979 1
18980 1
18981 1
18982 0
18983 0
18984 1
18985 1
18986 0
18987 0
18988 1
18989 0
18990 1
18991 1
18992 0
18993 1
18994 0
18995 1
18996 1
18997 1
18998 1
18999 1
19000 1
19001 1
19002 1
19003 0
19004 1
19005 0
19006 0
19007 1
19008 0
19009 1
19010 1
19011 1
19012 1
19013 0
19014 1
19015 0
19016 0
19017 1
19018 1
19019 1
19020 1
19021 1
19022 0
19023 1
19024 0
19025 0
19026 0
19027 0
19028 1
19029 1
19030 0
19031 0
19032 0
19033 1
19034 1
19035 0
19036 1
19037 1
19038 1
19039 0
19040 0
19041 1
19042 1
19043 1
19044 1
19045 1
19046 1
19047 1
19048 0
19049 0
19050 0
19051 1
19052 0
19053 0
19054 0
19055 1
19056 1
19057 1
19058 1
19059 1
19060 1
19061 0
19062 1
19063 1
19064 1
19065 0
19066 1
19067 0
19068 0
19069 0
19070 1
19071 0
19072 0
19073 1
19074 1
19075 0
19076 0
19077 0
19078 1
19079 1
19080 1
19081 0
19082 0
19083 1
19084 1
19085 1
19086 0
19087 1
19088 0
19089 0
19090 0
19091 1
19092 0
19093 0
19094 1
19095 0
19096 1
19097 1
19098 0
19099 0
19100 0
19101 1
19102 1
19103 0
19104 1
19105 0
19106 0
19107 0
19108 1
19109 1
19110 0
19111 1
19112 0
19113 0
19114 0
19115 0
19116 0
19117 0
19118 1
19119 0
19120 0
19121 0
19122 1
19123 1
19124 0
19125 0
19126 0
19127 1
19128 0
19129 1
19130 1
19131 1
19132 0
19133 1
19134 1
19135 1
19136 0
19137 0
19138 0
19139 0
19140 0
19141 1
19142 1
19143 1
19144 1
19145 1
19146 1
19147 1
19148 0
19149 1
19150 1
19151 1
19152 1
19153 1
19154 1
19155 0
19156 1
19157 1
19158 0
19159 0
19160 0
19161 1
19162 0
19163 0
19164 0
19165 1
19166 0
19167 1
19168 1
19169 0
19170 0
19171 0
19172 1
19173 0
19174 0
19175 0
19176 1
19177 0
19178 0
19179 1
19180 1
19181 0
19182 0
19183 1
19184 0
19185 0
19186 0
19187 1
19188 0
19189 1
19190 1
19191 0
19192 0
19193 1
19194 0
19195 1
19196 0
19197 0
19198 0
19199 0
19200 1
19201 0
19202 0
19203 1
19204 0
19205 1
19206 0
19207 0
19208 0
19209 1
19210 1
19211 1
19212 0
19213 1
19214 1
19215 0
19216 1
19217 0
19218 0
19219 0
19220 1
19221 0
19222 0
19223 1
19224 1
19225 1
19226 0
19227 0
19228 1
19229 1
19230 1
19231 0
19232 0
19233 1
19234 0
19235 1
19236 0
19237 1
19238 1
19239 1
19240 1
19241 0
19242 0
19243 1
19244 1
19245 1
19246 0
19247 0
19248 0
19249 1
19250 0
19251 1
19252 0
19253 0
19254 0
19255 1
19256 0
19257 1
19258 0
19259 0
19260 1
19261 1
19262 1
19263 1
19264 0
19265 1
19266 1
19267 1
19268 1
19269 1
19270 0
19271 0
19272 1
19273 0
19274 1
19275 0
19276 1
19277 0
19278 0
19279 0
19280 0
19281 1
19282 0
19283 0
19284 1
19285 1
19286 1
19287 0
19288 1
19289 1
19290 0
19291 0
19292 1
19293 1
19294 1
19295 1
19296 1
19297 0
19298 1
19299 0
19300 1
19301 1
19302 1
19303 0
19304 0
19305 1
19306 1
19307 0
19308 0
19309 0
19310 0
19311 0
19312 1
19313 1
19314 1
19315 1
19316 0
19317 0
19318 0
19319 0
19320 1
19321 0
19322 0
19323 0
19324 1
19325 1
19326 0
19327 0
19328 0
19329 0
19330 0
19331 0
19332 1
19333 0
19334 1
19335 1
19336 1
19337 0
19338 1
19339 0
19340 0
19341 1
19342 1
19343 0
19344 1
19345 0
19346 1
19347 0
19348 0
19349 1
19350 0
19351 0
19352 1
19353 1
19354 1
19355 1
19356 0
19357 0
19358 0
19359 0
19360 1
19361 1
19362 1
19363 0
19364 1
19365 0
19366 0
19367 0
19368 1
19369 0
19370 1
19371 1
19372 1
19373 0
19374 1
19375 1
19376 0
19377 1
19378 1
19379 0
19380 0
19381 0
19382 1
19383 0
19384 0
19385 0
19386 0
19387 1
19388 0
19389 1
19390 1
19391 1
19392 0
19393 1
19394 1
19395 0
19396 1
19397 0
19398 0
19399 1
19400 1
19401 1
19402 0
19403 0
19404 0
19405 1
19406 0
19407 0
19408 0
19409 1
19410 0
19411 0
19412 0
19413 0
19414 0
19415 0
19416 0
19417 1
19418 0
19419 0
19420 1
19421 0
19422 0
19423 1
19424 0
19425 0
19426 1
19427 1
19428 0
19429 1
19430 1
19431 1
19432 0
19433 0
19434 0
19435 1
19436 1
19437 0
19438 1
19439 1
19440 1
19441 0
19442 0
19443 0
19444 1
19445 1
19446 1
19447 0
19448 0
19449 0
19450 0
19451 1
19452 0
19453 1
19454 1
19455 0
19456 1
19457 0
19458 1
19459 1
19460 0
19461 1
19462 0
19463 0
19464 0
19465 0
19466 0
19467 0
19468 0
19469 1
19470 0
19471 1
19472 0
19473 0
19474 1
19475 0
19476 1
19477 0
19478 1
19479 0
19480 1
19481 1
19482 0
19483 1
19484 0
19485 0
19486 0
19487 0
19488 1
19489 1
19490 1
19491 0
19492 1
19493 0
19494 1
19495 1
19496 0
19497 0
19498 0
19499 0
19500 1
19501 0
19502 1
19503 1
19504 0
19505 0
19506 1
19507 1
19508 0
19509 0
19510 0
19511 0
19512 0
19513 0
19514 0
19515 1
19516 0
19517 1
19518 0
19519 1
19520 0
19521 1
19522 1
19523 1
19524 0
19525 0
19526 0
19527 1
19528 1
19529 0
19530 0
19531 1
19532 1
19533 1
19534 1
19535 1
19536 0
19537 1
19538 0
19539 0
19540 0
19541 1
19542 1
19543 0
19544 1
19545 0
19546 1
19547 0
19548 1
19549 1
19550 1
19551 0
19552 1
19553 1
19554 0
19555 0
19556 1
19557 1
19558 0
19559 1
19560 1
19561 0
19562 0
19563 0
19564 1
19565 1
19566 0
19567 0
19568 1
19569 0
19570 0
19571 1
19572 1
19573 1
19574 1
19575 1
19576 0
19577 1
19578 1
19579 1
19580 1
19581 0
19582 0
19583 1
19584 1
19585 0
19586 0
19587 1
19588 0
19589 0
19590 0
19591 0
19592 1
19593 1
19594 1
19595 1
19596 1
19597 0
19598 0
19599 0
19600 0
19601 1
19602 0
19603 0
19604 0
19605 1
19606 0
19607 0
19608 1
19609 1
19610 1
19611 0
19612 1
19613 0
19614 0
19615 1
19616 0
19617 1
19618 1
19619 0
19620 0
19621 1
19622 1
19623 1
19624 1
19625 1
19626 0
19627 1
19628 1
19629 1
19630 0
19631 0
19632 1
19633 1
19634 0
19635 0
19636 1
19637 1
19638 1
19639 0
19640 0
19641 0
19642 1
19643 0
19644 0
19645 0
19646 0
19647 0
19648 1
19649 1
19650 0
19651 1
19652 1
19653 0
19654 1
19655 1
19656 0
19657 1
19658 0
19659 1
19660 1
19661 1
19662 1
19663 0
19664 1
19665 0
19666 0
19667 1
19668 1
19669 0
19670 1
19671 0
19672 0
19673 1
19674 1
19675 1
19676 0
19677 0
19678 1
19679 0
19680 0
19681 0
19682 1
19683 1
19684 1
19685 1
19686 0
19687 1
19688 1
19689 0
19690 0
19691 0
19692 0
19693 1
19694 0
19695 0
19696 1
19697 0
19698 1
19699 0
19700 1
19701 1
19702 0
19703 0
19704 0
19705 1
19706 1
19707 0
19708 1
19709 0
19710 1
19711 1
19712 1
19713 0
19714 0
19715 1
19716 1
19717 1
19718 1
19719 1
19720 1
19721 0
19722 1
19723 1
19724 1
19725 0
19726 0
19727 1
19728 1
19729 1
19730 0
19731 1
19732 0
19733 0
19734 1
19735 0
19736 1
19737 0
19738 1
19739 0
19740 0
19741 0
19742 1
19743 0
19744 0
19745 1
19746 1
19747 1
19748 0
19749 1
19750 1
19751 0
19752 1
19753 1
19754 0
19755 0
19756 0
19757 0
19758 0
19759 1
19760 0
19761 1
19762 1
19763 1
19764 1
19765 0
19766 1
19767 0
19768 0
19769 1
19770 0
19771 0
19772 1
19773 1
19774 0
19775 1
19776 1
19777 0
19778 0
19779 1
19780 0
19781 1
19782 1
19783 1
19784 0
19785 1
19786 1
19787 1
19788 0
19789 0
19790 1
19791 0
19792 1
19793 0
19794 1
19795 1
19796 0
19797 1
19798 0
19799 0
19800 0
19801 1
19802 0
19803 0
19804 0
19805 0
19806 1
19807 1
19808 0
19809 0
19810 0
19811 1
19812 1
19813 1
19814 0
19815 0
19816 0
19817 0
19818 1
19819 1
19820 1
19821 1
19822 0
19823 1
19824 0
19825 0
19826 0
19827 0
19828 0
19829 0
19830 1
19831 1
19832 1
19833 0
19834 0
19835 0
19836 1
19837 0
19838 0
19839 0
19840 1
19841 1
19842 0
19843 1
19844 1
19845 0
19846 1
19847 0
19848 1
19849 0
19850 1
19851 1
19852 1
19853 0
19854 0
19855 1
19856 0
19857 1
19858 0
19859 0
19860 0
19861 0
19862 0
19863 1
19864 0
19865 0
19866 1
19867 0
19868 0
19869 1
19870 1
19871 0
19872 0
19873 1
19874 0
19875 0
19876 0
19877 0
19878 0
19879 0
19880 0
19881 0
19882 1
19883 0
19884 1
19885 0
19886 0
19887 1
19888 1
19889 0
19890 1
19891 1
19892 1
19893 0
19894 0
19895 0
19896 0
19897 1
19898 1
19899 0
19900 1
19901 0
19902 0
19903 1
19904 0
19905 0
19906 0
19907 0
19908 1
19909 0
19910 1
19911 1
19912 1
19913 0
19914 0
19915 0
19916 0
19917 1
19918 0
19919 1
19920 1
19921 1
19922 0
19923 1
19924 0
19925 0
19926 0
19927 0
19928 0
19929 1
19930 0
19931 1
19932 0
19933 1
19934 0
19935 1
19936 0
19937 0
19938 1
19939 1
19940 0
19941 1
19942 1
19943 1
19944 0
19945 1
19946 1
19947 0
19948 1
19949 1
19950 1
19951 1
19952 1
19953 0
19954 0
19955 0
19956 1
19957 1
19958 1
19959 1
19960 0
19961 1
19962 1
19963 0
19964 1
19965 0
19966 0
19967 0
19968 1
19969 0
19970 1
19971 0
19972 0
19973 1
19974 0
19975 1
19976 1
19977 1
19978 1
19979 0
19980 1
19981 1
19982 0
19983 0
19984 1
19985 1
19986 1
19987 0
19988 0
19989 1
19990 0
19991 0
19992 1
19993 1
19994 0
19995 0
19996 1
19997 0
19998 0
19999 1
20000 1
20001 0
20002 0
20003 1
20004 0
20005 1
20006 0
20007 0
20008 0
20009 0
20010 1
20011 1
20012 0
20013 1
20014 1
20015 0
20016 0
20017 0
20018 0
20019 1
20020 1
20021 0
20022 1
20023 0
20024 0
20025 0
20026 0
20027 1
20028 0
20029 1
20030 1
20031 1
20032 1
20033 0
20034 0
20035 0
20036 0
20037 1
20038 1
20039 0
20040 0
20041 1
20042 0
20043 1
20044 0
20045 0
20046 0
20047 1
20048 0
20049 0
20050 1
20051 0
20052 1
20053 1
20054 1
20055 0
20056 1
20057 1
20058 0
20059 1
20060 0
20061 1
20062 0
20063 1
20064 1
20065 1
20066 1
20067 1
20068 1
20069 0
20070 0
20071 1
20072 1
20073 1
20074 0
20075 0
20076 0
20077 1
20078 1
20079 1
20080 0
20081 1
20082 1
20083 0
20084 1
20085 0
20086 1
20087 1
20088 0
20089 1
20090 1
20091 1
20092 0
20093 0
20094 0
20095 0
20096 0
20097 1
20098 0
20099 0
20100 0
20101 1
20102 0
20103 0
20104 0
20105 0
20106 0
20107 1
20108 0
20109 0
20110 0
20111 0
20112 1
20113 0
20114 1
20115 0
20116 1
20117 1
20118 1
20119 0
20120 0
20121 1
20122 1
20123 1
20124 1
20125 0
20126 0
20127 0
20128 0
20129 0
20130 0
20131 0
20132 0
20133 1
20134 0
20135 1
20136 1
20137 1
20138 1
20139 0
20140 1
20141 1
20142 0
20143 0
20144 0
20145 1
20146 1
20147 0
20148 1
20149 1
20150 0
20151 1
20152 1
20153 1
20154 1
20155 0
20156 1
20157 1
20158 0
20159 1
20160 0
20161 0
20162 1
20163 1
20164 0
20165 0
20166 0
20167 0
20168 1
20169 1
20170 0
20171 0
20172 1
20173 0
20174 0
20175 0
20176 1
20177 0
20178 0
20179 0
20180 1
20181 0
20182 0
20183 0
20184 1
20185 0
20186 1
20187 1
20188 1
20189 1
20190 0
20191 1
20192 1
20193 1
20194 0
20195 0
20196 1
20197 1
20198 1
20199 1
20200 0
20201 1
20202 1
20203 1
20204 0
20205 1
20206 0
20207 0
20208 1
20209 1
20210 0
20211 1
20212 1
20213 0
20214 0
20215 1
20216 1
20217 1
20218 1
20219 0
20220 0
20221 1
20222 0
20223 0
20224 1
20225 1
20226 1
20227 1
20228 0
20229 0
20230 1
20231 1
20232 1
20233 1
20234 1
20235 0
20236 1
20237 1
20238 1
20239 1
20240 1
20241 1
20242 1
20243 1
20244 1
20245 1
20246 1
20247 0
20248 1
20249 1
20250 1
20251 1
20252 0
20253 1
20254 0
20255 1
20256 1
20257 1
20258 0
20259 1
20260 1
20261 0
20262 0
20263 1
20264 0
20265 1
20266 1
20267 1
20268 1
20269 1
20270 1
20271 1
20272 1
20273 1
20274 1
20275 1
20276 1
20277 0
20278 0
20279 0
20280 0
20281 1
20282 0
20283 0
20284 1
20285 1
20286 0
20287 1
20288 0
20289 1
20290 1
20291 1
20292 0
20293 1
20294 1
20295 0
20296 1
20297 0
20298 1
20299 1
20300 1
20301 0
20302 0
20303 1
20304 0
20305 0
20306 0
20307 1
20308 0
20309 1
20310 0
20311 0
20312 1
20313 0
20314 0
20315 1
20316 1
20317 1
20318 0
20319 0
20320 1
20321 0
20322 1
20323 1
20324 1
20325 0
20326 0
20327 1
20328 0
20329 0
20330 1
20331 0
20332 0
20333 0
20334 1
20335 1
20336 0
20337 0
20338 1
20339 0
20340 1
20341 0
20342 0
20343 0
20344 0
20345 0
20346 1
20347 1
20348 0
20349 1
20350 1
20351 1
20352 1
20353 1
20354 1
20355 1
20356 1
20357 1
20358 1
20359 0
20360 1
20361 0
20362 0
20363 1
20364 1
20365 0
20366 0
20367 1
20368 0
20369 0
20370 0
20371 1
20372 1
20373 1
20374 1
20375 0
20376 0
20377 1
20378 1
20379 0
20380 1
20381 1
20382 1
20383 1
20384 0
20385 1
20386 1
20387 0
20388 0
20389 0
20390 0
20391 0
20392 1
20393 1
20394 0
20395 1
20396 1
20397 1
20398 0
20399 0
20400 0
20401 1
20402 0
20403 1
20404 0
20405 1
20406 1
20407 1
20408 0
20409 0
20410 0
20411 0
20412 1
20413 0
20414 1
20415 0
20416 1
20417 0
20418 0
20419 1
20420 0
20421 0
20422 0
20423 0
20424 1
20425 1
20426 1
20427 0
20428 0
20429 1
20430 1
20431 1
20432 1
20433 1
20434 1
20435 1
20436 1
20437 1
20438 0
20439 0
20440 1
20441 1
20442 0
20443 1
20444 0
20445 1
20446 0
20447 0
20448 0
20449 0
20450 0
20451 1
20452 0
20453 1
20454 0
20455 0
20456 1
20457 0
20458 0
20459 0
20460 1
20461 0
20462 0
20463 0
20464 0
20465 0
20466 0
20467 1
20468 1
20469 1
20470 0
20471 0
20472 1
20473 1
20474 0
20475 0
20476 1
20477 0
20478 0
20479 0
20480 1
20481 1
20482 0
20483 0
20484 0
20485 1
20486 0
20487 0
20488 0
20489 1
20490 0
20491 1
20492 0
20493 0
20494 0
20495 0
20496 0
20497 1
20498 0
20499 1
20500 1
20501 1
20502 1
20503 1
20504 0
20505 0
20506 1
20507 0
20508 0
20509 0
20510 0
20511 0
20512 0
20513 1
20514 1
20515 1
20516 1
20517 0
20518 0
20519 1
20520 1
20521 0
20522 0
20523 0
20524 0
20525 0
20526 0
20527 0
20528 0
20529 0
20530 0
20531 1
20532 1
20533 0
20534 0
20535 1
20536 1
20537 1
20538 1
20539 0
20540 1
20541 1
20542 1
20543 0
20544 0
20545 1
20546 1
20547 0
20548 1
20549 1
20550 0
20551 1
20552 1
20553 0
20554 1
20555 0
20556 0
20557 0
20558 0
20559 0
20560 0
20561 0
20562 0
20563 0
20564 0
20565 1
20566 0
20567 1
20568 1
20569 1
20570 0
20571 1
20572 1
20573 1
20574 0
20575 1
20576 1
20577 0
20578 0
20579 1
20580 0
20581 0
20582 1
20583 1
20584 1
20585 1
20586 1
20587 1
20588 0
20589 0
20590 0
20591 0
20592 1
20593 1
20594 1
20595 1
20596 0
20597 0
20598 1
20599 1
20600 0
20601 1
20602 0
20603 1
20604 1
20605 0
20606 0
20607 1
20608 0
20609 0
20610 1
20611 0
20612 1
20613 0
20614 0
20615 0
20616 0
20617 1
20618 0
20619 1
20620 1
20621 1
20622 0
20623 0
20624 1
20625 0
20626 0
20627 0
20628 0
20629 1
20630 0
20631 0
20632 0
20633 0
20634 1
20635 1
20636 0
20637 1
20638 0
20639 1
20640 0
20641 1
20642 1
20643 1
20644 1
20645 0
20646 1
20647 0
20648 0
20649 0
20650 1
20651 0
20652 0
20653 0
20654 0
20655 1
20656 0
20657 0
20658 0
20659 0
20660 0
20661 0
20662 1
20663 1
20664 1
20665 1
20666 1
20667 1
20668 1
20669 1
20670 1
20671 1
20672 0
20673 1
20674 1
20675 0
20676 1
20677 0
20678 0
20679 1
20680 0
20681 0
20682 0
20683 1
20684 1
20685 0
20686 0
20687 0
20688 1
20689 1
20690 0
20691 0
20692 1
20693 1
20694 1
20695 1
20696 0
20697 1
20698 0
20699 1
20700 1
20701 1
20702 0
20703 0
20704 1
20705 0
20706 1
20707 0
20708 1
20709 0
20710 0
20711 0
20712 1
20713 1
20714 0
20715 1
20716 0
20717 1
20718 0
20719 0
20720 1
20721 0
20722 0
20723 0
20724 0
20725 1
20726 0
20727 1
20728 0
20729 1
20730 0
20731 1
20732 1
20733 0
20734 0
20735 1
20736 0
20737 1
20738 1
20739 1
20740 1
20741 0
20742 0
20743 1
20744 1
20745 0
20746 1
20747 1
20748 0
20749 1
20750 0
20751 1
20752 1
20753 0
20754 1
20755 1
20756 0
20757 1
20758 1
20759 0
20760 0
20761 0
20762 1
20763 1
20764 1
20765 1
20766 0
20767 1
20768 0
20769 0
20770 0
20771 1
20772 1
20773 1
20774 1
20775 1
20776 0
20777 1
20778 1
20779 1
20780 1
20781 1
20782 0
20783 0
20784 1
20785 1
20786 0
20787 0
20788 0
20789 0
20790 0
20791 1
20792 0
20793 1
20794 1
20795 0
20796 0
20797 0
20798 1
20799 1
20800 1
20801 0
20802 0
20803 1
20804 1
20805 0
20806 0
20807 1
20808 1
20809 1
20810 1
20811 1
20812 0
20813 0
20814 1
20815 1
20816 0
20817 0
20818 1
20819 1
20820 0
20821 0
20822 0
20823 1
20824 0
20825 1
20826 0
20827 1
20828 1
20829 0
20830 1
20831 0
20832 1
20833 0
20834 1
20835 0
20836 0
20837 1
20838 0
20839 0
20840 1
20841 1
20842 0
20843 1
20844 0
20845 0
20846 0
20847 0
20848 0
20849 0
20850 1
20851 1
20852 0
20853 0
20854 1
20855 0
20856 1
20857 0
20858 0
20859 1
20860 0
20861 1
20862 0
20863 1
20864 0
20865 0
20866 0
20867 0
20868 0
20869 1
20870 1
20871 1
20872 1
20873 0
20874 1
20875 1
20876 0
20877 1
20878 0
20879 1
20880 1
20881 0
20882 1
20883 0
20884 0
20885 1
20886 1
20887 0
20888 0
20889 1
20890 1
20891 1
20892 0
20893 0
20894 0
20895 0
20896 0
20897 1
20898 1
20899 1
20900 1
20901 0
20902 0
20903 1
20904 0
20905 0
20906 1
20907 0
20908 1
20909 1
20910 1
20911 0
20912 1
20913 0
20914 0
20915 0
20916 0
20917 1
20918 1
20919 1
20920 1
20921 1
20922 1
20923 0
20924 0
20925 0
20926 0
20927 1
20928 0
20929 1
20930 1
20931 0
20932 0
20933 1
20934 0
20935 1
20936 0
20937 1
20938 0
20939 0
20940 1
20941 1
20942 0
20943 0
20944 0
20945 0
20946 1
20947 1
20948 1
20949 1
20950 1
20951 0
20952 1
20953 0
20954 0
20955 1
20956 1
20957 0
20958 1
20959 1
20960 0
20961 1
20962 0
20963 1
20964 0
20965 1
20966 0
20967 0
20968 1
20969 1
20970 1
20971 0
20972 1
20973 1
20974 0
20975 0
20976 0
20977 0
20978 1
20979 0
20980 0
20981 0
20982 1
20983 0
20984 0
20985 0
20986 1
20987 1
20988 0
20989 0
20990 1
20991 0
20992 0
20993 1
20994 1
20995 0
20996 0
20997 0
20998 0
20999 0
21000 1
21001 0
21002 0
21003 1
21004 1
21005 0
21006 0
21007 0
21008 1
21009 0
21010 0
21011 1
21012 0
21013 1
21014 0
21015 1
21016 1
21017 1
21018 0
21019 1
21020 0
21021 1
21022 0
21023 1
21024 1
21025 0
21026 1
21027 1
21028 0
21029 1
21030 0
21031 1
21032 1
21033 1
21034 0
21035 1
21036 1
21037 0
21038 0
21039 0
21040 0
21041 0
21042 0
21043 0
21044 0
21045 1
21046 1
21047 1
21048 0
21049 0
21050 0
21051 0
21052 1
21053 1
21054 1
21055 0
21056 1
21057 0
21058 1
21059 1
21060 1
21061 1
21062 0
21063 1
21064 0
21065 1
21066 1
21067 0
21068 0
21069 1
21070 0
21071 0
21072 1
21073 1
21074 0
21075 1
21076 0
21077 0
21078 0
21079 1
21080 0
21081 1
21082 0
21083 1
21084 0
21085 1
21086 1
21087 0
21088 0
21089 0
21090 0
21091 1
21092 0
21093 0
21094 0
21095 0
21096 1
21097 1
21098 0
21099 0
21100 0
21101 0
21102 1
21103 0
21104 0
21105 1
21106 1
21107 0
21108 0
21109 0
21110 0
21111 1
21112 1
21113 0
21114 1
21115 1
21116 1
21117 0
21118 0
21119 1
21120 0
21121 1
21122 1
21123 0
21124 0
21125 0
21126 1
21127 1
21128 0
21129 0
21130 0
21131 1
21132 0
21133 0
21134 0
21135 0
21136 0
21137 0
21138 1
21139 0
21140 0
21141 1
21142 0
21143 1
21144 0
21145 0
21146 1
21147 1
21148 1
21149 0
21150 1
21151 0
21152 1
21153 0
21154 1
21155 0
21156 1
21157 0
21158 1
21159 0
21160 1
21161 0
21162 1
21163 1
21164 0
21165 0
21166 0
21167 1
21168 1
21169 1
21170 1
21171 0
21172 1
21173 1
21174 0
21175 0
21176 1
21177 0
21178 0
21179 0
21180 1
21181 0
21182 1
21183 0
21184 1
21185 0
21186 1
21187 0
21188 1
21189 0
21190 1
21191 0
21192 1
21193 0
21194 0
21195 0
21196 0
21197 0
21198 0
21199 1
21200 1
21201 1
21202 1
21203 0
21204 1
21205 1
21206 0
21207 0
21208 1
21209 1
21210 1
21211 1
21212 1
21213 1
21214 0
21215 1
21216 0
21217 0
21218 0
21219 1
21220 1
21221 0
21222 0
21223 0
21224 0
21225 1
21226 0
21227 0
21228 1
21229 0
21230 1
21231 1
21232 0
21233 1
21234 0
21235 1
21236 1
21237 0
21238 0
21239 1
21240 1
21241 0
21242 1
21243 0
21244 1
21245 0
21246 1
21247 0
21248 0
21249 0
21250 0
21251 0
21252 1
21253 0
21254 0
21255 0
21256 0
21257 1
21258 1
21259 1
21260 0
21261 0
21262 0
21263 0
21264 1
21265 0
21266 0
21267 1
21268 1
21269 1
21270 1
21271 0
21272 1
21273 1
21274 0
21275 0
21276 0
21277 1
21278 0
21279 1
21280 0
21281 1
21282 0
21283 0
21284 1
21285 0
21286 1
21287 0
21288 0
21289 1
21290 0
21291 0
21292 0
21293 1
21294 1
21295 1
21296 0
21297 0
21298 1
21299 0
21300 1
21301 0
21302 1
21303 1
21304 0
21305 0
21306 0
21307 1
21308 0
21309 0
21310 1
21311 1
21312 1
21313 0
21314 1
21315 0
21316 1
21317 0
21318 0
21319 1
21320 0
21321 0
21322 1
21323 1
21324 0
21325 0
21326 1
21327 1
21328 0
21329 1
21330 1
21331 1
21332 1
21333 0
21334 0
21335 0
21336 1
21337 1
21338 0
21339 1
21340 1
21341 1
21342 1
21343 1
21344 1
21345 1
21346 0
21347 0
21348 1
21349 0
21350 0
21351 0
21352 0
21353 0
21354 1
21355 1
21356 0
21357 0
21358 0
21359 0
21360 1
21361 1
21362 0
21363 0
21364 0
21365 1
21366 1
21367 1
21368 1
21369 1
21370 0
21371 1
21372 0
21373 0
21374 0
21375 1
21376 0
21377 0
21378 1
21379 1
21380 1
21381 1
21382 1
21383 1
21384 1
21385 0
21386 0
21387 0
21388 0
21389 0
21390 1
21391 0
21392 0
21393 0
21394 1
21395 1
21396 0
21397 1
21398 1
21399 0
21400 0
21401 1
21402 1
21403 1
21404 1
21405 1
21406 1
21407 1
21408 0
21409 1
21410 1
21411 0
21412 0
21413 1
21414 0
21415 0
21416 1
21417 1
21418 0
21419 0
21420 0
21421 1
21422 0
21423 0
21424 0
21425 1
21426 0
21427 0
21428 0
21429 1
21430 1
21431 1
21432 1
21433 1
21434 0
21435 1
21436 0
21437 0
21438 1
21439 0
21440 1
21441 0
21442 1
21443 1
21444 0
21445 1
21446 0
21447 1
21448 0
21449 0
21450 1
21451 1
21452 0
21453 1
21454 1
21455 0
21456 0
21457 0
21458 0
21459 1
21460 0
21461 1
21462 0
21463 0
21464 0
21465 1
21466 0
21467 0
21468 0
21469 0
21470 1
21471 0
21472 1
21473 1
21474 0
21475 0
21476 0
21477 1
21478 1
21479 0
21480 1
21481 1
21482 0
21483 0
21484 0
21485 1
21486 0
21487 1
21488 0
21489 1
21490 1
21491 1
21492 1
21493 0
21494 1
21495 0
21496 1
21497 0
21498 0
21499 1
21500 1
21501 0
21502 1
21503 1
21504 1
21505 1
21506 1
21507 1
21508 0
21509 1
21510 0
21511 0
21512 1
21513 1
21514 0
21515 1
21516 0
21517 1
21518 1
21519 0
21520 1
21521 1
21522 0
21523 0
21524 1
21525 0
21526 0
21527 0
21528 1
21529 1
21530 0
21531 1
21532 1
21533 0
21534 0
21535 0
21536 1
21537 1
21538 1
21539 0
21540 0
21541 0
21542 0
21543 0
21544 0
21545 0
21546 1
21547 0
21548 1
21549 0
21550 0
21551 0
21552 1
21553 0
21554 0
21555 1
21556 0
21557 0
21558 0
21559 0
21560 0
21561 1
21562 1
21563 1
21564 1
21565 1
21566 0
21567 1
21568 1
21569 1
21570 0
21571 1
21572 1
21573 1
21574 0
21575 0
21576 0
21577 0
21578 1
21579 1
21580 0
21581 0
21582 0
21583 1
21584 1
21585 0
21586 0
21587 1
21588 0
21589 0
21590 0
21591 0
21592 1
21593 0
21594 0
21595 0
21596 1
21597 1
21598 0
21599 1
21600 1
21601 1
21602 1
21603 0
21604 1
21605 0
21606 1
21607 1
21608 1
21609 1
21610 0
21611 1
21612 0
21613 0
21614 0
21615 0
21616 0
21617 1
21618 0
21619 0
21620 0
21621 1
21622 0
21623 0
21624 1
21625 0
21626 1
21627 0
21628 0
21629 1
21630 0
21631 1
21632 0
21633 0
21634 1
21635 1
21636 0
21637 0
21638 0
21639 0
21640 0
21641 0
21642 0
21643 0
21644 1
21645 0
21646 0
21647 1
21648 0
21649 0
21650 0
21651 1
21652 1
21653 1
21654 1
21655 0
21656 1
21657 0
21658 0
21659 0
21660 0
21661 1
21662 0
21663 0
21664 1
21665 1
21666 0
21667 0
21668 1
21669 1
21670 1
21671 0
21672 0
21673 1
21674 0
21675 1
21676 0
21677 0
21678 1
21679 1
21680 1
21681 0
21682 1
21683 1
21684 1
21685 1
21686 0
21687 0
21688 0
21689 1
21690 1
21691 1
21692 1
21693 0
21694 1
21695 0
21696 0
21697 1
21698 0
21699 0
21700 0
21701 1
21702 0
21703 0
21704 0
21705 1
21706 0
21707 1
21708 0
21709 1
21710 1
21711 1
21712 0
21713 1
21714 0
21715 1
21716 1
21717 0
21718 0
21719 0
21720 0
21721 0
21722 1
21723 0
21724 1
21725 1
21726 0
21727 1
21728 0
21729 0
21730 1
21731 1
21732 0
21733 0
21734 0
21735 1
21736 1
21737 0
21738 1
21739 0
21740 0
21741 0
21742 0
21743 1
21744 1
21745 0
21746 0
21747 1
21748 0
21749 0
21750 0
21751 0
21752 0
21753 1
21754 1
21755 1
21756 0
21757 1
21758 0
21759 1
21760 1
21761 0
21762 1
21763 0
21764 1
21765 0
21766 1
21767 1
21768 0
21769 1
21770 0
21771 0
21772 1
21773 0
21774 0
21775 1
21776 1
21777 0
21778 1
21779 0
21780 1
21781 0
21782 0
21783 0
21784 0
21785 1
21786 1
21787 1
21788 1
21789 1
21790 0
21791 0
21792 1
21793 0
21794 0
21795 0
21796 1
21797 1
21798 1
21799 0
21800 0
21801 0
21802 1
21803 0
21804 0
21805 1
21806 1
21807 1
21808 0
21809 0
21810 1
21811 0
21812 1
21813 0
21814 0
21815 0
21816 0
21817 1
21818 1
21819 1
21820 0
21821 0
21822 1
21823 1
21824 0
21825 1
21826 0
21827 1
21828 0
21829 1
21830 1
21831 0
21832 0
21833 1
21834 0
21835 0
21836 1
21837 1
21838 1
21839 0
21840 1
21841 1
21842 1
21843 0
21844 1
21845 1
21846 0
21847 0
21848 0
21849 0
21850 1
21851 1
21852 1
21853 1
21854 1
21855 1
21856 1
21857 0
21858 0
21859 0
21860 0
21861 1
21862 1
21863 1
21864 0
21865 1
21866 1
21867 0
21868 0
21869 1
21870 1
21871 1
21872 0
21873 0
21874 0
21875 0
21876 1
21877 0
21878 1
21879 1
21880 1
21881 1
21882 0
21883 0
21884 1
21885 0
21886 0
21887 1
21888 1
21889 1
21890 0
21891 1
21892 1
21893 0
21894 0
21895 0
21896 1
21897 1
21898 1
21899 0
21900 1
21901 1
21902 1
21903 0
21904 0
21905 1
21906 1
21907 1
21908 1
21909 1
21910 0
21911 0
21912 0
21913 1
21914 1
21915 0
21916 0
21917 0
21918 1
21919 1
21920 0
21921 1
21922 0
21923 0
21924 1
21925 1
21926 1
21927 0
21928 0
21929 0
21930 0
21931 0
21932 1
21933 1
21934 0
21935 0
21936 0
21937 1
21938 0
21939 1
21940 0
21941 0
21942 1
21943 1
21944 0
21945 1
21946 1
21947 0
21948 1
21949 0
21950 0
21951 1
21952 1
21953 0
21954 1
21955 0
21956 1
21957 1
21958 1
21959 0
21960 0
21961 0
21962 0
21963 1
21964 0
21965 0
21966 1
21967 0
21968 1
21969 1
21970 1
21971 1
21972 0
21973 0
21974 0
21975 0
21976 1
21977 0
21978 1
21979 1
21980 0
21981 1
21982 1
21983 1
21984 1
21985 1
21986 1
21987 0
21988 1
21989 0
21990 1
21991 0
21992 1
21993 1
21994 1
21995 0
21996 0
21997 0
21998 1
21999 0
22000 0
22001 0
22002 1
22003 0
22004 1
22005 0
22006 1
22007 0
22008 0
22009 0
22010 1
22011 0
22012 1
22013 0
22014 1
22015 0
22016 0
22017 0
22018 0
22019 1
22020 1
22021 1
22022 1
22023 0
22024 1
22025 1
22026 0
22027 1
22028 1
22029 1
22030 1
22031 1
22032 1
22033 0
22034 1
22035 1
22036 1
22037 1
22038 0
22039 1
22040 1
22041 1
22042 0
22043 0
22044 1
22045 0
22046 0
22047 0
22048 0
22049 1
22050 1
22051 0
22052 0
22053 0
22054 0
22055 0
22056 0
22057 0
22058 1
22059 1
22060 0
22061 1
22062 1
22063 0
22064 0
22065 1
22066 1
22067 0
22068 0
22069 0
22070 0
22071 1
22072 1
22073 1
22074 0
22075 1
22076 0
22077 1
22078 0
22079 0
22080 1
22081 0
22082 1
22083 0
22084 0
22085 0
22086 0
22087 1
22088 0
22089 0
22090 0
22091 1
22092 0
22093 0
22094 1
22095 0
22096 0
22097 1
22098 1
22099 1
22100 0
22101 0
22102 0
22103 1
22104 1
22105 1
22106 0
22107 0
22108 1
22109 1
22110 1
22111 1
22112 0
22113 1
22114 1
22115 0
22116 0
22117 0
22118 0
22119 0
22120 0
22121 1
22122 1
22123 0
22124 1
22125 0
22126 0
22127 1
22128 0
22129 0
22130 1
22131 1
22132 1
22133 1
22134 0
22135 1
22136 0
22137 1
22138 0
22139 1
22140 1
22141 1
22142 1
22143 0
22144 1
22145 1
22146 0
22147 1
22148 1
22149 0
22150 1
22151 1
22152 0
22153 0
22154 1
22155 0
22156 0
22157 0
22158 0
22159 1
22160 1
22161 0
22162 1
22163 1
22164 1
22165 1
22166 0
22167 0
22168 0
22169 1
22170 0
22171 0
22172 1
22173 0
22174 0
22175 1
22176 1
22177 0
22178 0
22179 0
22180 0
22181 1
22182 0
22183 1
22184 0
22185 1
22186 1
22187 1
22188 0
22189 1
22190 0
22191 0
22192 0
22193 0
22194 0
22195 0
22196 0
22197 0
22198 1
22199 1
22200 0
22201 0
22202 0
22203 0
22204 1
22205 0
22206 1
22207 1
22208 0
22209 0
22210 0
22211 1
22212 0
22213 0
22214 1
22215 0
22216 1
22217 0
22218 0
22219 1
22220 1
22221 0
22222 1
22223 0
22224 1
22225 0
22226 0
22227 0
22228 1
22229 1
22230 1
22231 0
22232 1
22233 1
22234 1
22235 1
22236 0
22237 1
22238 1
22239 1
22240 1
22241 0
22242 0
22243 0
22244 0
22245 1
22246 1
22247 0
22248 1
22249 1
22250 1
22251 1
22252 1
22253 0
22254 1
22255 1
22256 0
22257 0
22258 0
22259 1
22260 1
22261 1
22262 1
22263 1
22264 1
22265 0
22266 0
22267 1
22268 1
22269 0
22270 1
22271 1
22272 0
22273 1
22274 1
22275 1
22276 1
22277 1
22278 1
22279 1
22280 1
22281 1
22282 0
22283 1
22284 0
22285 1
22286 1
22287 0
22288 0
22289 0
22290 0
22291 0
22292 0
22293 0
22294 0
22295 0
22296 0
22297 0
22298 1
22299 1
22300 1
22301 0
22302 0
22303 1
22304 0
22305 0
22306 1
22307 1
22308 0
22309 1
22310 0
22311 1
22312 1
22313 1
22314 1
22315 1
22316 1
22317 0
22318 1
22319 0
22320 1
22321 0
22322 0
22323 1
22324 1
22325 0
22326 0
22327 0
22328 1
22329 0
22330 0
22331 0
22332 0
22333 0
22334 1
22335 1
22336 1
22337 0
22338 0
22339 1
22340 0
22341 1
22342 1
22343 1
22344 0
22345 1
22346 0
22347 1
22348 1
22349 1
22350 0
22351 0
22352 0
22353 1
22354 1
22355 0
22356 1
22357 1
22358 0
22359 1
22360 0
22361 0
22362 0
22363 0
22364 1
22365 1
22366 1
22367 1
22368 0
22369 1
22370 0
22371 0
22372 1
22373 1
22374 0
22375 0
22376 0
22377 1
22378 1
22379 1
22380 0
22381 1
22382 1
22383 0
22384 1
22385 1
22386 1
22387 1
22388 1
22389 1
22390 1
22391 0
22392 0
22393 0
22394 0
22395 1
22396 0
22397 1
22398 0
22399 0
22400 0
22401 1
22402 1
22403 1
22404 0
22405 0
22406 0
22407 1
22408 1
22409 1
22410 0
22411 1
22412 0
22413 0
22414 1
22415 1
22416 1
22417 0
22418 0
22419 1
22420 0
22421 1
22422 0
22423 1
22424 0
22425 0
22426 1
22427 0
22428 0
22429 0
22430 1
22431 1
22432 0
22433 0
22434 1
22435 1
22436 1
22437 0
22438 1
22439 1
22440 1
22441 1
22442 1
22443 1
22444 1
22445 1
22446 0
22447 1
22448 1
22449 1
22450 1
22451 1
22452 0
22453 1
22454 0
22455 0
22456 0
22457 1
22458 0
22459 1
22460 0
22461 1
22462 1
22463 1
22464 0
22465 0
22466 1
22467 0
22468 0
22469 0
22470 0
22471 0
22472 0
22473 1
22474 0
22475 1
22476 1
22477 0
22478 0
22479 1
22480 0
22481 1
22482 1
22483 0
22484 0
22485 1
22486 0
22487 1
22488 1
22489 1
22490 1
22491 1
22492 0
22493 1
22494 1
22495 0
22496 0
22497 0
22498 0
22499 1
22500 0
22501 1
22502 0
22503 1
22504 0
22505 1
22506 1
22507 1
22508 1
22509 1
22510 0
22511 1
22512 0
22513 0
22514 0
22515 1
22516 1
22517 1
22518 1
22519 0
22520 1
22521 0
22522 0
22523 1
22524 1
22525 1
22526 0
22527 0
22528 0
22529 1
22530 1
22531 0
22532 0
22533 1
22534 1
22535 0
22536 1
22537 0
22538 0
22539 0
22540 1
22541 0
22542 1
22543 1
22544 1
22545 0
22546 0
22547 0
22548 0
22549 1
22550 1
22551 1
22552 1
22553 1
22554 1
22555 0
22556 0
22557 1
22558 0
22559 0
22560 0
22561 0
22562 1
22563 1
22564 0
22565 1
22566 0
22567 1
22568 1
22569 0
22570 1
22571 0
22572 1
22573 1
22574 0
22575 1
22576 0
22577 1
22578 1
22579 1
22580 1
22581 0
22582 1
22583 1
22584 0
22585 0
22586 1
22587 0
22588 0
22589 1
22590 0
22591 1
22592 1
22593 0
22594 0
22595 1
22596 0
22597 1
22598 0
22599 1
22600 1
22601 1
22602 1
22603 1
22604 0
22605 1
22606 1
22607 1
22608 0
22609 0
22610 1
22611 0
22612 1
22613 0
22614 0
22615 1
22616 0
22617 1
22618 0
22619 0
22620 0
22621 0
22622 0
22623 0
22624 1
22625 0
22626 0
22627 1
22628 1
22629 1
22630 0
22631 1
22632 0
22633 1
22634 1
22635 1
22636 1
22637 0
22638 0
22639 0
22640 0
22641 0
22642 0
22643 1
22644 0
22645 1
22646 1
22647 0
22648 1
22649 0
22650 1
22651 1
22652 1
22653 1
22654 0
22655 0
22656 1
22657 1
22658 1
22659 1
22660 1
22661 0
22662 0
22663 1
22664 0
22665 0
22666 1
22667 1
22668 1
22669 1
22670 1
22671 1
22672 1
22673 1
22674 0
22675 1
22676 0
22677 0
22678 0
22679 1
22680 0
22681 1
22682 1
22683 0
22684 1
22685 0
22686 0
22687 1
22688 0
22689 0
22690 0
22691 1
22692 0
22693 0
22694 1
22695 1
22696 0
22697 0
22698 0
22699 0
22700 1
22701 0
22702 0
22703 1
22704 0
22705 0
22706 0
22707 1
22708 1
22709 0
22710 0
22711 0
22712 0
22713 1
22714 1
22715 1
22716 0
22717 0
22718 1
22719 0
22720 0
22721 1
22722 0
22723 1
22724 0
22725 0
22726 1
22727 0
22728 0
22729 0
22730 0
22731 1
22732 0
22733 0
22734 1
22735 0
22736 0
22737 1
22738 0
22739 1
22740 0
22741 0
22742 1
22743 0
22744 1
22745 1
22746 1
22747 1
22748 1
22749 1
22750 1
22751 1
22752 0
22753 0
22754 1
22755 1
22756 1
22757 0
22758 0
22759 1
22760 1
22761 1
22762 1
22763 1
22764 0
22765 1
22766 1
22767 0
22768 1
22769 1
22770 1
22771 1
22772 0
22773 1
22774 0
22775 1
22776 1
22777 0
22778 0
22779 0
22780 0
22781 1
22782 1
22783 1
22784 0
22785 1
22786 0
22787 0
22788 1
22789 0
22790 1
22791 1
22792 1
22793 0
22794 0
22795 0
22796 0
22797 0
22798 0
22799 1
22800 0
22801 0
22802 1
22803 0
22804 0
22805 0
22806 0
22807 1
22808 0
22809 1
22810 1
22811 0
22812 0
22813 1
22814 1
22815 1
22816 0
22817 0
22818 1
22819 0
22820 1
22821 1
22822 1
22823 1
22824 1
22825 0
22826 0
22827 0
22828 1
22829 0
22830 1
22831 1
22832 1
22833 0
22834 1
22835 0
22836 1
22837 0
22838 0
22839 1
22840 1
22841 0
22842 0
22843 1
22844 1
22845 0
22846 0
22847 0
22848 1
22849 1
22850 1
22851 0
22852 0
22853 0
22854 1
22855 1
22856 0
22857 0
22858 0
22859 0
22860 0
22861 0
22862 0
22863 0
22864 0
22865 1
22866 1
22867 0
22868 1
22869 0
22870 0
22871 1
22872 1
22873 1
22874 0
22875 1
22876 0
22877 1
22878 1
22879 1
22880 0
22881 1
22882 0
22883 1
22884 1
22885 1
22886 0
22887 1
22888 1
22889 1
22890 1
22891 1
22892 1
22893 1
22894 1
22895 1
22896 0
22897 0
22898 0
22899 0
22900 0
22901 0
22902 1
22903 1
22904 1
22905 0
22906 1
22907 0
22908 1
22909 1
22910 1
22911 0
22912 1
22913 1
22914 0
22915 1
22916 1
22917 1
22918 1
22919 0
22920 1
22921 1
22922 1
22923 0
22924 1
22925 1
22926 0
22927 1
22928 0
22929 0
22930 1
22931 0
22932 0
22933 1
22934 0
22935 0
22936 1
22937 1
22938 1
22939 1
22940 1
22941 1
22942 1
22943 0
22944 1
22945 0
22946 1
22947 1
22948 1
22949 0
22950 1
22951 1
22952 1
22953 0
22954 0
22955 1
22956 1
22957 0
22958 0
22959 0
22960 1
22961 1
22962 0
22963 1
22964 0
22965 1
22966 1
22967 0
22968 0
22969 1
22970 1
22971 0
22972 0
22973 0
22974 0
22975 1
22976 0
22977 1
22978 0
22979 0
22980 1
22981 1
22982 0
22983 1
22984 0
22985 0
22986 1
22987 1
22988 0
22989 1
22990 1
22991 1
22992 1
22993 1
22994 0
22995 1
22996 0
22997 1
22998 1
22999 0
23000 0
23001 0
23002 1
23003 0
23004 0
23005 0
23006 1
23007 1
23008 0
23009 0
23010 0
23011 1
23012 1
23013 1
23014 1
23015 1
23016 1
23017 0
23018 1
23019 1
23020 0
23021 0
23022 0
23023 0
23024 0
23025 1
23026 0
23027 0
23028 1
23029 0
23030 0
23031 0
23032 1
23033 0
23034 1
23035 1
23036 0
23037 1
23038 0
23039 1
23040 1
23041 0
23042 0
23043 0
23044 1
23045 0
23046 1
23047 0
23048 1
23049 1
23050 0
23051 0
23052 0
23053 0
23054 0
23055 1
23056 0
23057 0
23058 0
23059 0
23060 1
23061 0
23062 0
23063 1
23064 0
23065 0
23066 0
23067 1
23068 0
23069 0
23070 1
23071 1
23072 1
23073 1
23074 1
23075 0
23076 0
23077 0
23078 1
23079 1
23080 1
23081 0
23082 1
23083 0
23084 1
23085 1
23086 0
23087 1
23088 1
23089 1
23090 0
23091 0
23092 1
23093 0
23094 1
23095 0
23096 0
23097 0
23098 1
23099 0
23100 0
23101 0
23102 0
23103 0
23104 0
23105 0
23106 0
23107 0
23108 1
23109 1
23110 0
23111 0
23112 0
23113 1
23114 1
23115 1
23116 1
23117 0
23118 1
23119 0
23120 1
23121 1
23122 1
23123 0
23124 1
23125 0
23126 1
23127 0
23128 0
23129 0
23130 1
23131 0
23132 1
23133 1
23134 1
23135 0
23136 0
23137 1
23138 0
23139 0
23140 1
23141 1
23142 1
23143 1
23144 1
23145 0
23146 0
23147 1
23148 0
23149 0
23150 0
23151 0
23152 1
23153 0
23154 0
23155 1
23156 1
23157 1
23158 0
23159 0
23160 1
23161 1
23162 0
23163 0
23164 0
23165 0
23166 0
23167 0
23168 1
23169 1
23170 1
23171 0
23172 0
23173 1
23174 0
23175 1
23176 0
23177 0
23178 0
23179 1
23180 1
23181 1
23182 0
23183 0
23184 1
23185 1
23186 1
23187 1
23188 1
23189 0
23190 0
23191 1
23192 1
23193 1
23194 0
23195 1
23196 0
23197 1
23198 0
23199 1
23200 1
23201 1
23202 1
23203 0
23204 0
23205 1
23206 1
23207 0
23208 0
23209 0
23210 1
23211 1
23212 1
23213 1
23214 0
23215 1
23216 1
23217 1
23218 0
23219 0
23220 1
23221 0
23222 1
23223 1
23224 1
23225 1
23226 0
23227 1
23228 0
23229 1
23230 1
23231 0
23232 1
23233 1
23234 1
23235 0
23236 1
23237 0
23238 1
23239 0
23240 0
23241 1
23242 0
23243 0
23244 0
23245 0
23246 0
23247 0
23248 0
23249 1
23250 1
23251 0
23252 0
23253 1
23254 0
23255 1
23256 1
23257 1
23258 1
23259 0
23260 1
23261 0
23262 0
23263 0
23264 0
23265 1
23266 1
23267 1
23268 0
23269 1
23270 1
23271 1
23272 0
23273 1
23274 1
23275 0
23276 1
23277 0
23278 1
23279 0
23280 0
23281 0
23282 0
23283 1
23284 0
23285 0
23286 0
23287 1
23288 1
23289 0
23290 0
23291 1
23292 0
23293 1
23294 1
23295 1
23296 0
23297 0
23298 0
23299 0
23300 0
23301 1
23302 1
23303 1
23304 0
23305 0
23306 1
23307 0
23308 0
23309 0
23310 0
23311 0
23312 1
23313 0
23314 1
23315 1
23316 0
23317 1
23318 0
23319 1
23320 0
23321 0
23322 1
23323 1
23324 1
23325 0
23326 0
23327 0
23328 0
23329 0
23330 0
23331 0
23332 1
23333 1
23334 1
23335 0
23336 1
23337 1
23338 0
23339 1
23340 1
23341 1
23342 0
23343 1
23344 1
23345 1
23346 1
23347 0
23348 1
23349 1
23350 1
23351 0
23352 1
23353 0
23354 1
23355 1
23356 0
23357 0
23358 1
23359 1
23360 0
23361 1
23362 1
23363 1
23364 0
23365 0
23366 1
23367 0
23368 1
23369 0
23370 1
23371 0
23372 1
23373 1
23374 1
23375 1
23376 1
23377 1
23378 1
23379 0
23380 0
23381 1
23382 0
23383 1
23384 1
23385 1
23386 0
23387 1
23388 1
23389 1
23390 1
23391 1
23392 1
23393 0
23394 0
23395 1
23396 0
23397 1
23398 1
23399 0
23400 1
23401 0
23402 0
23403 0
23404 1
23405 1
23406 0
23407 1
23408 1
23409 1
23410 1
23411 0
23412 0
23413 0
23414 0
23415 0
23416 1
23417 1
23418 0
23419 0
23420 0
23421 0
23422 0
23423 0
23424 0
23425 0
23426 1
23427 1
23428 0
23429 1
23430 1
23431 1
23432 0
23433 0
23434 1
23435 1
23436 0
23437 1
23438 0
23439 1
23440 0
23441 0
23442 1
23443 1
23444 0
23445 1
23446 0
23447 1
23448 0
23449 1
23450 0
23451 0
23452 1
23453 1
23454 0
23455 1
23456 0
23457 0
23458 1
23459 0
23460 1
23461 0
23462 1
23463 0
23464 0
23465 1
23466 0
23467 1
23468 0
23469 1
23470 1
23471 0
23472 0
23473 1
23474 0
23475 0
23476 1
23477 0
23478 0
23479 1
23480 1
23481 0
23482 0
23483 1
23484 1
23485 1
23486 1
23487 0
23488 0
23489 0
23490 1
23491 0
23492 0
23493 0
23494 0
23495 0
23496 1
23497 0
23498 0
23499 1
23500 0
23501 1
23502 1
23503 1
23504 0
23505 0
23506 1
23507 0
23508 0
23509 0
23510 1
23511 1
23512 1
23513 0
23514 1
23515 0
23516 0
23517 0
23518 1
23519 0
23520 0
23521 0
23522 0
23523 0
23524 0
23525 1
23526 0
23527 1
23528 0
23529 1
23530 0
23531 1
23532 0
23533 1
23534 1
23535 1
23536 1
23537 1
23538 1
23539 0
23540 1
23541 1
23542 0
23543 1
23544 1
23545 0
23546 1
23547 0
23548 1
23549 0
23550 0
23551 1
23552 0
23553 1
23554 1
23555 0
23556 1
23557 1
23558 1
23559 1
23560 0
23561 0
23562 1
23563 0
23564 0
23565 0
23566 1
23567 0
23568 0
23569 1
23570 0
23571 0
23572 1
23573 0
23574 0
23575 0
23576 1
23577 0
23578 0
23579 0
23580 0
23581 1
23582 0
23583 0
23584 1
23585 1
23586 0
23587 0
23588 0
23589 1
23590 1
23591 0
23592 1
23593 1
23594 0
23595 0
23596 1
23597 1
23598 0
23599 1
23600 0
23601 1
23602 0
23603 0
23604 0
23605 1
23606 0
23607 0
23608 0
23609 1
23610 0
23611 0
23612 1
23613 1
23614 1
23615 1
23616 0
23617 1
23618 1
23619 1
23620 0
23621 1
23622 1
23623 1
23624 0
23625 1
23626 0
23627 1
23628 1
23629 1
23630 0
23631 0
23632 1
23633 1
23634 1
23635 0
23636 0
23637 1
23638 0
23639 0
23640 0
23641 1
23642 0
23643 1
23644 1
23645 0
23646 1
23647 1
23648 1
23649 1
23650 1
23651 0
23652 1
23653 0
23654 1
23655 0
23656 1
23657 1
23658 0
23659 0
23660 1
23661 0
23662 1
23663 0
23664 0
23665 1
23666 0
23667 0
23668 0
23669 1
23670 0
23671 1
23672 0
23673 1
23674 0
23675 0
23676 1
23677 0
23678 0
23679 1
23680 1
23681 1
23682 0
23683 1
23684 1
23685 1
23686 1
23687 0
23688 1
23689 0
23690 0
23691 1
23692 1
23693 1
23694 0
23695 1
23696 0
23697 0
23698 1
23699 0
23700 0
23701 0
23702 1
23703 0
23704 1
23705 0
23706 0
23707 0
23708 0
23709 1
23710 1
23711 1
23712 1
23713 0
23714 0
23715 1
23716 1
23717 1
23718 1
23719 1
23720 1
23721 0
23722 0
23723 0
23724 0
23725 0
23726 1
23727 0
23728 1
23729 1
23730 1
23731 1
23732 1
23733 1
23734 0
23735 0
23736 0
23737 0
23738 0
23739 1
23740 1
23741 1
23742 1
23743 1
23744 0
23745 0
23746 0
23747 0
23748 0
23749 0
23750 1
23751 0
23752 0
23753 1
23754 1
23755 1
23756 1
23757 0
23758 1
23759 0
23760 0
23761 0
23762 0
23763 0
23764 1
23765 1
23766 0
23767 0
23768 1
23769 1
23770 0
23771 0
23772 0
23773 1
23774 1
23775 0
23776 1
23777 1
23778 1
23779 1
23780 0
23781 1
23782 1
23783 1
23784 0
23785 0
23786 0
23787 0
23788 1
23789 0
23790 1
23791 1
23792 0
23793 0
23794 0
23795 0
23796 0
23797 1
23798 1
23799 0
23800 1
23801 0
23802 1
23803 0
23804 1
23805 1
23806 0
23807 0
23808 0
23809 0
23810 0
23811 0
23812 1
23813 1
23814 1
23815 1
23816 0
23817 0
23818 0
23819 1
23820 0
23821 0
23822 1
23823 0
23824 1
23825 0
23826 0
23827 0
23828 0
23829 0
23830 1
23831 0
23832 1
23833 0
23834 1
23835 1
23836 0
23837 0
23838 1
23839 0
23840 1
23841 1
23842 0
23843 1
23844 0
23845 1
23846 0
23847 0
23848 1
23849 0
23850 0
23851 1
23852 0
23853 0
23854 0
23855 0
23856 0
23857 0
23858 1
23859 1
23860 1
23861 0
23862 1
23863 1
23864 0
23865 0
23866 1
23867 0
23868 0
23869 1
23870 0
23871 0
23872 0
23873 1
23874 0
23875 1
23876 1
23877 1
23878 1
23879 0
23880 0
23881 1
23882 0
23883 1
23884 0
23885 0
23886 1
23887 0
23888 0
23889 0
23890 0
23891 0
23892 0
23893 1
23894 1
23895 0
23896 1
23897 0
23898 0
23899 0
23900 1
23901 1
23902 0
23903 0
23904 0
23905 1
23906 0
23907 1
23908 0
23909 1
23910 0
23911 0
23912 0
23913 1
23914 0
23915 0
23916 0
23917 1
23918 1
23919 0
23920 0
23921 0
23922 0
23923 1
23924 0
23925 1
23926 0
23927 1
23928 0
23929 0
23930 0
23931 1
23932 1
23933 0
23934 0
23935 0
23936 0
23937 1
23938 1
23939 0
23940 1
23941 1
23942 0
23943 1
23944 0
23945 1
23946 0
23947 0
23948 0
23949 0
23950 0
23951 0
23952 1
23953 0
23954 0
23955 0
23956 0
23957 1
23958 1
23959 1
23960 1
23961 1
23962 0
23963 1
23964 0
23965 1
23966 0
23967 1
23968 1
23969 1
23970 1
23971 1
23972 0
23973 1
23974 1
23975 0
23976 0
23977 1
23978 0
23979 0
23980 0
23981 0
23982 0
23983 0
23984 1
23985 1
23986 0
23987 0
23988 0
23989 1
23990 0
23991 0
23992 0
23993 0
23994 1
23995 0
23996 0
23997 0
23998 1
23999 0
24000 1
24001 0
24002 1
24003 1
24004 0
24005 1
24006 0
24007 0
24008 1
24009 1
24010 0
24011 1
24012 0
24013 0
24014 1
24015 0
24016 0
24017 1
24018 0
24019 1
24020 1
24021 1
24022 1
24023 1
24024 1
24025 1
24026 0
24027 1
24028 1
24029 0
24030 0
24031 0
24032 0
24033 1
24034 1
24035 1
24036 0
24037 0
24038 1
24039 1
24040 1
24041 0
24042 0
24043 1
24044 1
24045 0
24046 0
24047 0
24048 1
24049 0
24050 1
24051 0
24052 0
24053 1
24054 0
24055 1
24056 0
24057 1
24058 1
24059 0
24060 1
24061 1
24062 1
24063 0
24064 1
24065 1
24066 1
24067 0
24068 0
24069 0
24070 1
24071 1
24072 0
24073 1
24074 0
24075 1
24076 0
24077 1
24078 1
24079 0
24080 1
24081 0
24082 1
24083 0
24084 0
24085 0
24086 0
24087 0
24088 1
24089 1
24090 1
24091 0
24092 1
24093 0
24094 0
24095 0
24096 0
24097 1
24098 0
24099 1
24100 0
24101 1
24102 0
24103 0
24104 1
24105 1
24106 1
24107 1
24108 0
24109 1
24110 1
24111 0
24112 1
24113 0
24114 1
24115 0
24116 0
24117 1
24118 0
24119 0
24120 0
24121 1
24122 1
24123 1
24124 1
24125 1
24126 1
24127 0
24128 0
24129 1
24130 0
24131 1
24132 1
24133 1
24134 1
24135 0
24136 1
24137 1
24138 1
24139 0
24140 1
24141 0
24142 0
24143 0
24144 0
24145 0
24146 1
24147 1
24148 1
24149 0
24150 0
24151 1
24152 1
24153 1
24154 1
24155 0
24156 0
24157 1
24158 1
24159 0
24160 1
24161 1
24162 0
24163 0
24164 1
24165 1
24166 0
24167 0
24168 1
24169 0
24170 0
24171 1
24172 1
24173 0
24174 1
24175 0
24176 1
24177 0
24178 1
24179 0
24180 1
24181 1
24182 1
24183 1
24184 1
24185 0
24186 0
24187 0
24188 1
24189 0
24190 0
24191 0
24192 1
24193 0
24194 1
24195 1
24196 1
24197 0
24198 1
24199 1
24200 1
24201 1
24202 1
24203 0
24204 1
24205 1
24206 0
24207 1
24208 1
24209 0
24210 0
24211 0
24212 1
24213 1
24214 0
24215 0
24216 0
24217 0
24218 1
24219 1
24220 1
24221 1
24222 1
24223 1
24224 0
24225 1
24226 1
24227 1
24228 1
24229 0
24230 0
24231 1
24232 0
24233 1
24234 0
24235 0
24236 0
24237 1
24238 1
24239 0
24240 0
24241 1
24242 1
24243 0
24244 0
24245 0
24246 0
24247 0
24248 1
24249 1
24250 0
24251 0
24252 0
24253 1
24254 1
24255 1
24256 0
24257 1
24258 0
24259 1
24260 0
24261 0
24262 0
24263 0
24264 0
24265 1
24266 0
24267 0
24268 1
24269 1
24270 1
24271 0
24272 1
24273 1
24274 1
24275 0
24276 0
24277 0
24278 0
24279 0
24280 0
24281 1
24282 0
24283 1
24284 0
24285 1
24286 1
24287 1
24288 1
24289 0
24290 1
24291 1
24292 1
24293 1
24294 1
24295 0
24296 0
24297 0
24298 0
24299 0
24300 1
24301 1
24302 0
24303 1
24304 1
24305 1
24306 1
24307 0
24308 0
24309 1
24310 1
24311 0
24312 0
24313 0
24314 0
24315 1
24316 0
24317 1
24318 1
24319 0
24320 1
24321 0
24322 0
24323 0
24324 1
24325 0
24326 1
24327 0
24328 1
24329 1
24330 0
24331 1
24332 1
24333 0
24334 0
24335 0
24336 0
24337 0
24338 0
24339 1
24340 0
24341 1
24342 0
24343 0
24344 0
24345 0
24346 1
24347 1
24348 0
24349 1
24350 0
24351 0
24352 1
24353 0
24354 1
24355 1
24356 1
24357 1
24358 1
24359 0
24360 0
24361 1
24362 0
24363 1
24364 1
24365 1
24366 0
24367 0
24368 0
24369 1
24370 1
24371 0
24372 1
24373 0
24374 0
24375 1
24376 1
24377 0
24378 1
24379 1
24380 0
24381 0
24382 0
24383 1
24384 1
24385 1
24386 1
24387 1
24388 0
24389 1
24390 1
24391 0
24392 0
24393 1
24394 1
24395 0
24396 1
24397 1
24398 1
24399 1
24400 1
24401 0
24402 1
24403 1
24404 1
24405 0
24406 1
24407 1
24408 0
24409 0
24410 1
24411 1
24412 1
24413 0
24414 1
24415 0
24416 1
24417 0
24418 1
24419 0
24420 0
24421 0
24422 1
24423 1
24424 0
24425 0
24426 1
24427 0
24428 0
24429 1
24430 0
24431 1
24432 1
24433 0
24434 1
24435 1
24436 1
24437 1
24438 1
24439 1
24440 1
24441 0
24442 1
24443 0
24444 1
24445 0
24446 1
24447 0
24448 1
24449 1
24450 1
24451 1
24452 0
24453 1
24454 0
24455 1
24456 1
24457 1
24458 1
24459 1
24460 0
24461 0
24462 1
24463 1
24464 1
24465 0
24466 1
24467 1
24468 1
24469 1
24470 0
24471 1
24472 1
24473 0
24474 0
24475 1
24476 1
24477 0
24478 0
24479 0
24480 0
24481 0
24482 1
24483 0
24484 0
24485 0
24486 0
24487 0
24488 0
24489 1
24490 1
24491 0
24492 0
24493 1
24494 1
24495 0
24496 0
24497 1
24498 0
24499 0
24500 0
24501 1
24502 0
24503 0
24504 1
24505 1
24506 0
24507 1
24508 1
24509 0
24510 1
24511 0
24512 1
24513 1
24514 1
24515 1
24516 1
24517 0
24518 0
24519 1
24520 0
24521 0
24522 1
24523 1
24524 0
24525 0
24526 0
24527 1
24528 1
24529 0
24530 0
24531 1
24532 1
24533 0
24534 1
24535 1
24536 0
24537 0
24538 0
24539 0
24540 1
24541 1
24542 1
24543 0
24544 1
24545 1
24546 0
24547 1
24548 1
24549 0
24550 0
24551 1
24552 0
24553 1
24554 0
24555 0
24556 1
24557 0
24558 1
24559 1
24560 0
24561 0
24562 1
24563 1
24564 0
24565 1
24566 0
24567 0
24568 0
24569 0
24570 1
24571 0
24572 1
24573 0
24574 1
24575 1
24576 1
24577 1
24578 1
24579 1
24580 1
24581 0
24582 1
24583 1
24584 1
24585 0
24586 1
24587 0
24588 1
24589 1
24590 1
24591 1
24592 1
24593 1
24594 1
24595 0
24596 0
24597 0
24598 0
24599 0
24600 0
24601 0
24602 1
24603 0
24604 0
24605 0
24606 0
24607 0
24608 0
24609 0
24610 0
24611 1
24612 0
24613 0
24614 1
24615 1
24616 1
24617 1
24618 1
24619 0
24620 1
24621 1
24622 0
24623 1
24624 0
24625 1
24626 1
24627 1
24628 0
24629 1
24630 0
24631 1
24632 0
24633 1
24634 0
24635 1
24636 1
24637 1
24638 0
24639 1
24640 1
24641 0
24642 1
24643 1
24644 0
24645 1
24646 1
24647 1
24648 1
24649 1
24650 1
24651 0
24652 0
24653 1
24654 0
24655 0
24656 0
24657 1
24658 1
24659 0
24660 1
24661 1
24662 1
24663 1
24664 1
24665 0
24666 1
24667 0
24668 0
24669 0
24670 0
24671 0
24672 0
24673 1
24674 0
24675 1
24676 0
24677 1
24678 1
24679 0
24680 0
24681 0
24682 0
24683 1
24684 0
24685 1
24686 0
24687 1
24688 1
24689 0
24690 1
24691 0
24692 0
24693 0
24694 0
24695 0
24696 1
24697 0
24698 0
24699 0
24700 0
24701 0
24702 1
24703 0
24704 0
24705 1
24706 1
24707 0
24708 0
24709 1
24710 1
24711 0
24712 0
24713 1
24714 1
24715 1
24716 0
24717 0
24718 1
24719 1
24720 0
24721 0
24722 1
24723 1
24724 0
24725 1
24726 0
24727 0
24728 1
24729 1
24730 0
24731 0
24732 1
24733 1
24734 0
24735 0
24736 1
24737 0
24738 0
24739 1
24740 0
24741 1
24742 0
24743 0
24744 1
24745 1
24746 1
24747 1
24748 0
24749 1
24750 0
24751 1
24752 0
24753 0
24754 1
24755 1
24756 1
24757 0
24758 0
24759 1
24760 0
24761 0
24762 1
24763 0
24764 0
24765 0
24766 0
24767 1
24768 1
24769 1
24770 0
24771 1
24772 1
24773 0
24774 1
24775 0
24776 0
24777 1
24778 0
24779 1
24780 0
24781 1
24782 1
24783 0
24784 0
24785 0
24786 0
24787 0
24788 0
24789 0
24790 1
24791 0
24792 1
24793 1
24794 1
24795 0
24796 0
24797 0
24798 1
24799 0
24800 1
24801 1
24802 0
24803 0
24804 0
24805 1
24806 1
24807 1
24808 1
24809 1
24810 1
24811 1
24812 1
24813 1
24814 1
24815 1
24816 0
24817 0
24818 1
24819 0
24820 0
24821 0
24822 1
24823 0
24824 0
24825 0
24826 0
24827 1
24828 1
24829 0
24830 1
24831 0
24832 0
24833 1
24834 1
24835 0
24836 0
24837 1
24838 0
24839 1
24840 0
24841 1
24842 1
24843 1
24844 1
24845 0
24846 1
24847 1
24848 0
24849 0
24850 0
24851 0
24852 1
24853 1
24854 0
24855 1
24856 1
24857 0
24858 0
24859 1
24860 1
24861 1
24862 0
24863 0
24864 1
24865 1
24866 1
24867 1
24868 0
24869 1
24870 0
24871 0
24872 0
24873 0
24874 1
24875 1
24876 0
24877 1
24878 0
24879 1
24880 0
24881 0
24882 1
24883 0
24884 1
24885 1
24886 1
24887 1
24888 1
24889 0
24890 1
24891 1
24892 1
24893 0
24894 1
24895 0
24896 1
24897 0
24898 0
24899 1
24900 1
24901 1
24902 1
24903 0
24904 0
24905 0
24906 1
24907 1
24908 0
24909 1
24910 0
24911 0
24912 0
24913 1
24914 0
24915 0
24916 1
24917 1
24918 0
24919 1
24920 1
24921 1
24922 0
24923 0
24924 1
24925 1
24926 1
24927 0
24928 0
24929 1
24930 1
24931 1
24932 0
24933 0
24934 0
24935 0
24936 0
24937 1
24938 0
24939 1
24940 1
24941 0
24942 0
24943 1
24944 1
24945 1
24946 1
24947 1
24948 1
24949 0
24950 0
24951 0
24952 1
24953 0
24954 0
24955 0
24956 0
24957 1
24958 0
24959 1
24960 0
24961 1
24962 0
24963 0
24964 0
24965 0
24966 1
24967 0
24968 1
24969 1
24970 0
24971 1
24972 1
24973 1
24974 0
24975 1
24976 1
24977 0
24978 1
24979 1
24980 0
24981 1
24982 0
24983 1
24984 1
24985 0
24986 1
24987 0
24988 1
24989 0
24990 1
24991 0
24992 1
24993 1
24994 0
24995 1
24996 1
24997 1
24998 0
24999 0
25000 1
25001 1
25002 0
25003 0
25004 1
25005 0
25006 0
25007 1
25008 0
25009 0
25010 1
25011 1
25012 1
25013 1
25014 0
25015 0
25016 1
25017 0
25018 0
25019 0
25020 1
25021 1
25022 1
25023 1
25024 1
25025 0
25026 0
25027 1
25028 1
25029 1
25030 0
25031 0
25032 0
25033 0
25034 1
25035 0
25036 0
25037 0
25038 1
25039 1
25040 1
25041 1
25042 0
25043 1
25044 1
25045 1
25046 0
25047 1
25048 0
25049 1
25050 0
25051 1
25052 1
25053 1
25054 1
25055 1
25056 1
25057 1
25058 1
25059 1
25060 1
25061 0
25062 0
25063 0
25064 1
25065 1
25066 1
25067 1
25068 0
25069 0
25070 1
25071 1
25072 1
25073 0
25074 1
25075 1
25076 1
25077 0
25078 1
25079 1
25080 1
25081 0
25082 0
25083 1
25084 0
25085 0
25086 1
25087 0
25088 0
25089 1
25090 0
25091 1
25092 0
25093 1
25094 0
25095 1
25096 1
25097 0
25098 0
25099 0
25100 1
25101 0
25102 1
25103 1
25104 0
25105 1
25106 1
25107 1
25108 1
25109 0
25110 1
25111 0
25112 1
25113 0
25114 1
25115 1
25116 0
25117 1
25118 0
25119 1
25120 1
25121 0
25122 0
25123 1
25124 0
25125 1
25126 1
25127 0
25128 0
25129 0
25130 0
25131 0
25132 0
25133 0
25134 0
25135 1
25136 0
25137 1
25138 0
25139 1
25140 1
25141 1
25142 0
25143 0
25144 0
25145 1
25146 1
25147 1
25148 1
25149 1
25150 1
25151 0
25152 1
25153 0
25154 0
25155 0
25156 0
25157 1
25158 1
25159 1
25160 1
25161 0
25162 0
25163 0
25164 1
25165 1
25166 1
25167 0
25168 0
25169 1
25170 1
25171 0
25172 1
25173 1
25174 0
25175 1
25176 0
25177 0
25178 0
25179 1
25180 0
25181 0
25182 0
25183 1
25184 1
25185 0
25186 1
25187 0
25188 1
25189 0
25190 1
25191 0
25192 0
25193 1
25194 0
25195 1
25196 0
25197 0
25198 0
25199 1
25200 1
25201 0
25202 1
25203 0
25204 0
25205 0
25206 1
25207 0
25208 1
25209 0
25210 0
25211 0
25212 1
25213 0
25214 1
25215 1
25216 0
25217 1
25218 0
25219 1
25220 0
25221 1
25222 1
25223 1
25224 1
25225 0
25226 0
25227 0
25228 1
25229 0
25230 0
25231 1
25232 1
25233 1
25234 0
25235 1
25236 1
25237 1
25238 1
25239 1
25240 0
25241 1
25242 1
25243 1
25244 1
25245 1
25246 0
25247 1
25248 1
25249 0
25250 0
25251 1
25252 1
25253 1
25254 1
25255 0
25256 0
25257 0
25258 0
25259 1
25260 0
25261 1
25262 0
25263 1
25264 1
25265 0
25266 0
25267 0
25268 1
25269 0
25270 1
25271 0
25272 0
25273 1
25274 0
25275 0
25276 1
25277 0
25278 0
25279 1
25280 0
25281 1
25282 0
25283 0
25284 0
25285 1
25286 0
25287 1
25288 1
25289 0
25290 0
25291 0
25292 0
25293 1
25294 1
25295 1
25296 0
25297 0
25298 0
25299 1
25300 1
25301 0
25302 1
25303 1
25304 1
25305 1
25306 0
25307 0
25308 1
25309 0
25310 1
25311 0
25312 1
25313 0
25314 1
25315 0
25316 0
25317 0
25318 0
25319 1
25320 1
25321 0
25322 1
25323 0
25324 1
25325 1
25326 1
25327 1
25328 0
25329 1
25330 1
25331 1
25332 1
25333 0
25334 1
25335 1
25336 1
25337 1
25338 1
25339 1
25340 0
25341 1
25342 0
25343 0
25344 0
25345 0
25346 0
25347 1
25348 0
25349 1
25350 1
25351 1
25352 0
25353 0
25354 1
25355 0
25356 1
25357 1
25358 1
25359 1
25360 1
25361 1
25362 0
25363 1
25364 1
25365 0
25366 0
25367 1
25368 1
25369 0
25370 0
25371 1
25372 0
25373 1
25374 0
25375 0
25376 0
25377 1
25378 1
25379 1
25380 1
25381 1
25382 1
25383 1
25384 0
25385 1
25386 0
25387 0
25388 1
25389 0
25390 0
25391 0
25392 0
25393 1
25394 1
25395 0
25396 0
25397 1
25398 1
25399 0
25400 1
25401 0
25402 1
25403 0
25404 0
25405 1
25406 0
25407 1
25408 0
25409 0
25410 1
25411 1
25412 1
25413 1
25414 1
25415 0
25416 1
25417 0
25418 1
25419 1
25420 0
25421 1
25422 1
25423 0
25424 1
25425 0
25426 1
25427 0
25428 1
25429 1
25430 0
25431 1
25432 1
25433 0
25434 0
25435 1
25436 1
25437 0
25438 1
25439 0
25440 0
25441 1
25442 0
25443 0
25444 0
25445 0
25446 0
25447 0
25448 0
25449 0
25450 1
25451 1
25452 1
25453 0
25454 1
25455 0
25456 1
25457 0
25458 0
25459 0
25460 1
25461 0
25462 0
25463 0
25464 0
25465 0
25466 1
25467 0
25468 1
25469 1
25470 1
25471 0
25472 1
25473 0
25474 1
25475 0
25476 1
25477 1
25478 1
25479 0
25480 0
25481 1
25482 1
25483 0
25484 0
25485 1
25486 0
25487 1
25488 0
25489 1
25490 1
25491 0
25492 0
25493 0
25494 0
25495 1
25496 1
25497 1
25498 1
25499 0
25500 1
25501 1
25502 1
25503 0
25504 1
25505 1
25506 0
25507 0
25508 0
25509 1
25510 1
25511 0
25512 0
25513 0
25514 1
25515 1
25516 0
25517 0
25518 0
25519 1
25520 1
25521 1
25522 1
25523 0
25524 0
25525 0
25526 0
25527 0
25528 1
25529 0
25530 0
25531 1
25532 1
25533 1
25534 0
25535 0
25536 1
25537 0
25538 0
25539 0
25540 0
25541 1
25542 0
25543 1
25544 1
25545 0
25546 1
25547 1
25548 0
25549 0
25550 1
25551 0
25552 0
25553 1
25554 0
25555 0
25556 1
25557 0
25558 0
25559 0
25560 0
25561 1
25562 1
25563 0
25564 1
25565 0
25566 0
25567 0
25568 0
25569 0
25570 0
25571 0
25572 0
25573 1
25574 0
25575 0
25576 0
25577 0
25578 1
25579 0
25580 0
25581 0
25582 1
25583 1
25584 1
25585 0
25586 0
25587 0
25588 1
25589 1
25590 0
25591 1
25592 0
25593 1
25594 1
25595 0
25596 1
25597 1
25598 0
25599 1
25600 0
25601 0
25602 1
25603 1
25604 1
25605 1
25606 0
25607 1
25608 1
25609 0
25610 0
25611 1
25612 1
25613 0
25614 1
25615 0
25616 1
25617 1
25618 1
25619 0
25620 0
25621 0
25622 1
25623 1
25624 1
25625 0
25626 0
25627 1
25628 0
25629 0
25630 0
25631 0
25632 1
25633 1
25634 1
25635 1
25636 0
25637 1
25638 1
25639 1
25640 1
25641 0
25642 1
25643 0
25644 0
25645 1
25646 0
25647 0
25648 0
25649 0
25650 0
25651 1
25652 1
25653 1
25654 0
25655 0
25656 0
25657 0
25658 0
25659 1
25660 1
25661 1
25662 0
25663 1
25664 1
25665 0
25666 1
25667 0
25668 1
25669 0
25670 0
25671 1
25672 1
25673 1
25674 1
25675 1
25676 0
25677 1
25678 1
25679 1
25680 0
25681 1
25682 0
25683 0
25684 1
25685 0
25686 1
25687 0
25688 1
25689 1
25690 1
25691 0
25692 1
25693 1
25694 0
25695 0
25696 0
25697 1
25698 0
25699 1
25700 1
25701 0
25702 0
25703 0
25704 0
25705 0
25706 0
25707 0
25708 1
25709 1
25710 1
25711 1
25712 1
25713 1
25714 1
25715 0
25716 0
25717 1
25718 0
25719 0
25720 1
25721 1
25722 0
25723 1
25724 1
25725 1
25726 0
25727 1
25728 1
25729 1
25730 1
25731 1
25732 1
25733 1
25734 0
25735 0
25736 0
25737 1
25738 1
25739 1
25740 0
25741 0
25742 1
25743 0
25744 1
25745 1
25746 1
25747 1
25748 0
25749 0
25750 0
25751 0
25752 0
25753 0
25754 0
25755 0
25756 0
25757 0
25758 0
25759 0
25760 1
25761 0
25762 0
25763 1
25764 0
25765 1
25766 1
25767 0
25768 1
25769 1
25770 1
25771 0
25772 1
25773 1
25774 1
25775 1
25776 1
25777 0
25778 0
25779 0
25780 1
25781 1
25782 0
25783 1
25784 1
25785 0
25786 1
25787 1
25788 0
25789 1
25790 1
25791 1
25792 1
25793 0
25794 0
25795 0
25796 1
25797 0
25798 1
25799 0
25800 1
25801 1
25802 0
25803 0
25804 1
25805 0
25806 0
25807 0
25808 1
25809 1
25810 0
25811 0
25812 1
25813 1
25814 0
25815 0
25816 1
25817 1
25818 0
25819 1
25820 0
25821 1
25822 0
25823 1
25824 1
25825 1
25826 1
25827 1
25828 0
25829 0
25830 1
25831 1
25832 0
25833 0
25834 1
25835 0
25836 1
25837 0
25838 0
25839 1
25840 0
25841 0
25842 1
25843 0
25844 0
25845 0
25846 1
25847 0
25848 1
25849 0
25850 1
25851 1
25852 1
25853 1
25854 0
25855 0
25856 0
25857 0
25858 1
25859 1
25860 1
25861 1
25862 1
25863 0
25864 0
25865 1
25866 1
25867 1
25868 1
25869 1
25870 0
25871 1
25872 0
25873 1
25874 0
25875 0
25876 0
25877 0
25878 1
25879 0
25880 0
25881 1
25882 0
25883 0
25884 1
25885 1
25886 0
25887 1
25888 0
25889 1
25890 1
25891 0
25892 0
25893 0
25894 1
25895 1
25896 0
25897 1
25898 1
25899 1
25900 1
25901 1
25902 0
25903 0
25904 0
25905 1
25906 0
25907 1
25908 0
25909 1
25910 0
25911 0
25912 1
25913 1
25914 0
25915 1
25916 0
25917 1
25918 1
25919 1
25920 1
25921 0
25922 0
25923 0
25924 0
25925 1
25926 0
25927 0
25928 0
25929 0
25930 1
25931 1
25932 1
25933 1
25934 0
25935 1
25936 0
25937 1
25938 0
25939 1
25940 1
25941 0
25942 0
25943 0
25944 0
25945 1
25946 1
25947 0
25948 0
25949 0
25950 0
25951 0
25952 0
25953 1
25954 0
25955 0
25956 0
25957 1
25958 0
25959 1
25960 1
25961 0
25962 0
25963 1
25964 1
25965 0
25966 0
25967 1
25968 0
25969 1
25970 1
25971 1
25972 0
25973 1
25974 0
25975 1
25976 0
25977 0
25978 0
25979 0
25980 0
25981 0
25982 0
25983 1
25984 1
25985 1
25986 1
25987 0
25988 1
25989 1
25990 1
25991 0
25992 0
25993 0
25994 0
25995 0
25996 0
25997 0
25998 0
25999 0
26000 1
26001 1
26002 1
26003 0
26004 1
26005 1
26006 1
26007 1
26008 1
26009 1
26010 0
26011 1
26012 0
26013 1
26014 1
26015 0
26016 0
26017 1
26018 0
26019 1
26020 0
26021 0
26022 0
26023 1
26024 1
26025 0
26026 1
26027 1
26028 0
26029 0
26030 0
26031 0
26032 1
26033 0
26034 0
26035 1
26036 1
26037 0
26038 1
26039 1
26040 0
26041 1
26042 1
26043 1
26044 1
26045 0
26046 0
26047 1
26048 1
26049 0
26050 1
26051 0
26052 1
26053 0
26054 1
26055 0
26056 1
26057 0
26058 0
26059 1
26060 0
26061 0
26062 0
26063 1
26064 0
26065 0
26066 1
26067 0
26068 1
26069 1
26070 0
26071 1
26072 0
26073 0
26074 1
26075 0
26076 1
26077 0
26078 1
26079 0
26080 1
26081 0
26082 1
26083 1
26084 0
26085 1
26086 1
26087 0
26088 0
26089 0
26090 1
26091 0
26092 1
26093 0
26094 0
26095 1
26096 1
26097 1
26098 0
26099 0
26100 0
26101 1
26102 1
26103 1
26104 1
26105 1
26106 1
26107 1
26108 0
26109 1
26110 1
26111 0
26112 1
26113 1
26114 1
26115 0
26116 1
26117 0
26118 1
26119 1
26120 0
26121 0
26122 0
26123 1
26124 0
26125 1
26126 1
26127 1
26128 1
26129 1
26130 0
26131 1
26132 1
26133 0
26134 1
26135 0
26136 1
26137 0
26138 1
26139 1
26140 0
26141 0
26142 1
26143 1
26144 1
26145 0
26146 1
26147 0
26148 0
26149 0
26150 0
26151 1
26152 1
26153 0
26154 1
26155 1
26156 0
26157 1
26158 1
26159 0
26160 0
26161 1
26162 1
26163 0
26164 1
26165 1
26166 0
26167 1
26168 1
26169 1
26170 0
26171 1
26172 1
26173 1
26174 0
26175 1
26176 1
26177 1
26178 1
26179 1
26180 1
26181 0
26182 1
26183 1
26184 1
26185 0
26186 1
26187 1
26188 1
26189 1
26190 1
26191 0
26192 1
26193 0
26194 0
26195 1
26196 0
26197 1
26198 1
26199 0
26200 1
26201 0
26202 0
26203 1
26204 1
26205 0
26206 1
26207 1
26208 1
26209 0
26210 1
26211 0
26212 1
26213 1
26214 1
26215 0
26216 1
26217 0
26218 0
26219 0
26220 1
26221 1
26222 1
26223 0
26224 1
26225 1
26226 1
26227 0
26228 1
26229 1
26230 1
26231 1
26232 0
26233 0
26234 0
26235 0
26236 0
26237 0
26238 0
26239 1
26240 0
26241 1
26242 1
26243 0
26244 0
26245 1
26246 1
26247 0
26248 1
26249 0
26250 1
26251 1
26252 0
26253 0
26254 0
26255 0
26256 1
26257 1
26258 0
26259 1
26260 0
26261 1
26262 1
26263 0
26264 0
26265 0
26266 0
26267 0
26268 0
26269 1
26270 0
26271 1
26272 1
26273 0
26274 0
26275 0
26276 0
26277 0
26278 0
26279 1
26280 1
26281 0
26282 0
26283 0
26284 1
26285 1
26286 0
26287 0
26288 0
26289 0
26290 1
26291 0
26292 1
26293 1
26294 1
26295 0
26296 1
26297 1
26298 1
26299 1
26300 0
26301 1
26302 0
26303 0
26304 0
26305 0
26306 1
26307 0
26308 1
26309 0
26310 0
26311 0
26312 0
26313 1
26314 0
26315 1
26316 0
26317 0
26318 0
26319 1
26320 1
26321 0
26322 0
26323 1
26324 0
26325 1
26326 0
26327 1
26328 0
26329 0
26330 0
26331 1
26332 0
26333 1
26334 0
26335 0
26336 1
26337 0
26338 0
26339 0
26340 0
26341 1
26342 1
26343 0
26344 1
26345 1
26346 0
26347 0
26348 1
26349 0
26350 0
26351 1
26352 0
26353 1
26354 0
26355 1
26356 0
26357 0
26358 1
26359 1
26360 1
26361 0
26362 0
26363 0
26364 1
26365 0
26366 1
26367 1
26368 1
26369 0
26370 0
26371 0
26372 0
26373 0
26374 1
26375 0
26376 1
26377 0
26378 1
26379 0
26380 1
26381 1
26382 0
26383 1
26384 1
26385 1
26386 1
26387 0
26388 1
26389 1
26390 0
26391 0
26392 1
26393 0
26394 1
26395 0
26396 1
26397 0
26398 0
26399 0
26400 0
26401 0
26402 0
26403 1
26404 0
26405 1
26406 1
26407 0
26408 1
26409 1
26410 1
26411 1
26412 0
26413 0
26414 0
26415 0
26416 1
26417 0
26418 0
26419 1
26420 1
26421 1
26422 0
26423 1
26424 0
26425 0
26426 0
26427 1
26428 0
26429 1
26430 0
26431 1
26432 0
26433 0
26434 0
26435 1
26436 1
26437 1
26438 0
26439 1
26440 0
26441 1
26442 0
26443 1
26444 1
26445 1
26446 0
26447 1
26448 0
26449 0
26450 1
26451 0
26452 0
26453 0
26454 1
26455 1
26456 1
26457 0
26458 1
26459 1
26460 1
26461 0
26462 0
26463 0
26464 1
26465 1
26466 1
26467 0
26468 1
26469 0
26470 1
26471 0
26472 1
26473 0
26474 0
26475 1
26476 0
26477 0
26478 0
26479 0
26480 0
26481 1
26482 0
26483 0
26484 1
26485 0
26486 0
26487 0
26488 0
26489 0
26490 0
26491 0
26492 0
26493 0
26494 1
26495 0
26496 0
26497 0
26498 0
26499 0
26500 1
26501 1
26502 1
26503 0
26504 1
26505 1
26506 1
26507 0
26508 1
26509 0
26510 1
26511 1
26512 0
26513 1
26514 1
26515 0
26516 1
26517 1
26518 1
26519 0
26520 0
26521 1
26522 0
26523 1
26524 1
26525 1
26526 0
26527 1
26528 1
26529 0
26530 1
26531 1
26532 1
26533 0
26534 0
26535 1
26536 1
26537 1
26538 1
26539 0
26540 0
26541 1
26542 0
26543 1
26544 1
26545 1
26546 1
26547 1
26548 0
26549 1
26550 0
26551 0
26552 0
26553 0
26554 1
26555 0
26556 0
26557 0
26558 0
26559 0
26560 0
26561 0
26562 1
26563 0
26564 1
26565 0
26566 1
26567 1
26568 0
26569 1
26570 0
26571 1
26572 1
26573 1
26574 1
26575 1
26576 0
26577 1
26578 1
26579 1
26580 1
26581 1
26582 1
26583 0
26584 0
26585 1
26586 1
26587 0
26588 1
26589 0
26590 0
26591 1
26592 0
26593 0
26594 1
26595 1
26596 0
26597 0
26598 1
26599 0
26600 1
26601 1
26602 1
26603 0
26604 0
26605 1
26606 0
26607 1
26608 0
26609 1
26610 1
26611 1
26612 0
26613 1
26614 0
26615 0
26616 1
26617 1
26618 0
26619 0
26620 1
26621 0
26622 1
26623 1
26624 0
26625 1
26626 1
26627 1
26628 0
26629 0
26630 1
26631 1
26632 1
26633 0
26634 1
26635 1
26636 0
26637 1
26638 1
26639 0
26640 1
26641 1
26642 0
26643 1
26644 0
26645 0
26646 1
26647 1
26648 0
26649 0
26650 1
26651 0
26652 0
26653 1
26654 0
26655 0
26656 0
26657 0
26658 1
26659 0
26660 1
26661 0
26662 0
26663 0
26664 1
26665 0
26666 1
26667 1
26668 1
26669 1
26670 0
26671 0
26672 0
26673 0
26674 0
26675 1
26676 0
26677 1
26678 1
26679 0
26680 1
26681 1
26682 0
26683 0
26684 0
26685 0
26686 1
26687 1
26688 0
26689 0
26690 0
26691 1
26692 0
26693 1
26694 1
26695 1
26696 1
26697 0
26698 1
26699 1
26700 0
26701 1
26702 1
26703 1
26704 1
26705 0
26706 0
26707 0
26708 0
26709 0
26710 0
26711 1
26712 1
26713 1
26714 1
26715 0
26716 1
26717 0
26718 0
26719 0
26720 1
26721 0
26722 1
26723 1
26724 1
26725 1
26726 0
26727 1
26728 0
26729 1
26730 1
26731 1
26732 0
26733 0
26734 0
26735 0
26736 0
26737 1
26738 1
26739 0
26740 1
26741 1
26742 0
26743 0
26744 1
26745 0
26746 1
26747 0
26748 1
26749 0
26750 1
26751 1
26752 0
26753 1
26754 1
26755 0
26756 1
26757 1
26758 1
26759 1
26760 0
26761 1
26762 0
26763 0
26764 0
26765 0
26766 0
26767 0
26768 0
26769 1
26770 0
26771 0
26772 1
26773 1
26774 1
26775 0
26776 0
26777 0
26778 0
26779 0
26780 1
26781 0
26782 0
26783 0
26784 0
26785 0
26786 1
26787 1
26788 0
26789 1
26790 0
26791 0
26792 1
26793 0
26794 1
26795 0
26796 0
26797 1
26798 1
26799 1
26800 0
26801 0
26802 0
26803 0
26804 1
26805 0
26806 1
26807 0
26808 1
26809 1
26810 1
26811 1
26812 0
26813 0
26814 1
26815 0
26816 0
26817 1
26818 0
26819 0
26820 1
26821 1
26822 0
26823 1
26824 0
26825 0
26826 1
26827 1
26828 0
26829 0
26830 0
26831 1
26832 0
26833 0
26834 1
26835 1
26836 0
26837 1
26838 1
26839 0
26840 0
26841 1
26842 1
26843 0
26844 1
26845 1
26846 1
26847 0
26848 1
26849 0
26850 1
26851 0
26852 0
26853 0
26854 1
26855 1
26856 0
26857 0
26858 1
26859 1
26860 1
26861 0
26862 0
26863 1
26864 0
26865 0
26866 0
26867 0
26868 0
26869 0
26870 0
26871 0
26872 0
26873 0
26874 0
26875 1
26876 0
26877 1
26878 0
26879 1
26880 0
26881 0
26882 0
26883 1
26884 0
26885 1
26886 1
26887 0
26888 1
26889 1
26890 1
26891 0
26892 1
26893 0
26894 1
26895 1
26896 1
26897 1
26898 0
26899 0
26900 1
26901 0
26902 1
26903 1
26904 0
26905 1
26906 0
26907 1
26908 0
26909 1
26910 0
26911 1
26912 0
26913 1
26914 0
26915 0
26916 1
26917 1
26918 0
26919 0
26920 0
26921 1
26922 1
26923 0
26924 0
26925 0
26926 1
26927 0
26928 1
26929 1
26930 0
26931 0
26932 0
26933 1
26934 0
26935 1
26936 1
26937 1
26938 0
26939 0
26940 1
26941 1
26942 0
26943 0
26944 0
26945 1
26946 0
26947 0
26948 1
26949 1
26950 1
26951 0
26952 0
26953 0
26954 0
26955 1
26956 1
26957 1
26958 0
26959 0
26960 0
26961 0
26962 0
26963 0
26964 1
26965 0
26966 1
26967 1
26968 1
26969 1
26970 0
26971 0
26972 1
26973 1
26974 1
26975 0
26976 1
26977 0
26978 0
26979 0
26980 0
26981 0
26982 1
26983 1
26984 0
26985 1
26986 1
26987 0
26988 0
26989 0
26990 0
26991 0
26992 1
26993 1
26994 0
26995 0
26996 1
26997 0
26998 0
26999 0
27000 1
27001 1
27002 0
27003 1
27004 0
27005 0
27006 0
27007 1
27008 1
27009 1
27010 1
27011 0
27012 0
27013 1
27014 1
27015 1
27016 1
27017 0
27018 0
27019 0
27020 1
27021 1
27022 1
27023 1
27024 1
27025 1
27026 0
27027 0
27028 0
27029 1
27030 0
27031 1
27032 1
27033 0
27034 1
27035 0
27036 1
27037 0
27038 0
27039 0
27040 0
27041 1
27042 1
27043 0
27044 0
27045 1
27046 0
27047 1
27048 0
27049 1
27050 0
27051 1
27052 1
27053 1
27054 0
27055 0
27056 1
27057 1
27058 1
27059 0
27060 1
27061 1
27062 1
27063 1
27064 1
27065 0
27066 0
27067 1
27068 0
27069 0
27070 1
27071 0
27072 1
27073 1
27074 0
27075 0
27076 0
27077 0
27078 0
27079 1
27080 1
27081 1
27082 0
27083 1
27084 0
27085 1
27086 0
27087 1
27088 1
27089 0
27090 1
27091 0
27092 0
27093 0
27094 1
27095 1
27096 0
27097 0
27098 1
27099 0
27100 1
27101 1
27102 0
27103 0
27104 1
27105 1
27106 1
27107 1
27108 0
27109 1
27110 0
27111 0
27112 1
27113 0
27114 0
27115 1
27116 0
27117 1
27118 0
27119 1
27120 1
27121 1
27122 0
27123 0
27124 1
27125 0
27126 1
27127 1
27128 1
27129 0
27130 0
27131 0
27132 0
27133 1
27134 1
27135 0
27136 0
27137 1
27138 1
27139 1
27140 0
27141 1
27142 1
27143 0
27144 1
27145 1
27146 1
27147 1
27148 0
27149 0
27150 1
27151 0
27152 1
27153 1
27154 0
27155 0
27156 0
27157 0
27158 0
27159 1
27160 0
27161 1
27162 0
27163 0
27164 1
27165 1
27166 0
27167 0
27168 0
27169 1
27170 1
27171 1
27172 1
27173 0
27174 0
27175 1
27176 0
27177 1
27178 0
27179 0
27180 0
27181 0
27182 1
27183 0
27184 1
27185 0
27186 1
27187 0
27188 1
27189 0
27190 0
27191 0
27192 0
27193 0
27194 1
27195 1
27196 0
27197 0
27198 0
27199 0
27200 0
27201 1
27202 1
27203 1
27204 1
27205 1
27206 1
27207 0
27208 1
27209 0
27210 0
27211 1
27212 1
27213 1
27214 1
27215 1
27216 1
27217 0
27218 1
27219 1
27220 0
27221 1
27222 1
27223 1
27224 1
27225 1
27226 0
27227 1
27228 0
27229 0
27230 1
27231 1
27232 0
27233 0
27234 0
27235 0
27236 1
27237 0
27238 0
27239 0
27240 1
27241 1
27242 1
27243 0
27244 1
27245 0
27246 0
27247 1
27248 0
27249 1
27250 0
27251 0
27252 0
27253 0
27254 0
27255 1
27256 1
27257 1
27258 0
27259 0
27260 0
27261 1
27262 0
27263 1
27264 1
27265 1
27266 1
27267 1
27268 1
27269 0
27270 0
27271 1
27272 0
27273 1
27274 0
27275 1
27276 1
27277 0
27278 1
27279 1
27280 0
27281 1
27282 0
27283 0
27284 0
27285 0
27286 1
27287 0
27288 1
27289 1
27290 0
27291 1
27292 0
27293 1
27294 0
27295 1
27296 0
27297 0
27298 0
27299 1
27300 1
27301 1
27302 0
27303 0
27304 0
27305 0
27306 1
27307 0
27308 0
27309 0
27310 0
27311 1
27312 0
27313 1
27314 1
27315 0
27316 1
27317 0
27318 0
27319 1
27320 0
27321 1
27322 1
27323 0
27324 0
27325 0
27326 0
27327 1
27328 0
27329 0
27330 0
27331 1
27332 1
27333 0
27334 1
27335 0
27336 1
27337 1
27338 0
27339 0
27340 0
27341 1
27342 0
27343 0
27344 1
27345 0
27346 0
27347 1
27348 1
27349 1
27350 1
27351 1
27352 0
27353 0
27354 0
27355 0
27356 1
27357 0
27358 1
27359 1
27360 1
27361 0
27362 0
27363 1
27364 1
27365 1
27366 1
27367 0
27368 1
27369 0
27370 1
27371 1
27372 0
27373 1
27374 1
27375 0
27376 0
27377 1
27378 1
27379 1
27380 1
27381 1
27382 0
27383 0
27384 0
27385 0
27386 0
27387 1
27388 0
27389 1
27390 0
27391 1
27392 1
27393 0
27394 1
27395 1
27396 1
27397 1
27398 0
27399 0
27400 1
27401 1
27402 1
27403 1
27404 1
27405 1
27406 1
27407 1
27408 0
27409 1
27410 1
27411 0
27412 0
27413 1
27414 1
27415 1
27416 0
27417 1
27418 1
27419 1
27420 1
27421 0
27422 0
27423 1
27424 1
27425 1
27426 1
27427 0
27428 0
27429 1
27430 1
27431 1
27432 1
27433 0
27434 1
27435 0
27436 0
27437 1
27438 1
27439 1
27440 1
27441 0
27442 1
27443 0
27444 1
27445 1
27446 1
27447 1
27448 1
27449 1
27450 0
27451 0
27452 1
27453 0
27454 0
27455 1
27456 0
27457 0
27458 1
27459 0
27460 0
27461 1
27462 1
27463 1
27464 0
27465 0
27466 1
27467 1
27468 1
27469 1
27470 1
27471 1
27472 0
27473 0
27474 1
27475 0
27476 1
27477 0
27478 0
27479 1
27480 0
27481 1
27482 1
27483 1
27484 0
27485 0
27486 0
27487 1
27488 0
27489 1
27490 0
27491 0
27492 0
27493 0
27494 0
27495 0
27496 1
27497 0
27498 1
27499 0
27500 0
27501 1
27502 0
27503 0
27504 1
27505 0
27506 1
27507 1
27508 0
27509 0
27510 1
27511 1
27512 0
27513 0
27514 0
27515 1
27516 0
27517 1
27518 1
27519 1
27520 1
27521 1
27522 1
27523 1
27524 1
27525 1
27526 0
27527 0
27528 1
27529 0
27530 1
27531 1
27532 0
27533 0
27534 0
27535 1
27536 0
27537 0
27538 0
27539 0
27540 0
27541 1
27542 0
27543 1
27544 0
27545 1
27546 0
27547 0
27548 1
27549 1
27550 0
27551 0
27552 1
27553 0
27554 0
27555 1
27556 1
27557 1
27558 1
27559 0
27560 1
27561 0
27562 0
27563 1
27564 1
27565 0
27566 1
27567 1
27568 1
27569 0
27570 0
27571 1
27572 0
27573 0
27574 1
27575 0
27576 1
27577 0
27578 1
27579 1
27580 0
27581 0
27582 1
27583 1
27584 1
27585 0
27586 0
27587 0
27588 1
27589 0
27590 1
27591 1
27592 0
27593 0
27594 1
27595 1
27596 1
27597 1
27598 0
27599 0
27600 0
27601 1
27602 1
27603 0
27604 0
27605 0
27606 1
27607 0
27608 0
27609 1
27610 1
27611 0
27612 0
27613 0
27614 0
27615 0
27616 0
27617 1
27618 0
27619 0
27620 1
27621 0
27622 1
27623 1
27624 1
27625 1
27626 1
27627 0
27628 0
27629 0
27630 0
27631 0
27632 0
27633 0
27634 1
27635 1
27636 0
27637 0
27638 0
27639 1
27640 0
27641 1
27642 1
27643 0
27644 1
27645 0
27646 0
27647 0
27648 0
27649 1
27650 0
27651 0
27652 1
27653 1
27654 1
27655 1
27656 0
27657 0
27658 1
27659 1
27660 0
27661 1
27662 0
27663 0
27664 0
27665 0
27666 1
27667 1
27668 1
27669 0
27670 0
27671 0
27672 0
27673 0
27674 1
27675 0
27676 1
27677 0
27678 0
27679 0
27680 1
27681 0
27682 1
27683 0
27684 1
27685 1
27686 1
27687 1
27688 1
27689 1
27690 0
27691 1
27692 0
27693 0
27694 1
27695 0
27696 1
27697 0
27698 0
27699 1
27700 0
27701 1
27702 0
27703 1
27704 1
27705 1
27706 0
27707 0
27708 0
27709 0
27710 0
27711 0
27712 0
27713 1
27714 1
27715 0
27716 1
27717 0
27718 0
27719 0
27720 0
27721 1
27722 1
27723 1
27724 1
27725 1
27726 0
27727 1
27728 1
27729 1
27730 1
27731 0
27732 1
27733 1
27734 0
27735 1
27736 1
27737 1
27738 0
27739 0
27740 0
27741 0
27742 1
27743 0
27744 1
27745 0
27746 0
27747 0
27748 0
27749 1
27750 1
27751 1
27752 0
27753 1
27754 1
27755 0
27756 0
27757 0
27758 1
27759 1
27760 0
27761 1
27762 0
27763 0
27764 1
27765 0
27766 0
27767 1
27768 0
27769 0
27770 0
27771 0
27772 1
27773 0
27774 0
27775 1
27776 1
27777 0
27778 1
27779 1
27780 1
27781 0
27782 1
27783 0
27784 0
27785 0
27786 1
27787 1
27788 1
27789 1
27790 0
27791 0
27792 0
27793 1
27794 1
27795 1
27796 1
27797 0
27798 0
27799 0
27800 1
27801 1
27802 0
27803 0
27804 1
27805 1
27806 0
27807 0
27808 0
27809 1
27810 0
27811 0
27812 1
27813 0
27814 0
27815 1
27816 0
27817 0
27818 1
27819 0
27820 1
27821 1
27822 1
27823 0
27824 1
27825 1
27826 1
27827 1
27828 0
27829 0
27830 0
27831 1
27832 0
27833 1
27834 1
27835 1
27836 1
27837 1
27838 0
27839 0
27840 1
27841 1
27842 1
27843 1
27844 0
27845 0
27846 0
27847 0
27848 1
27849 1
27850 0
27851 1
27852 0
27853 1
27854 1
27855 1
27856 0
27857 1
27858 1
27859 1
27860 1
27861 0
27862 0
27863 1
27864 1
27865 0
27866 1
27867 1
27868 1
27869 0
27870 0
27871 1
27872 1
27873 0
27874 0
27875 0
27876 0
27877 1
27878 1
27879 0
27880 0
27881 0
27882 0
27883 1
27884 0
27885 1
27886 0
27887 0
27888 0
27889 0
27890 0
27891 1
27892 1
27893 0
27894 0
27895 1
27896 0
27897 1
27898 0
27899 1
27900 1
27901 0
27902 1
27903 0
27904 1
27905 1
27906 0
27907 1
27908 1
27909 1
27910 1
27911 0
27912 0
27913 0
27914 1
27915 1
27916 1
27917 0
27918 0
27919 0
27920 1
27921 0
27922 1
27923 1
27924 0
27925 1
27926 1
27927 0
27928 0
27929 0
27930 1
27931 1
27932 0
27933 1
27934 0
27935 1
27936 0
27937 0
27938 0
27939 0
27940 1
27941 0
27942 1
27943 1
27944 1
27945 1
27946 1
27947 0
27948 0
27949 0
27950 0
27951 1
27952 0
27953 1
27954 0
27955 1
27956 0
27957 1
27958 0
27959 1
27960 0
27961 0
27962 1
27963 0
27964 1
27965 1
27966 0
27967 0
27968 0
27969 0
27970 0
27971 0
27972 1
27973 0
27974 0
27975 0
27976 0
27977 0
27978 0
27979 1
27980 0
27981 0
27982 0
27983 1
27984 0
27985 0
27986 1
27987 1
27988 0
27989 1
27990 0
27991 1
27992 1
27993 0
27994 1
27995 0
27996 0
27997 1
27998 0
27999 1
28000 1
28001 1
28002 0
28003 1
28004 0
28005 1
28006 0
28007 1
28008 0
28009 0
28010 1
28011 1
28012 1
28013 1
28014 0
28015 0
28016 1
28017 1
28018 1
28019 0
28020 0
28021 0
28022 0
28023 0
28024 0
28025 1
28026 0
28027 0
28028 0
28029 1
28030 1
28031 1
28032 1
28033 0
28034 0
28035 1
28036 0
28037 1
28038 1
28039 1
28040 0
28041 0
28042 1
28043 1
28044 1
28045 0
28046 0
28047 0
28048 0
28049 1
28050 1
28051 0
28052 0
28053 1
28054 0
28055 0
28056 1
28057 1
28058 0
28059 1
28060 1
28061 0
28062 0
28063 0
28064 0
28065 0
28066 0
28067 0
28068 1
28069 0
28070 0
28071 0
28072 1
28073 0
28074 0
28075 0
28076 1
28077 0
28078 0
28079 1
28080 0
28081 0
28082 0
28083 0
28084 1
28085 1
28086 0
28087 0
28088 0
28089 1
28090 0
28091 1
28092 0
28093 1
28094 1
28095 1
28096 0
28097 1
28098 1
28099 0
28100 1
28101 0
28102 0
28103 0
28104 0
28105 1
28106 1
28107 0
28108 0
28109 0
28110 0
28111 1
28112 1
28113 0
28114 1
28115 0
28116 0
28117 1
28118 1
28119 1
28120 1
28121 0
28122 1
28123 0
28124 0
28125 0
28126 1
28127 0
28128 0
28129 1
28130 0
28131 0
28132 0
28133 1
28134 0
28135 0
28136 0
28137 1
28138 1
28139 1
28140 0
28141 0
28142 0
28143 0
28144 1
28145 1
28146 0
28147 0
28148 0
28149 0
28150 1
28151 1
28152 1
28153 0
28154 1
28155 1
28156 1
28157 1
28158 1
28159 0
28160 1
28161 0
28162 1
28163 0
28164 0
28165 1
28166 0
28167 0
28168 0
28169 1
28170 0
28171 1
28172 1
28173 1
28174 0
28175 1
28176 0
28177 0
28178 0
28179 1
28180 0
28181 0
28182 0
28183 1
28184 0
28185 1
28186 0
28187 0
28188 1
28189 1
28190 0
28191 1
28192 0
28193 1
28194 1
28195 0
28196 0
28197 1
28198 1
28199 1
28200 0
28201 0
28202 1
28203 1
28204 0
28205 1
28206 1
28207 0
28208 0
28209 1
28210 0
28211 1
28212 0
28213 0
28214 0
28215 1
28216 0
28217 1
28218 0
28219 1
28220 0
28221 0
28222 1
28223 1
28224 1
28225 0
28226 1
28227 0
28228 0
28229 0
28230 0
28231 1
28232 0
28233 0
28234 1
28235 0
28236 1
28237 1
28238 1
28239 0
28240 1
28241 0
28242 1
28243 1
28244 0
28245 1
28246 1
28247 1
28248 1
28249 0
28250 1
28251 0
28252 0
28253 1
28254 1
28255 0
28256 0
28257 1
28258 1
28259 1
28260 1
28261 1
28262 0
28263 1
28264 1
28265 0
28266 0
28267 1
28268 0
28269 1
28270 1
28271 1
28272 0
28273 0
28274 0
28275 1
28276 0
28277 0
28278 1
28279 1
28280 0
28281 0
28282 0
28283 1
28284 0
28285 1
28286 0
28287 1
28288 0
28289 1
28290 1
28291 1
28292 0
28293 1
28294 1
28295 1
28296 1
28297 1
28298 0
28299 0
28300 1
28301 1
28302 1
28303 0
28304 0
28305 1
28306 0
28307 0
28308 1
28309 0
28310 1
28311 1
28312 1
28313 1
28314 0
28315 0
28316 1
28317 0
28318 0
28319 0
28320 0
28321 1
28322 1
28323 1
28324 0
28325 1
28326 0
28327 0
28328 1
28329 1
28330 0
28331 0
28332 1
28333 1
28334 0
28335 1
28336 0
28337 0
28338 0
28339 0
28340 0
28341 0
28342 0
28343 1
28344 1
28345 1
28346 0
28347 1
28348 0
28349 0
28350 1
28351 0
28352 0
28353 0
28354 0
28355 0
28356 0
28357 1
28358 0
28359 0
28360 1
28361 1
28362 0
28363 1
28364 0
28365 1
28366 0
28367 1
28368 1
28369 0
28370 1
28371 1
28372 1
28373 0
28374 1
28375 0
28376 0
28377 1
28378 0
28379 1
28380 1
28381 0
28382 1
28383 1
28384 0
28385 0
28386 0
28387 0
28388 0
28389 1
28390 1
28391 1
28392 1
28393 1
28394 0
28395 1
28396 0
28397 1
28398 1
28399 0
28400 0
28401 1
28402 1
28403 0
28404 0
28405 1
28406 0
28407 0
28408 0
28409 0
28410 0
28411 1
28412 0
28413 1
28414 0
28415 0
28416 1
28417 1
28418 1
28419 1
28420 1
28421 1
28422 1
28423 0
28424 1
28425 1
28426 1
28427 0
28428 0
28429 1
28430 0
28431 0
28432 1
28433 1
28434 1
28435 0
28436 0
28437 0
28438 1
28439 0
28440 1
28441 0
28442 1
28443 0
28444 1
28445 1
28446 0
28447 1
28448 0
28449 1
28450 1
28451 1
28452 0
28453 0
28454 0
28455 1
28456 0
28457 1
28458 0
28459 1
28460 0
28461 0
28462 0
28463 0
28464 0
28465 1
28466 0
28467 1
28468 1
28469 0
28470 1
28471 1
28472 1
28473 0
28474 0
28475 0
28476 0
28477 1
28478 1
28479 1
28480 0
28481 1
28482 1
28483 1
28484 0
28485 0
28486 0
28487 0
28488 1
28489 0
28490 0
28491 0
28492 0
28493 0
28494 0
28495 0
28496 0
28497 0
28498 0
28499 1
28500 1
28501 1
28502 1
28503 1
28504 1
28505 0
28506 1
28507 1
28508 0
28509 1
28510 0
28511 1
28512 1
28513 0
28514 0
28515 0
28516 1
28517 1
28518 1
28519 0
28520 0
28521 0
28522 1
28523 0
28524 0
28525 0
28526 0
28527 1
28528 1
28529 0
28530 1
28531 1
28532 0
28533 1
28534 0
28535 0
28536 1
28537 0
28538 0
28539 1
28540 1
28541 1
28542 0
28543 1
28544 0
28545 1
28546 0
28547 1
28548 1
28549 0
28550 0
28551 0
28552 1
28553 0
28554 0
28555 0
28556 0
28557 1
28558 1
28559 1
28560 1
28561 1
28562 1
28563 0
28564 1
28565 0
28566 1
28567 0
28568 1
28569 0
28570 0
28571 1
28572 1
28573 0
28574 0
28575 1
28576 1
28577 1
28578 0
28579 1
28580 0
28581 1
28582 1
28583 1
28584 0
28585 0
28586 1
28587 0
28588 0
28589 1
28590 0
28591 1
28592 1
28593 0
28594 1
28595 0
28596 1
28597 0
28598 1
28599 1
28600 0
28601 0
28602 0
28603 1
28604 1
28605 0
28606 0
28607 0
28608 0
28609 0
28610 1
28611 0
28612 1
28613 0
28614 1
28615 0
28616 0
28617 0
28618 0
28619 0
28620 0
28621 0
28622 0
28623 0
28624 0
28625 0
28626 0
28627 0
28628 0
28629 1
28630 1
28631 0
28632 1
28633 1
28634 0
28635 1
28636 0
28637 1
28638 1
28639 0
28640 0
28641 1
28642 0
28643 0
28644 0
28645 1
28646 0
28647 0
28648 1
28649 0
28650 1
28651 0
28652 1
28653 1
28654 0
28655 1
28656 0
28657 0
28658 1
28659 0
28660 1
28661 0
28662 0
28663 0
28664 1
28665 1
28666 1
28667 1
28668 0
28669 0
28670 1
28671 0
28672 0
28673 0
28674 0
28675 0
28676 0
28677 0
28678 1
28679 0
28680 1
28681 1
28682 1
28683 1
28684 1
28685 1
28686 1
28687 1
28688 0
28689 1
28690 1
28691 0
28692 1
28693 1
28694 0
28695 0
28696 1
28697 1
28698 1
28699 0
28700 1
28701 0
28702 0
28703 1
28704 1
28705 1
28706 0
28707 1
28708 0
28709 1
28710 0
28711 0
28712 0
28713 1
28714 1
28715 1
28716 0
28717 0
28718 1
28719 0
28720 0
28721 0
28722 1
28723 1
28724 0
28725 0
28726 0
28727 0
28728 0
28729 1
28730 0
28731 0
28732 1
28733 0
28734 1
28735 1
28736 0
28737 0
28738 1
28739 0
28740 0
28741 1
28742 0
28743 0
28744 0
28745 0
28746 0
28747 0
28748 0
28749 1
28750 0
28751 0
28752 0
28753 1
28754 1
28755 0
28756 1
28757 0
28758 0
28759 0
28760 0
28761 1
28762 0
28763 0
28764 0
28765 1
28766 1
28767 1
28768 1
28769 1
28770 0
28771 0
28772 0
28773 1
28774 1
28775 0
28776 1
28777 0
28778 0
28779 1
28780 0
28781 1
28782 0
28783 1
28784 1
28785 1
28786 1
28787 0
28788 1
28789 0
28790 0
28791 1
28792 0
28793 1
28794 0
28795 0
28796 0
28797 1
28798 0
28799 0
28800 1
28801 1
28802 0
28803 0
28804 1
28805 1
28806 1
28807 1
28808 1
28809 1
28810 0
28811 0
28812 1
28813 1
28814 0
28815 0
28816 1
28817 1
28818 1
28819 0
28820 1
28821 0
28822 0
28823 0
28824 1
28825 1
28826 0
28827 1
28828 1
28829 0
28830 1
28831 0
28832 0
28833 1
28834 1
28835 1
28836 0
28837 1
28838 0
28839 0
28840 0
28841 1
28842 1
28843 1
28844 1
28845 1
28846 1
28847 0
28848 0
28849 0
28850 0
28851 0
28852 0
28853 0
28854 0
28855 0
28856 1
28857 0
28858 1
28859 0
28860 0
28861 0
28862 0
28863 0
28864 0
28865 1
28866 1
28867 1
28868 0
28869 1
28870 0
28871 0
28872 0
28873 1
28874 1
28875 1
28876 0
28877 0
28878 1
28879 0
28880 1
28881 1
28882 0
28883 1
28884 0
28885 1
28886 1
28887 0
28888 1
28889 1
28890 0
28891 0
28892 0
28893 0
28894 1
28895 0
28896 0
28897 0
28898 0
28899 0
28900 1
28901 1
28902 1
28903 1
28904 0
28905 0
28906 0
28907 1
28908 1
28909 0
28910 1
28911 1
28912 0
28913 0
28914 0
28915 0
28916 0
28917 0
28918 1
28919 1
28920 1
28921 0
28922 1
28923 1
28924 1
28925 0
28926 0
28927 1
28928 0
28929 0
28930 0
28931 1
28932 1
28933 0
28934 1
28935 0
28936 1
28937 1
28938 1
28939 0
28940 1
28941 0
28942 0
28943 0
28944 0
28945 1
28946 0
28947 1
28948 1
28949 1
28950 0
28951 1
28952 0
28953 1
28954 1
28955 0
28956 0
28957 1
28958 0
28959 1
28960 1
28961 1
28962 0
28963 1
28964 0
28965 0
28966 1
28967 0
28968 1
28969 1
28970 1
28971 1
28972 1
28973 1
28974 0
28975 0
28976 0
28977 1
28978 0
28979 0
28980 1
28981 1
28982 1
28983 1
28984 0
28985 0
28986 0
28987 0
28988 0
28989 0
28990 1
28991 0
28992 0
28993 0
28994 0
28995 1
28996 0
28997 1
28998 1
28999 1
29000 1
29001 0
29002 1
29003 0
29004 1
29005 0
29006 0
29007 0
29008 0
29009 0
29010 1
29011 1
29012 0
29013 1
29014 0
29015 1
29016 1
29017 1
29018 1
29019 1
29020 0
29021 1
29022 0
29023 1
29024 0
29025 0
29026 0
29027 1
29028 1
29029 0
29030 1
29031 1
29032 0
29033 1
29034 1
29035 0
29036 0
29037 0
29038 1
29039 0
29040 1
29041 1
29042 0
29043 1
29044 0
29045 1
29046 1
29047 1
29048 0
29049 1
29050 0
29051 0
29052 1
29053 1
29054 1
29055 1
29056 1
29057 0
29058 0
29059 0
29060 1
29061 0
29062 1
29063 1
29064 0
29065 0
29066 0
29067 0
29068 1
29069 0
29070 1
29071 1
29072 1
29073 0
29074 0
29075 0
29076 1
29077 1
29078 1
29079 1
29080 0
29081 0
29082 0
29083 0
29084 1
29085 0
29086 1
29087 1
29088 1
29089 1
29090 1
29091 0
29092 1
29093 0
29094 1
29095 0
29096 1
29097 0
29098 1
29099 0
29100 0
29101 1
29102 1
29103 1
29104 1
29105 1
29106 1
29107 1
29108 1
29109 0
29110 0
29111 0
29112 1
29113 0
29114 0
29115 1
29116 0
29117 0
29118 0
29119 0
29120 0
29121 0
29122 1
29123 0
29124 1
29125 0
29126 0
29127 0
29128 1
29129 1
29130 1
29131 1
29132 1
29133 0
29134 0
29135 0
29136 0
29137 1
29138 1
29139 0
29140 0
29141 1
29142 1
29143 0
29144 0
29145 1
29146 1
29147 1
29148 1
29149 1
29150 1
29151 1
29152 1
29153 1
29154 1
29155 1
29156 1
29157 1
29158 1
29159 0
29160 1
29161 0
29162 1
29163 0
29164 1
29165 1
29166 0
29167 1
29168 1
29169 1
29170 1
29171 1
29172 0
29173 0
29174 1
29175 0
29176 0
29177 0
29178 1
29179 0
29180 1
29181 0
29182 1
29183 1
29184 0
29185 0
29186 0
29187 1
29188 1
29189 1
29190 0
29191 1
29192 0
29193 0
29194 0
29195 1
29196 1
29197 0
29198 0
29199 1
29200 1
29201 1
29202 1
29203 1
29204 1
29205 0
29206 1
29207 1
29208 0
29209 0
29210 1
29211 0
29212 1
29213 0
29214 0
29215 0
29216 0
29217 0
29218 0
29219 1
29220 1
29221 0
29222 1
29223 0
29224 1
29225 1
29226 1
29227 0
29228 0
29229 0
29230 1
29231 0
29232 1
29233 1
29234 1
29235 1
29236 0
29237 0
29238 0
29239 0
29240 0
29241 0
29242 0
29243 1
29244 0
29245 0
29246 0
29247 1
29248 0
29249 1
29250 0
29251 0
29252 0
29253 1
29254 0
29255 0
29256 0
29257 1
29258 1
29259 1
29260 1
29261 0
29262 1
29263 0
29264 1
29265 1
29266 0
29267 1
29268 0
29269 0
29270 1
29271 0
29272 0
29273 0
29274 0
29275 0
29276 1
29277 0
29278 1
29279 0
29280 1
29281 1
29282 1
29283 1
29284 1
29285 0
29286 1
29287 0
29288 1
29289 1
29290 1
29291 0
29292 1
29293 0
29294 0
29295 1
29296 0
29297 1
29298 0
29299 0
29300 1
29301 1
29302 0
29303 1
29304 1
29305 0
29306 0
29307 1
29308 0
29309 0
29310 0
29311 0
29312 0
29313 1
29314 1
29315 0
29316 1
29317 0
29318 1
29319 0
29320 0
29321 1
29322 1
29323 0
29324 0
29325 1
29326 0
29327 1
29328 0
29329 0
29330 1
29331 1
29332 1
29333 0
29334 0
29335 1
29336 0
29337 1
29338 1
29339 0
29340 0
29341 1
29342 0
29343 0
29344 1
29345 1
29346 1
29347 1
29348 0
29349 0
29350 0
29351 1
29352 1
29353 1
29354 0
29355 1
29356 1
29357 0
29358 0
29359 0
29360 0
29361 0
29362 1
29363 1
29364 1
29365 0
29366 0
29367 0
29368 0
29369 1
29370 0
29371 1
29372 0
29373 0
29374 1
29375 1
29376 1
29377 0
29378 1
29379 1
29380 0
29381 1
29382 0
29383 1
29384 0
29385 1
29386 0
29387 0
29388 0
29389 0
29390 1
29391 1
29392 1
29393 0
29394 1
29395 0
29396 0
29397 0
29398 0
29399 0
29400 0
29401 0
29402 1
29403 1
29404 0
29405 1
29406 0
29407 1
29408 1
29409 0
29410 0
29411 1
29412 0
29413 1
29414 0
29415 1
29416 0
29417 1
29418 0
29419 0
29420 1
29421 1
29422 1
29423 0
29424 0
29425 1
29426 1
29427 0
29428 1
29429 1
29430 1
29431 1
29432 0
29433 0
29434 1
29435 1
29436 1
29437 0
29438 0
29439 1
29440 1
29441 0
29442 1
29443 0
29444 0
29445 0
29446 0
29447 0
29448 1
29449 0
29450 0
29451 1
29452 1
29453 0
29454 1
29455 0
29456 0
29457 0
29458 1
29459 1
29460 1
29461 1
29462 1
29463 1
29464 1
29465 1
29466 0
29467 1
29468 1
29469 1
29470 0
29471 0
29472 0
29473 0
29474 1
29475 1
29476 1
29477 1
29478 0
29479 0
29480 0
29481 1
29482 0
29483 1
29484 0
29485 1
29486 0
29487 1
29488 0
29489 0
29490 1
29491 0
29492 1
29493 0
29494 1
29495 0
29496 1
29497 0
29498 0
29499 1
29500 0
29501 0
29502 1
29503 0
29504 1
29505 0
29506 0
29507 0
29508 0
29509 0
29510 0
29511 0
29512 0
29513 1
29514 1
29515 1
29516 1
29517 0
29518 1
29519 0
29520 1
29521 1
29522 1
29523 1
29524 0
29525 0
29526 0
29527 1
29528 0
29529 1
29530 0
29531 0
29532 1
29533 0
29534 0
29535 0
29536 1
29537 1
29538 0
29539 1
29540 1
29541 0
29542 1
29543 1
29544 1
29545 0
29546 0
29547 1
29548 1
29549 0
29550 1
29551 1
29552 1
29553 0
29554 1
29555 1
29556 1
29557 0
29558 0
29559 1
29560 1
29561 1
29562 0
29563 0
29564 0
29565 1
29566 1
29567 0
29568 1
29569 0
29570 0
29571 0
29572 0
29573 0
29574 1
29575 1
29576 1
29577 0
29578 1
29579 1
29580 0
29581 0
29582 0
29583 0
29584 1
29585 1
29586 0
29587 0
29588 1
29589 1
29590 0
29591 1
29592 1
29593 1
29594 0
29595 1
29596 1
29597 0
29598 0
29599 1
29600 0
29601 1
29602 0
29603 0
29604 1
29605 1
29606 0
29607 0
29608 0
29609 1
29610 0
29611 1
29612 1
29613 0
29614 0
29615 1
29616 1
29617 0
29618 1
29619 1
29620 1
29621 1
29622 0
29623 1
29624 0
29625 0
29626 1
29627 0
29628 1
29629 1
29630 1
29631 0
29632 1
29633 1
29634 0
29635 0
29636 0
29637 0
29638 1
29639 0
29640 1
29641 1
29642 0
29643 1
29644 1
29645 0
29646 1
29647 0
29648 0
29649 1
29650 0
29651 0
29652 0
29653 0
29654 1
29655 1
29656 1
29657 1
29658 1
29659 1
29660 1
29661 0
29662 1
29663 0
29664 1
29665 0
29666 0
29667 0
29668 1
29669 0
29670 1
29671 0
29672 1
29673 0
29674 1
29675 0
29676 0
29677 0
29678 1
29679 0
29680 0
29681 1
29682 0
29683 0
29684 1
29685 1
29686 0
29687 1
29688 1
29689 0
29690 1
29691 0
29692 0
29693 0
29694 0
29695 0
29696 1
29697 0
29698 1
29699 1
29700 0
29701 0
29702 1
29703 0
29704 0
29705 0
29706 1
29707 0
29708 1
29709 1
29710 1
29711 0
29712 0
29713 1
29714 1
29715 1
29716 0
29717 1
29718 0
29719 1
29720 0
29721 0
29722 1
29723 1
29724 1
29725 0
29726 1
29727 1
29728 1
29729 0
29730 1
29731 0
29732 1
29733 0
29734 1
29735 0
29736 0
29737 0
29738 0
29739 1
29740 0
29741 1
29742 0
29743 0
29744 1
29745 0
29746 0
29747 0
29748 0
29749 0
29750 1
29751 1
29752 0
29753 1
29754 1
29755 1
29756 0
29757 1
29758 1
29759 1
29760 0
29761 1
29762 0
29763 0
29764 0
29765 1
29766 1
29767 0
29768 1
29769 0
29770 0
29771 1
29772 1
29773 0
29774 0
29775 0
29776 0
29777 0
29778 1
29779 1
29780 1
29781 0
29782 1
29783 1
29784 1
29785 1
29786 0
29787 0
29788 0
29789 0
29790 1
29791 0
29792 1
29793 0
29794 0
29795 1
29796 0
29797 0
29798 1
29799 1
29800 0
29801 1
29802 1
29803 1
29804 1
29805 0
29806 0
29807 1
29808 0
29809 0
29810 1
29811 0
29812 1
29813 0
29814 0
29815 0
29816 1
29817 1
29818 0
29819 0
29820 0
29821 1
29822 0
29823 0
29824 1
29825 0
29826 1
29827 1
29828 0
29829 1
29830 1
29831 0
29832 0
29833 1
29834 0
29835 1
29836 0
29837 1
29838 1
29839 0
29840 1
29841 1
29842 1
29843 1
29844 1
29845 1
29846 1
29847 1
29848 0
29849 1
29850 0
29851 1
29852 0
29853 0
29854 1
29855 0
29856 1
29857 1
29858 0
29859 0
29860 1
29861 0
29862 1
29863 1
29864 0
29865 1
29866 1
29867 1
29868 1
29869 0
29870 1
29871 1
29872 1
29873 1
29874 0
29875 1
29876 0
29877 1
29878 0
29879 0
29880 0
29881 1
29882 0
29883 0
29884 1
29885 0
29886 1
29887 0
29888 0
29889 0
29890 1
29891 0
29892 0
29893 0
29894 1
29895 0
29896 1
29897 1
29898 0
29899 1
29900 0
29901 0
29902 0
29903 1
29904 1
29905 1
29906 1
29907 1
29908 0
29909 0
29910 1
29911 0
29912 0
29913 1
29914 0
29915 0
29916 0
29917 1
29918 0
29919 0
29920 1
29921 0
29922 0
29923 0
29924 1
29925 1
29926 0
29927 1
29928 0
29929 1
29930 0
29931 0
29932 0
29933 1
29934 1
29935 0
29936 0
29937 0
29938 1
29939 1
29940 0
29941 1
29942 1
29943 0
29944 1
29945 0
29946 1
29947 1
29948 1
29949 0
29950 0
29951 0
29952 0
29953 0
29954 0
29955 1
29956 1
29957 0
29958 1
29959 1
29960 1
29961 0
29962 1
29963 0
29964 0
29965 1
29966 1
29967 1
29968 1
29969 0
29970 1
29971 1
29972 1
29973 0
29974 0
29975 0
29976 1
29977 0
29978 1
29979 1
29980 0
29981 1
29982 0
29983 0
29984 1
29985 1
29986 1
29987 1
29988 1
29989 1
29990 1
29991 1
29992 1
29993 1
29994 0
29995 0
29996 1
29997 1
29998 1
29999 1
30000 1
30001 1
30002 1
30003 0
30004 1
30005 0
30006 0
30007 0
30008 1
30009 1
30010 1
30011 0
30012 1
30013 0
30014 1
30015 1
30016 0
30017 0
30018 1
30019 0
30020 0
30021 0
30022 0
30023 0
30024 1
30025 0
30026 0
30027 1
30028 1
30029 1
30030 1
30031 0
30032 0
30033 0
30034 1
30035 0
30036 1
30037 0
30038 0
30039 0
30040 1
30041 1
30042 0
30043 1
30044 0
30045 1
30046 1
30047 1
30048 1
30049 0
30050 0
30051 1
30052 0
30053 0
30054 0
30055 1
30056 1
30057 0
30058 0
30059 1
30060 0
30061 0
30062 0
30063 0
30064 0
30065 0
30066 1
30067 0
30068 0
30069 0
30070 0
30071 0
30072 1
30073 0
30074 1
30075 0
30076 0
30077 0
30078 0
30079 1
30080 0
30081 0
30082 1
30083 1
30084 0
30085 1
30086 0
30087 0
30088 1
30089 0
30090 0
30091 0
30092 1
30093 0
30094 1
30095 1
30096 0
30097 0
30098 0
30099 0
30100 0
30101 1
30102 0
30103 0
30104 1
30105 1
30106 1
30107 1
30108 1
30109 1
30110 0
30111 0
30112 1
30113 0
30114 0
30115 1
30116 1
30117 1
30118 0
30119 0
30120 1
30121 1
30122 0
30123 1
30124 0
30125 1
30126 1
30127 0
30128 1
30129 1
30130 1
30131 0
30132 1
30133 1
30134 0
30135 0
30136 1
30137 1
30138 0
30139 0
30140 1
30141 1
30142 0
30143 0
30144 0
30145 0
30146 0
30147 0
30148 1
30149 0
30150 1
30151 0
30152 1
30153 0
30154 0
30155 1
30156 0
30157 1
30158 1
30159 1
30160 1
30161 0
30162 0
30163 1
30164 1
30165 1
30166 1
30167 0
30168 1
30169 1
30170 0
30171 1
30172 1
30173 0
30174 0
30175 1
30176 0
30177 0
30178 1
30179 1
30180 1
30181 0
30182 0
30183 1
30184 0
30185 0
30186 1
30187 1
30188 1
30189 1
30190 0
30191 1
30192 1
30193 0
30194 1
30195 1
30196 1
30197 0
30198 1
30199 1
30200 0
30201 1
30202 0
30203 0
30204 0
30205 1
30206 1
30207 0
30208 1
30209 0
30210 1
30211 1
30212 0
30213 1
30214 0
30215 0
30216 0
30217 1
30218 0
30219 1
30220 1
30221 1
30222 1
30223 1
30224 1
30225 0
30226 1
30227 1
30228 1
30229 0
30230 0
30231 0
30232 1
30233 1
30234 0
30235 0
30236 0
30237 0
30238 1
30239 0
30240 0
30241 0
30242 1
30243 0
30244 1
30245 0
30246 0
30247 1
30248 0
30249 1
30250 0
30251 0
30252 1
30253 0
30254 1
30255 1
30256 0
30257 1
30258 1
30259 0
30260 1
30261 1
30262 0
30263 1
30264 0
30265 1
30266 0
30267 1
30268 0
30269 1
30270 1
30271 1
30272 0
30273 0
30274 0
30275 0
30276 1
30277 1
30278 1
30279 0
30280 0
30281 1
30282 0
30283 1
30284 0
30285 1
30286 0
30287 1
30288 0
30289 1
30290 0
30291 0
30292 0
30293 1
30294 0
30295 1
30296 0
30297 1
30298 1
30299 0
30300 0
30301 1
30302 1
30303 1
30304 1
30305 1
30306 0
30307 0
30308 1
30309 0
30310 1
30311 0
30312 0
30313 1
30314 1
30315 0
30316 0
30317 1
30318 1
30319 0
30320 1
30321 1
30322 0
30323 0
30324 1
30325 0
30326 0
30327 1
30328 1
30329 0
30330 1
30331 1
30332 1
30333 1
30334 1
30335 1
30336 1
30337 0
30338 1
30339 1
30340 1
30341 1
30342 0
30343 0
30344 0
30345 0
30346 0
30347 1
30348 0
30349 0
30350 0
30351 0
30352 1
30353 1
30354 0
30355 1
30356 1
30357 1
30358 0
30359 0
30360 0
30361 0
30362 0
30363 0
30364 1
30365 1
30366 1
30367 0
30368 0
30369 0
30370 0
30371 0
30372 0
30373 0
30374 0
30375 0
30376 0
30377 1
30378 0
30379 0
30380 0
30381 1
30382 0
30383 1
30384 1
30385 0
30386 1
30387 1
30388 1
30389 1
30390 0
30391 1
30392 1
30393 1
30394 0
30395 1
30396 0
30397 1
30398 0
30399 1
30400 0
30401 0
30402 1
30403 1
30404 0
30405 0
30406 0
30407 1
30408 0
30409 0
30410 1
30411 1
30412 1
30413 0
30414 1
30415 0
30416 0
30417 1
30418 1
30419 0
30420 0
30421 0
30422 1
30423 0
30424 1
30425 0
30426 0
30427 0
30428 1
30429 0
30430 0
30431 1
30432 1
30433 1
30434 1
30435 0
30436 0
30437 1
30438 0
30439 1
30440 1
30441 0
30442 1
30443 1
30444 1
30445 1
30446 1
30447 0
30448 0
30449 0
30450 0
30451 1
30452 0
30453 0
30454 1
30455 0
30456 1
30457 0
30458 0
30459 1
30460 0
30461 0
30462 1
30463 1
30464 1
30465 1
30466 1
30467 1
30468 0
30469 1
30470 0
30471 1
30472 0
30473 0
30474 0
30475 0
30476 0
30477 0
30478 1
30479 1
30480 0
30481 0
30482 0
30483 0
30484 0
30485 1
30486 0
30487 1
30488 1
30489 1
30490 0
30491 1
30492 1
30493 0
30494 0
30495 0
30496 1
30497 1
30498 1
30499 1
30500 0
30501 0
30502 0
30503 1
30504 0
30505 0
30506 0
30507 1
30508 0
30509 0
30510 1
30511 0
30512 1
30513 1
30514 1
30515 1
30516 0
30517 1
30518 0
30519 1
30520 0
30521 1
30522 0
30523 0
30524 1
30525 0
30526 1
30527 1
30528 1
30529 0
30530 1
30531 0
30532 0
30533 1
30534 1
30535 1
30536 0
30537 1
30538 1
30539 1
30540 1
30541 1
30542 1
30543 0
30544 0
30545 0
30546 0
30547 0
30548 0
30549 1
30550 0
30551 1
30552 0
30553 0
30554 1
30555 1
30556 1
30557 0
30558 0
30559 1
30560 1
30561 1
30562 1
30563 0
30564 0
30565 0
30566 1
30567 0
30568 1
30569 1
30570 0
30571 0
30572 1
30573 0
30574 0
30575 0
30576 0
30577 0
30578 0
30579 0
30580 1
30581 1
30582 1
30583 1
30584 1
30585 0
30586 0
30587 0
30588 1
30589 0
30590 1
30591 0
30592 0
30593 0
30594 0
30595 1
30596 0
30597 0
30598 0
30599 0
30600 0
30601 1
30602 0
30603 0
30604 0
30605 1
30606 0
30607 1
30608 1
30609 1
30610 0
30611 0
30612 0
30613 1
30614 1
30615 0
30616 0
30617 0
30618 1
30619 1
30620 1
30621 0
30622 1
30623 1
30624 1
30625 1
30626 1
30627 1
30628 1
30629 0
30630 1
30631 0
30632 0
30633 1
30634 1
30635 1
30636 0
30637 1
30638 1
30639 0
30640 1
30641 1
30642 1
30643 0
30644 0
30645 0
30646 1
30647 1
30648 1
30649 1
30650 1
30651 0
30652 1
30653 0
30654 1
30655 1
30656 1
30657 1
30658 1
30659 1
30660 1
30661 1
30662 1
30663 0
30664 1
30665 1
30666 1
30667 0
30668 1
30669 1
30670 0
30671 1
30672 1
30673 0
30674 0
30675 1
30676 1
30677 0
30678 0
30679 1
30680 1
30681 1
30682 0
30683 1
30684 1
30685 0
30686 0
30687 1
30688 0
30689 1
30690 1
30691 0
30692 1
30693 1
30694 0
30695 1
30696 1
30697 1
30698 1
30699 1
30700 0
30701 1
30702 1
30703 0
30704 1
30705 0
30706 0
30707 1
30708 1
30709 1
30710 1
30711 1
30712 0
30713 0
30714 1
30715 1
30716 0
30717 1
30718 1
30719 0
30720 0
30721 0
30722 1
30723 0
30724 0
30725 0
30726 1
30727 1
30728 1
30729 1
30730 0
30731 0
30732 0
30733 0
30734 0
30735 0
30736 0
30737 1
30738 1
30739 1
30740 1
30741 0
30742 0
30743 1
30744 0
30745 1
30746 0
30747 1
30748 0
30749 0
30750 1
30751 1
30752 1
30753 1
30754 1
30755 0
30756 0
30757 1
30758 0
30759 1
30760 1
30761 1
30762 1
30763 1
30764 1
30765 1
30766 0
30767 0
30768 1
30769 1
30770 0
30771 1
30772 1
30773 1
30774 0
30775 1
30776 0
30777 0
30778 1
30779 0
30780 0
30781 1
30782 1
30783 1
30784 1
30785 1
30786 0
30787 1
30788 0
30789 1
30790 0
30791 1
30792 0
30793 0
30794 0
30795 0
30796 0
30797 0
30798 0
30799 1
30800 0
30801 1
30802 1
30803 0
30804 1
30805 1
30806 0
30807 1
30808 1
30809 0
30810 0
30811 1
30812 1
30813 1
30814 1
30815 0
30816 1
30817 1
30818 1
30819 1
30820 1
30821 1
30822 1
30823 1
30824 0
30825 0
30826 1
30827 0
30828 0
30829 1
30830 0
30831 1
30832 0
30833 1
30834 0
30835 1
30836 0
30837 0
30838 0
30839 1
30840 1
30841 1
30842 1
30843 1
30844 0
30845 1
30846 0
30847 1
30848 0
30849 0
30850 1
30851 1
30852 1
30853 1
30854 1
30855 1
30856 0
30857 0
30858 0
30859 1
30860 1
30861 0
30862 0
30863 0
30864 0
30865 1
30866 1
30867 0
30868 0
30869 1
30870 1
30871 1
30872 1
30873 0
30874 0
30875 1
30876 0
30877 1
30878 0
30879 0
30880 1
30881 1
30882 1
30883 1
30884 0
30885 0
30886 0
30887 0
30888 1
30889 0
30890 0
30891 1
30892 0
30893 0
30894 1
30895 1
30896 1
30897 0
30898 1
30899 0
30900 0
30901 1
30902 1
30903 1
30904 1
30905 0
30906 0
30907 1
30908 0
30909 1
30910 0
30911 1
30912 1
30913 1
30914 1
30915 1
30916 1
30917 1
30918 1
30919 0
30920 0
30921 0
30922 1
30923 1
30924 0
30925 1
30926 1
30927 1
30928 0
30929 1
30930 1
30931 1
30932 1
30933 0
30934 0
30935 1
30936 0
30937 1
30938 1
30939 1
30940 0
30941 1
30942 0
30943 0
30944 0
30945 1
30946 1
30947 0
30948 0
30949 0
30950 1
30951 1
30952 1
30953 0
30954 0
30955 1
30956 0
30957 0
30958 1
30959 1
30960 1
30961 0
30962 1
30963 0
30964 0
30965 0
30966 0
30967 0
30968 0
30969 1
30970 1
30971 0
30972 1
30973 1
30974 1
30975 1
30976 1
30977 0
30978 0
30979 1
30980 1
30981 0
30982 1
30983 0
30984 1
30985 1
30986 1
30987 0
30988 1
30989 0
30990 1
30991 1
30992 0
30993 1
30994 0
30995 1
30996 1
30997 1
30998 0
30999 1
31000 1
31001 1
31002 0
31003 1
31004 0
31005 0
31006 1
31007 0
31008 0
31009 0
31010 0
31011 1
31012 0
31013 0
31014 0
31015 1
31016 0
31017 0
31018 0
31019 0
31020 1
31021 1
31022 1
31023 0
31024 1
31025 1
31026 1
31027 1
31028 0
31029 1
31030 0
31031 1
31032 0
31033 1
31034 0
31035 1
31036 1
31037 0
31038 0
31039 0
31040 0
31041 0
31042 1
31043 1
31044 0
31045 0
31046 0
31047 0
31048 1
31049 0
31050 0
31051 0
31052 0
31053 0
31054 0
31055 1
31056 0
31057 1
31058 1
31059 1
31060 0
31061 0
31062 1
31063 1
31064 0
31065 1
31066 1
31067 0
31068 0
31069 0
31070 0
31071 0
31072 1
31073 0
31074 0
31075 0
31076 1
31077 1
31078 1
31079 0
31080 0
31081 1
31082 1
31083 1
31084 0
31085 0
31086 0
31087 1
31088 0
31089 0
31090 1
31091 1
31092 0
31093 1
31094 1
31095 1
31096 1
31097 0
31098 1
31099 1
31100 1
31101 1
31102 1
31103 0
31104 1
31105 0
31106 1
31107 1
31108 1
31109 1
31110 0
31111 0
31112 1
31113 1
31114 0
31115 1
31116 0
31117 0
31118 1
31119 1
31120 1
31121 0
31122 1
31123 1
31124 1
31125 0
31126 0
31127 1
31128 0
31129 1
31130 1
31131 0
31132 1
31133 0
31134 0
31135 1
31136 0
31137 0
31138 1
31139 0
31140 1
31141 0
31142 0
31143 1
31144 1
31145 0
31146 0
31147 1
31148 0
31149 1
31150 1
31151 1
31152 1
31153 1
31154 0
31155 0
31156 1
31157 1
31158 0
31159 1
31160 1
31161 1
31162 1
31163 1
31164 0
31165 0
31166 1
31167 0
31168 1
31169 1
31170 0
31171 0
31172 1
31173 1
31174 0
31175 0
31176 1
31177 1
31178 0
31179 1
31180 1
31181 1
31182 0
31183 0
31184 0
31185 0
31186 0
31187 1
31188 1
31189 0
31190 0
31191 1
31192 1
31193 0
31194 1
31195 0
31196 0
31197 1
31198 0
31199 1
31200 1
31201 1
31202 0
31203 0
31204 1
31205 0
31206 1
31207 1
31208 0
31209 1
31210 1
31211 0
31212 0
31213 1
31214 1
31215 0
31216 0
31217 0
31218 1
31219 1
31220 0
31221 0
31222 1
31223 0
31224 1
31225 1
31226 1
31227 1
31228 1
31229 1
31230 0
31231 0
31232 1
31233 1
31234 0
31235 0
31236 0
31237 1
31238 1
31239 0
31240 0
31241 0
31242 0
31243 0
31244 0
31245 1
31246 1
31247 1
31248 1
31249 1
31250 1
31251 0
31252 0
31253 1
31254 1
31255 1
31256 1
31257 1
31258 0
31259 0
31260 0
31261 0
31262 1
31263 1
31264 1
31265 1
31266 1
31267 1
31268 1
31269 1
31270 1
31271 0
31272 1
31273 0
31274 0
31275 0
31276 0
31277 0
31278 0
31279 0
31280 0
31281 0
31282 1
31283 1
31284 1
31285 1
31286 0
31287 0
31288 0
31289 0
31290 0
31291 1
31292 1
31293 0
31294 1
31295 0
31296 1
31297 1
31298 0
31299 1
31300 1
31301 1
31302 1
31303 1
31304 1
31305 0
31306 0
31307 0
31308 0
31309 1
31310 0
31311 0
31312 0
31313 0
31314 0
31315 1
31316 0
31317 1
31318 1
31319 0
31320 0
31321 0
31322 0
31323 1
31324 0
31325 0
31326 1
31327 0
31328 0
31329 1
31330 0
31331 0
31332 0
31333 0
31334 0
31335 1
31336 1
31337 0
31338 0
31339 1
31340 0
31341 0
31342 1
31343 0
31344 0
31345 1
31346 0
31347 1
31348 1
31349 0
31350 0
31351 0
31352 1
31353 0
31354 0
31355 1
31356 1
31357 0
31358 1
31359 0
31360 1
31361 0
31362 0
31363 1
31364 1
31365 1
31366 0
31367 1
31368 0
31369 1
31370 1
31371 0
31372 1
31373 0
31374 0
31375 1
31376 1
31377 1
31378 1
31379 0
31380 0
31381 1
31382 1
31383 0
31384 0
31385 0
31386 1
31387 0
31388 1
31389 1
31390 0
31391 1
31392 1
31393 0
31394 1
31395 1
31396 1
31397 0
31398 1
31399 0
31400 1
31401 0
31402 1
31403 1
31404 0
31405 0
31406 1
31407 1
31408 0
31409 0
31410 1
31411 1
31412 1
31413 1
31414 0
31415 0
31416 1
31417 1
31418 0
31419 0
31420 1
31421 1
31422 0
31423 1
31424 1
31425 0
31426 1
31427 0
31428 0
31429 1
31430 0
31431 1
31432 0
31433 0
31434 1
31435 0
31436 0
31437 1
31438 0
31439 1
31440 0
31441 1
31442 0
31443 0
31444 0
31445 0
31446 1
31447 1
31448 0
31449 0
31450 0
31451 0
31452 0
31453 1
31454 1
31455 0
31456 0
31457 1
31458 1
31459 1
31460 1
31461 1
31462 0
31463 0
31464 0
31465 1
31466 0
31467 0
31468 0
31469 0
31470 0
31471 0
31472 0
31473 1
31474 1
31475 0
31476 1
31477 1
31478 1
31479 1
31480 0
31481 1
31482 1
31483 0
31484 1
31485 1
31486 0
31487 0
31488 0
31489 0
31490 1
31491 1
31492 1
31493 1
31494 0
31495 0
31496 1
31497 0
31498 1
31499 1
31500 0
31501 0
31502 1
31503 0
31504 1
31505 0
31506 0
31507 1
31508 1
31509 1
31510 1
31511 1
31512 1
31513 0
31514 1
31515 0
31516 0
31517 1
31518 0
31519 0
31520 1
31521 1
31522 1
31523 0
31524 0
31525 0
31526 0
31527 1
31528 0
31529 0
31530 1
31531 0
31532 0
31533 0
31534 0
31535 1
31536 1
31537 1
31538 1
31539 0
31540 0
31541 1
31542 0
31543 0
31544 0
31545 1
31546 0
31547 1
31548 1
31549 1
31550 1
31551 1
31552 0
31553 1
31554 0
31555 0
31556 1
31557 1
31558 1
31559 0
31560 0
31561 1
31562 1
31563 1
31564 0
31565 1
31566 1
31567 1
31568 0
31569 0
31570 0
31571 1
31572 0
31573 1
31574 0
31575 0
31576 1
31577 1
31578 0
31579 0
31580 0
31581 0
31582 1
31583 0
31584 1
31585 1
31586 1
31587 1
31588 0
31589 1
31590 1
31591 1
31592 1
31593 1
31594 1
31595 1
31596 0
31597 1
31598 1
31599 0
31600 1
31601 0
31602 1
31603 0
31604 0
31605 0
31606 1
31607 1
31608 0
31609 1
31610 0
31611 0
31612 1
31613 0
31614 1
31615 1
31616 0
31617 1
31618 1
31619 1
31620 0
31621 0
31622 0
31623 1
31624 1
31625 0
31626 0
31627 1
31628 0
31629 0
31630 0
31631 1
31632 1
31633 1
31634 0
31635 1
31636 1
31637 0
31638 0
31639 1
31640 1
31641 0
31642 0
31643 0
31644 1
31645 0
31646 0
31647 0
31648 1
31649 1
31650 0
31651 1
31652 0
31653 0
31654 1
31655 1
31656 1
31657 1
31658 1
31659 0
31660 1
31661 1
31662 0
31663 0
31664 0
31665 0
31666 0
31667 0
31668 0
31669 1
31670 1
31671 0
31672 0
31673 1
31674 1
31675 0
31676 1
31677 1
31678 0
31679 1
31680 1
31681 0
31682 0
31683 1
31684 0
31685 1
31686 1
31687 1
31688 1
31689 0
31690 1
31691 1
31692 0
31693 1
31694 0
31695 1
31696 1
31697 1
31698 1
31699 0
31700 0
31701 0
31702 1
31703 1
31704 1
31705 0
31706 1
31707 0
31708 0
31709 0
31710 0
31711 1
31712 1
31713 1
31714 0
31715 0
31716 1
31717 0
31718 1
31719 1
31720 0
31721 0
31722 0
31723 0
31724 1
31725 1
31726 1
31727 1
31728 1
31729 0
31730 0
31731 0
31732 1
31733 1
31734 1
31735 1
31736 1
31737 0
31738 0
31739 1
31740 0
31741 1
31742 0
31743 1
31744 1
31745 1
31746 0
31747 0
31748 1
31749 1
31750 0
31751 1
31752 1
31753 1
31754 1
31755 1
31756 1
31757 1
31758 1
31759 0
31760 0
31761 0
31762 0
31763 1
31764 1
31765 0
31766 1
31767 0
31768 0
31769 0
31770 1
31771 1
31772 1
31773 0
31774 1
31775 1
31776 0
31777 0
31778 0
31779 1
31780 0
31781 0
31782 1
31783 1
31784 0
31785 0
31786 1
31787 0
31788 1
31789 1
31790 0
31791 0
31792 1
31793 0
31794 0
31795 0
31796 0
31797 1
31798 0
31799 1
31800 0
31801 1
31802 1
31803 0
31804 1
31805 1
31806 0
31807 1
31808 1
31809 0
31810 1
31811 1
31812 1
31813 0
31814 0
31815 0
31816 0
31817 0
31818 0
31819 0
31820 1
31821 0
31822 0
31823 1
31824 1
31825 0
31826 1
31827 1
31828 0
31829 0
31830 0
31831 1
31832 0
31833 1
31834 1
31835 1
31836 1
31837 0
31838 0
31839 1
31840 1
31841 0
31842 0
31843 1
31844 1
31845 1
31846 1
31847 0
31848 1
31849 1
31850 0
31851 0
31852 1
31853 0
31854 1
31855 1
31856 0
31857 0
31858 1
31859 1
31860 0
31861 1
31862 1
31863 0
31864 0
31865 1
31866 1
31867 1
31868 0
31869 1
31870 1
31871 0
31872 0
31873 0
31874 0
31875 0
31876 0
31877 1
31878 0
31879 0
31880 1
31881 1
31882 0
31883 0
31884 1
31885 0
31886 1
31887 0
31888 1
31889 0
31890 0
31891 1
31892 0
31893 1
31894 1
31895 0
31896 1
31897 0
31898 1
31899 0
31900 0
31901 0
31902 1
31903 1
31904 1
31905 1
31906 0
31907 0
31908 0
31909 0
31910 1
31911 1
31912 0
31913 0
31914 0
31915 0
31916 0
31917 1
31918 0
31919 0
31920 0
31921 1
31922 0
31923 1
31924 0
31925 1
31926 0
31927 1
31928 1
31929 1
31930 1
31931 0
31932 1
31933 1
31934 1
31935 0
31936 0
31937 0
31938 1
31939 1
31940 1
31941 1
31942 0
31943 1
31944 0
31945 1
31946 0
31947 0
31948 0
31949 1
31950 1
31951 1
31952 1
31953 1
31954 1
31955 0
31956 1
31957 0
31958 1
31959 1
31960 0
31961 1
31962 1
31963 1
31964 1
31965 1
31966 0
31967 1
31968 1
31969 1
31970 1
31971 0
31972 1
31973 0
31974 0
31975 0
31976 1
31977 1
31978 1
31979 0
31980 0
31981 0
31982 0
31983 0
31984 1
31985 0
31986 0
31987 1
31988 1
31989 0
31990 1
31991 1
31992 1
31993 1
31994 1
31995 0
31996 0
31997 0
31998 0
31999 0
32000 0
32001 1
32002 1
32003 0
32004 1
32005 0
32006 1
32007 0
32008 0
32009 0
32010 0
32011 0
32012 0
32013 0
32014 0
32015 1
32016 0
32017 1
32018 1
32019 0
32020 1
32021 0
32022 0
32023 0
32024 0
32025 0
32026 0
32027 1
32028 1
32029 1
32030 1
32031 1
32032 0
32033 0
32034 1
32035 1
32036 0
32037 1
32038 0
32039 0
32040 0
32041 1
32042 1
32043 0
32044 0
32045 1
32046 1
32047 0
32048 1
32049 0
32050 1
32051 1
32052 1
32053 1
32054 0
32055 1
32056 0
32057 1
32058 0
32059 1
32060 1
32061 1
32062 0
32063 1
32064 1
32065 1
32066 0
32067 0
32068 0
32069 1
32070 0
32071 0
32072 1
32073 1
32074 1
32075 1
32076 1
32077 1
32078 0
32079 1
32080 1
32081 1
32082 1
32083 1
32084 1
32085 1
32086 0
32087 0
32088 1
32089 1
32090 1
32091 1
32092 0
32093 0
32094 1
32095 0
32096 0
32097 0
32098 0
32099 1
32100 0
32101 1
32102 0
32103 0
32104 1
32105 0
32106 1
32107 1
32108 1
32109 0
32110 1
32111 1
32112 1
32113 0
32114 1
32115 0
32116 1
32117 0
32118 0
32119 0
32120 0
32121 1
32122 0
32123 1
32124 0
32125 1
32126 1
32127 0
32128 0
32129 1
32130 1
32131 0
32132 1
32133 0
32134 0
32135 1
32136 1
32137 1
32138 1
32139 0
32140 0
32141 0
32142 1
32143 0
32144 0
32145 1
32146 1
32147 0
32148 1
32149 0
32150 0
32151 0
32152 0
32153 1
32154 0
32155 0
32156 1
32157 0
32158 0
32159 0
32160 0
32161 0
32162 1
32163 0
32164 1
32165 1
32166 1
32167 1
32168 0
32169 0
32170 0
32171 1
32172 1
32173 0
32174 0
32175 0
32176 0
32177 0
32178 1
32179 1
32180 1
32181 0
32182 0
32183 1
32184 1
32185 0
32186 1
32187 1
32188 1
32189 0
32190 0
32191 0
32192 1
32193 0
32194 0
32195 1
32196 0
32197 0
32198 0
32199 1
32200 0
32201 1
32202 0
32203 0
32204 1
32205 1
32206 1
32207 0
32208 1
32209 0
32210 0
32211 1
32212 1
32213 1
32214 0
32215 1
32216 1
32217 1
32218 0
32219 0
32220 0
32221 0
32222 1
32223 0
32224 1
32225 1
32226 1
32227 0
32228 0
32229 1
32230 0
32231 0
32232 1
32233 1
32234 0
32235 0
32236 1
32237 0
32238 1
32239 0
32240 1
32241 0
32242 1
32243 0
32244 0
32245 1
32246 0
32247 0
32248 0
32249 1
32250 1
32251 0
32252 1
32253 1
32254 1
32255 0
32256 0
32257 1
32258 0
32259 0
32260 0
32261 1
32262 0
32263 0
32264 0
32265 1
32266 1
32267 0
32268 1
32269 1
32270 1
32271 0
32272 0
32273 0
32274 0
32275 0
32276 0
32277 0
32278 1
32279 1
32280 0
32281 0
32282 0
32283 0
32284 0
32285 0
32286 1
32287 1
32288 0
32289 0
32290 1
32291 1
32292 1
32293 0
32294 1
32295 0
32296 0
32297 1
32298 0
32299 0
32300 1
32301 0
32302 1
32303 1
32304 0
32305 1
32306 1
32307 0
32308 1
32309 0
32310 0
32311 0
32312 1
32313 1
32314 1
32315 0
32316 1
32317 0
32318 0
32319 0
32320 0
32321 0
32322 1
32323 0
32324 0
32325 1
32326 0
32327 1
32328 0
32329 0
32330 0
32331 0
32332 1
32333 1
32334 1
32335 1
32336 1
32337 1
32338 1
32339 1
32340 0
32341 1
32342 0
32343 1
32344 1
32345 1
32346 1
32347 0
32348 1
32349 1
32350 0
32351 1
32352 0
32353 0
32354 0
32355 0
32356 0
32357 0
32358 1
32359 0
32360 1
32361 1
32362 1
32363 1
32364 1
32365 0
32366 1
32367 1
32368 1
32369 1
32370 0
32371 0
32372 0
32373 1
32374 0
32375 0
32376 0
32377 1
32378 1
32379 0
32380 0
32381 1
32382 1
32383 1
32384 1
32385 0
32386 0
32387 0
32388 0
32389 0
32390 1
32391 0
32392 1
32393 0
32394 0
32395 1
32396 0
32397 1
32398 1
32399 0
32400 0
32401 0
32402 1
32403 0
32404 1
32405 0
32406 0
32407 0
32408 1
32409 1
32410 1
32411 1
32412 0
32413 1
32414 1
32415 1
32416 1
32417 0
32418 0
32419 0
32420 1
32421 1
32422 0
32423 0
32424 1
32425 0
32426 1
32427 0
32428 1
32429 1
32430 1
32431 0
32432 1
32433 1
32434 1
32435 0
32436 1
32437 1
32438 1
32439 0
32440 1
32441 1
32442 0
32443 1
32444 1
32445 1
32446 0
32447 1
32448 0
32449 0
32450 0
32451 0
32452 0
32453 0
32454 1
32455 0
32456 0
32457 1
32458 0
32459 0
32460 1
32461 1
32462 1
32463 1
32464 0
32465 1
32466 1
32467 1
32468 1
32469 0
32470 1
32471 1
32472 0
32473 0
32474 0
32475 1
32476 0
32477 0
32478 1
32479 0
32480 1
32481 1
32482 1
32483 1
32484 1
32485 1
32486 0
32487 1
32488 0
32489 0
32490 0
32491 1
32492 0
32493 0
32494 0
32495 1
32496 1
32497 1
32498 0
32499 1
32500 0
32501 1
32502 0
32503 0
32504 1
32505 1
32506 0
32507 1
32508 0
32509 0
32510 0
32511 1
32512 0
32513 0
32514 1
32515 0
32516 1
32517 0
32518 1
32519 0
32520 1
32521 1
32522 1
32523 1
32524 0
32525 0
32526 1
32527 0
32528 1
32529 0
32530 1
32531 1
32532 0
32533 0
32534 1
32535 1
32536 0
32537 0
32538 0
32539 1
32540 1
32541 1
32542 1
32543 1
32544 0
32545 0
32546 0
32547 1
32548 0
32549 0
32550 1
32551 1
32552 0
32553 0
32554 1
32555 1
32556 0
32557 1
32558 0
32559 1
32560 1
32561 0
32562 1
32563 0
32564 1
32565 0
32566 0
32567 1
32568 0
32569 1
32570 0
32571 1
32572 1
32573 1
32574 1
32575 1
32576 0
32577 0
32578 1
32579 0
32580 1
32581 0
32582 0
32583 0
32584 0
32585 0
32586 0
32587 0
32588 1
32589 1
32590 0
32591 0
32592 0
32593 0
32594 1
32595 0
32596 0
32597 0
32598 1
32599 0
32600 0
32601 0
32602 0
32603 1
32604 0
32605 1
32606 1
32607 0
32608 1
32609 0
32610 1
32611 0
32612 0
32613 1
32614 0
32615 0
32616 0
32617 1
32618 0
32619 1
32620 0
32621 1
32622 1
32623 1
32624 0
32625 1
32626 1
32627 0
32628 0
32629 0
32630 0
32631 0
32632 1
32633 0
32634 0
32635 1
32636 1
32637 1
32638 0
32639 0
32640 0
32641 0
32642 1
32643 1
32644 0
32645 0
32646 1
32647 1
32648 1
32649 1
32650 0
32651 1
32652 1
32653 0
32654 0
32655 0
32656 0
32657 1
32658 0
32659 1
32660 0
32661 0
32662 0
32663 0
32664 0
32665 0
32666 0
32667 0
32668 0
32669 0
32670 0
32671 1
32672 0
32673 0
32674 1
32675 1
32676 0
32677 1
32678 1
32679 1
32680 1
32681 0
32682 1
32683 0
32684 1
32685 1
32686 1
32687 0
32688 1
32689 0
32690 1
32691 1
32692 1
32693 1
32694 0
32695 0
32696 1
32697 1
32698 0
32699 0
32700 0
32701 0
32702 1
32703 1
32704 1
32705 0
32706 1
32707 1
32708 1
32709 0
32710 0
32711 1
32712 0
32713 1
32714 1
32715 1
32716 1
32717 1
32718 1
32719 1
32720 0
32721 1
32722 1
32723 1
32724 0
32725 0
32726 1
32727 1
32728 1
32729 1
32730 0
32731 0
32732 1
32733 1
32734 0
32735 0
32736 1
32737 0
32738 1
32739 0
32740 0
32741 0
32742 1
32743 0
32744 0
32745 0
32746 0
32747 1
32748 0
32749 0
32750 0
32751 1
32752 0
32753 0
32754 0
32755 1
32756 1
32757 1
32758 1
32759 0
32760 1
32761 1
32762 1
32763 1
32764 0
32765 1
32766 0
32767 1
32768 0
32769 1
32770 0
32771 0
32772 1
32773 1
32774 0
32775 1
32776 0
32777 1
32778 1
32779 0
32780 0
32781 0
32782 1
32783 0
32784 0
32785 0
32786 1
32787 0
32788 0
32789 0
32790 1
32791 0
32792 1
32793 0
32794 1
32795 0
32796 0
32797 1
32798 0
32799 1
32800 0
32801 1
32802 1
32803 1
32804 1
32805 0
32806 1
32807 1
32808 0
32809 1
32810 1
32811 1
32812 1
32813 1
32814 1
32815 1
32816 0
32817 1
32818 0
32819 0
32820 1
32821 0
32822 0
32823 1
32824 1
32825 0
32826 1
32827 0
32828 1
32829 1
32830 0
32831 1
32832 0
32833 1
32834 0
32835 1
32836 0
32837 0
32838 1
32839 1
32840 1
32841 1
32842 0
32843 1
32844 1
32845 1
32846 1
32847 0
32848 1
32849 0
32850 0
32851 0
32852 1
32853 0
32854 1
32855 1
32856 1
32857 0
32858 1
32859 0
32860 1
32861 0
32862 0
32863 0
32864 0
32865 1
32866 0
32867 0
32868 1
32869 1
32870 1
32871 1
32872 0
32873 1
32874 1
32875 1
32876 0
32877 0
32878 0
32879 0
32880 0
32881 1
32882 0
32883 0
32884 0
32885 0
32886 0
32887 0
32888 1
32889 0
32890 0
32891 1
32892 0
32893 0
32894 1
32895 0
32896 0
32897 0
32898 0
32899 1
32900 1
32901 1
32902 0
32903 0
32904 1
32905 0
32906 0
32907 1
32908 0
32909 0
32910 1
32911 0
32912 1
32913 1
32914 0
32915 1
32916 0
32917 1
32918 0
32919 0
32920 0
32921 0
32922 1
32923 0
32924 0
32925 1
32926 0
32927 1
32928 0
32929 1
32930 0
32931 0
32932 1
32933 1
32934 1
32935 1
32936 1
32937 1
32938 1
32939 0
32940 1
32941 0
32942 1
32943 0
32944 0
32945 1
32946 0
32947 0
32948 0
32949 0
32950 0
32951 1
32952 0
32953 1
32954 0
32955 0
32956 1
32957 0
32958 0
32959 1
32960 0
32961 0
32962 1
32963 1
32964 0
32965 1
32966 1
32967 0
32968 1
32969 1
32970 0
32971 0
32972 0
32973 1
32974 0
32975 0
32976 0
32977 1
32978 1
32979 0
32980 0
32981 1
32982 1
32983 0
32984 1
32985 1
32986 1
32987 1
32988 1
32989 1
32990 0
32991 0
32992 0
32993 1
32994 1
32995 1
32996 1
32997 1
32998 1
32999 1
33000 1
33001 0
33002 0
33003 1
33004 0
33005 1
33006 0
33007 1
33008 0
33009 1
33010 1
33011 0
33012 0
33013 1
33014 1
33015 0
33016 1
33017 1
33018 0
33019 1
33020 0
33021 1
33022 0
33023 0
33024 1
33025 1
33026 0
33027 0
33028 0
33029 0
33030 0
33031 1
33032 0
33033 1
33034 0
33035 0
33036 0
33037 0
33038 0
33039 1
33040 0
33041 0
33042 0
33043 1
33044 1
33045 0
33046 0
33047 1
33048 1
33049 0
33050 0
33051 1
33052 0
33053 1
33054 0
33055 1
33056 1
33057 0
33058 1
33059 0
33060 0
33061 0
33062 0
33063 0
33064 0
33065 0
33066 0
33067 0
33068 1
33069 1
33070 0
33071 0
33072 1
33073 1
33074 0
33075 1
33076 0
33077 0
33078 0
33079 1
33080 1
33081 1
33082 1
33083 1
33084 0
33085 0
33086 0
33087 0
33088 0
33089 1
33090 1
33091 1
33092 0
33093 0
33094 0
33095 1
33096 1
33097 1
33098 1
33099 1
33100 0
33101 0
33102 0
33103 0
33104 0
33105 0
33106 1
33107 1
33108 0
33109 0
33110 0
33111 0
33112 1
33113 1
33114 1
33115 1
33116 0
33117 0
33118 0
33119 0
33120 0
33121 0
33122 1
33123 1
33124 0
33125 0
33126 1
33127 0
33128 0
33129 1
33130 1
33131 1
33132 0
33133 0
33134 0
33135 0
33136 0
33137 0
33138 1
33139 1
33140 0
33141 0
33142 1
33143 1
33144 1
33145 1
33146 0
33147 0
33148 1
33149 1
33150 0
33151 1
33152 1
33153 1
33154 1
33155 1
33156 0
33157 1
33158 1
33159 0
33160 0
33161 1
33162 1
33163 0
33164 1
33165 0
33166 1
33167 0
33168 0
33169 1
33170 0
33171 0
33172 1
33173 0
33174 0
33175 1
33176 1
33177 1
33178 1
33179 0
33180 0
33181 0
33182 0
33183 0
33184 0
33185 0
33186 0
33187 0
33188 0
33189 1
33190 0
33191 1
33192 1
33193 0
33194 0
33195 1
33196 1
33197 1
33198 1
33199 0
33200 0
33201 1
33202 1
33203 1
33204 0
33205 1
33206 0
33207 1
33208 1
33209 0
33210 0
33211 1
33212 1
33213 1
33214 1
33215 0
33216 0
33217 1
33218 0
33219 0
33220 0
33221 0
33222 0
33223 0
33224 1
33225 1
33226 0
33227 0
33228 1
33229 1
33230 1
33231 0
33232 0
33233 0
33234 0
33235 1
33236 0
33237 1
33238 0
33239 1
33240 0
33241 0
33242 0
33243 1
33244 0
33245 1
33246 0
33247 0
33248 0
33249 1
33250 0
33251 1
33252 0
33253 0
33254 0
33255 0
33256 0
33257 0
33258 1
33259 0
33260 0
33261 1
33262 0
33263 0
33264 0
33265 0
33266 0
33267 0
33268 1
33269 0
33270 0
33271 1
33272 0
33273 1
33274 1
33275 1
33276 0
33277 0
33278 0
33279 0
33280 0
33281 0
33282 0
33283 0
33284 0
33285 1
33286 0
33287 1
33288 1
33289 0
33290 1
33291 0
33292 1
33293 1
33294 0
33295 1
33296 1
33297 0
33298 1
33299 1
33300 1
33301 0
33302 1
33303 0
33304 0
33305 1
33306 0
33307 1
33308 0
33309 1
33310 0
33311 0
33312 1
33313 0
33314 0
33315 1
33316 1
33317 1
33318 1
33319 0
33320 1
33321 0
33322 0
33323 1
33324 0
33325 1
33326 1
33327 0
33328 1
33329 0
33330 1
33331 1
33332 0
33333 0
33334 0
33335 1
33336 1
33337 1
33338 1
33339 1
33340 0
33341 0
33342 1
33343 1
33344 0
33345 0
33346 0
33347 1
33348 0
33349 0
33350 0
33351 0
33352 1
33353 1
33354 0
33355 0
33356 1
33357 1
33358 1
33359 1
33360 1
33361 1
33362 1
33363 0
33364 0
33365 1
33366 1
33367 0
33368 0
33369 1
33370 0
33371 0
33372 1
33373 1
33374 1
33375 0
33376 1
33377 0
33378 1
33379 1
33380 0
33381 0
33382 0
33383 1
33384 1
33385 1
33386 1
33387 0
33388 1
33389 0
33390 0
33391 1
33392 0
33393 1
33394 1
33395 1
33396 0
33397 0
33398 0
33399 1
33400 0
33401 0
33402 1
33403 0
33404 1
33405 0
33406 1
33407 1
33408 1
33409 1
33410 0
33411 1
33412 0
33413 1
33414 0
33415 1
33416 1
33417 0
33418 1
33419 1
33420 1
33421 0
33422 1
33423 1
33424 1
33425 1
33426 1
33427 1
33428 1
33429 1
33430 1
33431 1
33432 1
33433 1
33434 0
33435 1
33436 0
33437 0
33438 1
33439 0
33440 1
33441 0
33442 0
33443 0
33444 1
33445 1
33446 1
33447 0
33448 1
33449 0
33450 0
33451 0
33452 0
33453 1
33454 1
33455 0
33456 1
33457 0
33458 1
33459 1
33460 1
33461 0
33462 1
33463 0
33464 0
33465 1
33466 1
33467 0
33468 0
33469 0
33470 0
33471 1
33472 0
33473 1
33474 1
33475 0
33476 1
33477 1
33478 0
33479 0
33480 1
33481 1
33482 1
33483 1
33484 1
33485 1
33486 1
33487 1
33488 0
33489 1
33490 1
33491 1
33492 0
33493 1
33494 1
33495 1
33496 1
33497 0
33498 1
33499 1
33500 1
33501 1
33502 0
33503 1
33504 0
33505 0
33506 1
33507 1
33508 1
33509 1
33510 1
33511 1
33512 0
33513 0
33514 1
33515 0
33516 0
33517 0
33518 0
33519 0
33520 1
33521 0
33522 0
33523 1
33524 1
33525 0
33526 0
33527 0
33528 1
33529 1
33530 0
33531 0
33532 1
33533 0
33534 1
33535 0
33536 0
33537 0
33538 0
33539 1
33540 1
33541 1
33542 0
33543 1
33544 1
33545 1
33546 0
33547 0
33548 0
33549 1
33550 1
33551 0
33552 1
33553 1
33554 1
33555 1
33556 0
33557 1
33558 1
33559 0
33560 1
33561 0
33562 0
33563 0
33564 0
33565 1
33566 0
33567 1
33568 1
33569 1
33570 1
33571 1
33572 0
33573 1
33574 0
33575 0
33576 1
33577 0
33578 0
33579 1
33580 0
33581 1
33582 0
33583 0
33584 1
33585 0
33586 1
33587 0
33588 0
33589 0
33590 0
33591 1
33592 0
33593 1
33594 1
33595 0
33596 0
33597 0
33598 0
33599 0
33600 1
33601 0
33602 0
33603 0
33604 0
33605 0
33606 0
33607 0
33608 1
33609 0
33610 1
33611 1
33612 1
33613 0
33614 0
33615 1
33616 1
33617 1
33618 1
33619 1
33620 0
33621 0
33622 0
33623 0
33624 1
33625 0
33626 1
33627 0
33628 1
33629 1
33630 0
33631 1
33632 0
33633 1
33634 1
33635 0
33636 1
33637 0
33638 1
33639 0
33640 1
33641 1
33642 0
33643 0
33644 0
33645 0
33646 0
33647 1
33648 1
33649 1
33650 1
33651 1
33652 0
33653 0
33654 0
33655 1
33656 0
33657 0
33658 1
33659 0
33660 1
33661 0
33662 0
33663 1
33664 1
33665 1
33666 0
33667 0
33668 0
33669 1
33670 1
33671 0
33672 0
33673 0
33674 1
33675 1
33676 1
33677 1
33678 0
33679 1
33680 0
33681 0
33682 0
33683 0
33684 1
33685 1
33686 0
33687 0
33688 0
33689 0
33690 1
33691 0
33692 0
33693 0
33694 0
33695 1
33696 0
33697 1
33698 1
33699 1
33700 1
33701 1
33702 1
33703 1
33704 0
33705 0
33706 0
33707 0
33708 0
33709 1
33710 0
33711 1
33712 1
33713 0
33714 1
33715 0
33716 0
33717 0
33718 0
33719 1
33720 0
33721 1
33722 0
33723 1
33724 1
33725 0
33726 0
33727 0
33728 1
33729 1
33730 1
33731 1
33732 0
33733 0
33734 1
33735 0
33736 1
33737 1
33738 1
33739 1
33740 1
33741 1
33742 1
33743 1
33744 1
33745 0
33746 0
33747 0
33748 0
33749 1
33750 0
33751 1
33752 0
33753 1
33754 0
33755 0
33756 1
33757 1
33758 1
33759 0
33760 1
33761 1
33762 0
33763 1
33764 0
33765 0
33766 1
33767 0
33768 1
33769 1
33770 0
33771 0
33772 0
33773 1
33774 1
33775 0
33776 1
33777 1
33778 0
33779 1
33780 1
33781 0
33782 1
33783 0
33784 1
33785 0
33786 1
33787 1
33788 0
33789 0
33790 1
33791 0
33792 0
33793 0
33794 0
33795 0
33796 1
33797 1
33798 0
33799 0
33800 0
33801 1
33802 1
33803 1
33804 0
33805 0
33806 0
33807 1
33808 1
33809 1
33810 1
33811 1
33812 0
33813 1
33814 0
33815 0
33816 0
33817 0
33818 0
33819 0
33820 1
33821 1
33822 1
33823 1
33824 1
33825 1
33826 1
33827 0
33828 0
33829 0
33830 0
33831 0
33832 1
33833 1
33834 0
33835 1
33836 1
33837 0
33838 0
33839 0
33840 0
33841 1
33842 1
33843 1
33844 0
33845 0
33846 1
33847 0
33848 0
33849 0
33850 1
33851 1
33852 0
33853 1
33854 0
33855 0
33856 0
33857 0
33858 1
33859 1
33860 0
33861 1
33862 1
33863 0
33864 1
33865 0
33866 0
33867 0
33868 1
33869 0
33870 0
33871 1
33872 1
33873 0
33874 1
33875 0
33876 0
33877 0
33878 0
33879 0
33880 0
33881 0
33882 1
33883 0
33884 1
33885 1
33886 0
33887 0
33888 1
33889 0
33890 1
33891 0
33892 1
33893 1
33894 1
33895 0
33896 0
33897 1
33898 1
33899 1
33900 1
33901 1
33902 1
33903 1
33904 0
33905 1
33906 0
33907 1
33908 1
33909 0
33910 1
33911 1
33912 1
33913 0
33914 1
33915 1
33916 0
33917 1
33918 1
33919 1
33920 1
33921 0
33922 1
33923 0
33924 1
33925 0
33926 1
33927 0
33928 1
33929 0
33930 1
33931 0
33932 1
33933 1
33934 0
33935 1
33936 0
33937 1
33938 0
33939 0
33940 0
33941 1
33942 0
33943 1
33944 0
33945 1
33946 0
33947 0
33948 1
33949 0
33950 0
33951 0
33952 0
33953 0
33954 1
33955 1
33956 0
33957 0
33958 1
33959 1
33960 1
33961 1
33962 1
33963 1
33964 1
33965 1
33966 1
33967 0
33968 0
33969 0
33970 1
33971 0
33972 1
33973 0
33974 1
33975 1
33976 1
33977 1
33978 1
33979 0
33980 0
33981 0
33982 0
33983 0
33984 1
33985 0
33986 0
33987 1
33988 0
33989 0
33990 1
33991 0
33992 1
33993 1
33994 1
33995 1
33996 0
33997 1
33998 1
33999 1
34000 1
34001 0
34002 0
34003 1
34004 0
34005 0
34006 1
34007 1
34008 0
34009 1
34010 0
34011 0
34012 1
34013 0
34014 1
34015 1
34016 0
34017 0
34018 1
34019 0
34020 0
34021 0
34022 1
34023 1
34024 1
34025 1
34026 1
34027 1
34028 1
34029 1
34030 1
34031 0
34032 0
34033 0
34034 0
34035 0
34036 1
34037 1
34038 1
34039 1
34040 0
34041 1
34042 0
34043 1
34044 1
34045 1
34046 0
34047 1
34048 1
34049 0
34050 1
34051 1
34052 0
34053 1
34054 0
34055 1
34056 0
34057 0
34058 0
34059 1
34060 1
34061 0
34062 0
34063 0
34064 0
34065 1
34066 0
34067 0
34068 0
34069 1
34070 1
34071 1
34072 1
34073 0
34074 0
34075 1
34076 1
34077 0
34078 0
34079 1
34080 1
34081 0
34082 0
34083 0
34084 0
34085 0
34086 1
34087 1
34088 1
34089 1
34090 1
34091 1
34092 1
34093 0
34094 0
34095 1
34096 1
34097 1
34098 1
34099 0
34100 1
34101 1
34102 0
34103 1
34104 0
34105 0
34106 0
34107 1
34108 1
34109 1
34110 0
34111 1
34112 1
34113 0
34114 1
34115 0
34116 1
34117 1
34118 1
34119 1
34120 0
34121 0
34122 1
34123 1
34124 0
34125 1
34126 1
34127 0
34128 0
34129 1
34130 0
34131 1
34132 1
34133 1
34134 1
34135 0
34136 0
34137 1
34138 0
34139 1
34140 1
34141 1
34142 1
34143 0
34144 0
34145 1
34146 0
34147 0
34148 0
34149 1
34150 1
34151 1
34152 1
34153 0
34154 1
34155 0
34156 0
34157 1
34158 1
34159 0
34160 0
34161 1
34162 1
34163 0
34164 1
34165 1
34166 0
34167 1
34168 0
34169 1
34170 0
34171 1
34172 0
34173 1
34174 1
34175 0
34176 1
34177 0
34178 1
34179 1
34180 1
34181 1
34182 1
34183 1
34184 1
34185 0
34186 1
34187 1
34188 1
34189 1
34190 0
34191 1
34192 0
34193 0
34194 0
34195 0
34196 1
34197 1
34198 1
34199 1
34200 0
34201 1
34202 0
34203 1
34204 0
34205 0
34206 1
34207 1
34208 1
34209 1
34210 1
34211 0
34212 1
34213 0
34214 1
34215 0
34216 1
34217 1
34218 1
34219 0
34220 0
34221 1
34222 1
34223 1
34224 0
34225 0
34226 1
34227 1
34228 1
34229 1
34230 1
34231 1
34232 0
34233 1
34234 1
34235 0
34236 0
34237 0
34238 0
34239 1
34240 1
34241 0
34242 1
34243 0
34244 0
34245 1
34246 1
34247 0
34248 0
34249 0
34250 0
34251 1
34252 1
34253 1
34254 1
34255 0
34256 1
34257 1
34258 1
34259 1
34260 0
34261 0
34262 0
34263 0
34264 1
34265 0
34266 1
34267 1
34268 0
34269 0
34270 1
34271 1
34272 0
34273 1
34274 0
34275 0
34276 0
34277 1
34278 1
34279 0
34280 0
34281 0
34282 1
34283 1
34284 1
34285 1
34286 1
34287 0
34288 1
34289 1
34290 0
34291 1
34292 1
34293 1
34294 1
34295 1
34296 0
34297 0
34298 0
34299 0
34300 1
34301 1
34302 0
34303 0
34304 1
34305 0
34306 1
34307 1
34308 1
34309 1
34310 0
34311 0
34312 0
34313 0
34314 0
34315 1
34316 0
34317 0
34318 0
34319 1
34320 1
34321 1
34322 0
34323 1
34324 1
34325 1
34326 1
34327 0
34328 1
34329 0
34330 1
34331 1
34332 0
34333 0
34334 0
34335 1
34336 1
34337 1
34338 1
34339 1
34340 1
34341 1
34342 0
34343 0
34344 0
34345 1
34346 0
34347 0
34348 1
34349 0
34350 1
34351 1
34352 0
34353 0
34354 0
34355 1
34356 0
34357 0
34358 0
34359 0
34360 1
34361 1
34362 0
34363 0
34364 0
34365 1
34366 0
34367 1
34368 1
34369 1
34370 0
34371 1
34372 0
34373 0
34374 1
34375 0
34376 0
34377 1
34378 0
34379 0
34380 0
34381 1
34382 1
34383 1
34384 0
34385 0
34386 0
34387 0
34388 0
34389 0
34390 1
34391 1
34392 1
34393 1
34394 1
34395 0
34396 1
34397 1
34398 0
34399 0
34400 0
34401 1
34402 0
34403 1
34404 1
34405 1
34406 0
34407 1
34408 0
34409 1
34410 0
34411 1
34412 1
34413 0
34414 1
34415 0
34416 0
34417 1
34418 0
34419 1
34420 0
34421 1
34422 0
34423 0
34424 1
34425 1
34426 0
34427 0
34428 0
34429 1
34430 1
34431 1
34432 1
34433 1
34434 1
34435 0
34436 1
34437 0
34438 0
34439 1
34440 1
34441 0
34442 1
34443 1
34444 0
34445 0
34446 1
34447 0
34448 0
34449 1
34450 1
34451 1
34452 0
34453 1
34454 1
34455 0
34456 0
34457 1
34458 1
34459 0
34460 1
34461 1
34462 0
34463 1
34464 1
34465 0
34466 0
34467 0
34468 0
34469 1
34470 0
34471 0
34472 0
34473 1
34474 0
34475 1
34476 0
34477 1
34478 1
34479 1
34480 0
34481 0
34482 1
34483 1
34484 1
34485 0
34486 1
34487 0
34488 1
34489 1
34490 1
34491 0
34492 0
34493 0
34494 0
34495 0
34496 1
34497 0
34498 0
34499 0
34500 1
34501 1
34502 0
34503 0
34504 1
34505 0
34506 1
34507 0
34508 0
34509 1
34510 1
34511 1
34512 0
34513 1
34514 1
34515 0
34516 1
34517 1
34518 1
34519 1
34520 0
34521 1
34522 1
34523 0
34524 1
34525 1
34526 0
34527 1
34528 1
34529 1
34530 0
34531 0
34532 0
34533 1
34534 0
34535 0
34536 0
34537 0
34538 1
34539 1
34540 0
34541 0
34542 1
34543 0
34544 0
34545 0
34546 0
34547 1
34548 1
34549 1
34550 1
34551 0
34552 1
34553 0
34554 1
34555 1
34556 0
34557 1
34558 0
34559 1
34560 0
34561 1
34562 1
34563 1
34564 0
34565 0
34566 1
34567 1
34568 0
34569 1
34570 1
34571 0
34572 0
34573 1
34574 0
34575 0
34576 1
34577 0
34578 1
34579 1
34580 0
34581 1
34582 1
34583 0
34584 1
34585 1
34586 0
34587 0
34588 1
34589 0
34590 0
34591 1
34592 1
34593 0
34594 1
34595 0
34596 0
34597 1
34598 0
34599 0
34600 0
34601 0
34602 0
34603 1
34604 0
34605 0
34606 1
34607 1
34608 1
34609 0
34610 1
34611 0
34612 1
34613 0
34614 0
34615 0
34616 1
34617 0
34618 0
34619 1
34620 0
34621 0
34622 1
34623 0
34624 1
34625 1
34626 0
34627 0
34628 0
34629 0
34630 0
34631 0
34632 1
34633 1
34634 0
34635 1
34636 0
34637 1
34638 0
34639 1
34640 0
34641 0
34642 0
34643 0
34644 0
34645 0
34646 0
34647 0
34648 0
34649 1
34650 0
34651 0
34652 0
34653 1
34654 0
34655 0
34656 0
34657 0
34658 0
34659 0
34660 0
34661 0
34662 0
34663 0
34664 1
34665 0
34666 1
34667 0
34668 1
34669 1
34670 1
34671 1
34672 0
34673 0
34674 1
34675 1
34676 1
34677 1
34678 1
34679 1
34680 1
34681 0
34682 1
34683 1
34684 0
34685 1
34686 1
34687 0
34688 0
34689 0
34690 1
34691 0
34692 0
34693 1
34694 1
34695 0
34696 0
34697 0
34698 0
34699 1
34700 0
34701 1
34702 0
34703 0
34704 1
34705 0
34706 1
34707 1
34708 1
34709 1
34710 0
34711 0
34712 1
34713 0
34714 0
34715 1
34716 1
34717 0
34718 1
34719 1
34720 1
34721 1
34722 1
34723 0
34724 0
34725 1
34726 0
34727 0
34728 0
34729 0
34730 0
34731 1
34732 1
34733 1
34734 1
34735 1
34736 0
34737 0
34738 1
34739 1
34740 0
34741 0
34742 0
34743 0
34744 0
34745 0
34746 0
34747 1
34748 0
34749 0
34750 1
34751 1
34752 0
34753 0
34754 0
34755 1
34756 0
34757 1
34758 0
34759 0
34760 0
34761 0
34762 0
34763 0
34764 1
34765 1
34766 1
34767 1
34768 0
34769 0
34770 1
34771 0
34772 1
34773 1
34774 0
34775 1
34776 1
34777 0
34778 1
34779 1
34780 1
34781 0
34782 1
34783 1
34784 0
34785 1
34786 0
34787 1
34788 1
34789 1
34790 0
34791 1
34792 0
34793 0
34794 1
34795 0
34796 1
34797 1
34798 1
34799 0
34800 0
34801 1
34802 0
34803 0
34804 0
34805 0
34806 1
34807 1
34808 0
34809 1
34810 0
34811 0
34812 0
34813 1
34814 0
34815 0
34816 0
34817 0
34818 0
34819 0
34820 1
34821 1
34822 1
34823 1
34824 1
34825 0
34826 0
34827 0
34828 1
34829 1
34830 1
34831 0
34832 1
34833 1
34834 1
34835 1
34836 0
34837 1
34838 1
34839 0
34840 0
34841 0
34842 1
34843 1
34844 0
34845 0
34846 1
34847 0
34848 0
34849 0
34850 0
34851 0
34852 0
34853 0
34854 0
34855 0
34856 0
34857 1
34858 1
34859 0
34860 0
34861 0
34862 1
34863 0
34864 1
34865 0
34866 0
34867 0
34868 0
34869 1
34870 1
34871 1
34872 1
34873 1
34874 1
34875 0
34876 0
34877 1
34878 0
34879 1
34880 1
34881 0
34882 1
34883 1
34884 0
34885 0
34886 1
34887 0
34888 1
34889 1
34890 0
34891 0
34892 0
34893 0
34894 0
34895 1
34896 0
34897 0
34898 1
34899 0
34900 0
34901 1
34902 0
34903 0
34904 1
34905 0
34906 1
34907 0
34908 0
34909 1
34910 0
34911 0
34912 0
34913 1
34914 1
34915 0
34916 1
34917 0
34918 0
34919 0
34920 1
34921 0
34922 1
34923 1
34924 0
34925 1
34926 1
34927 1
34928 0
34929 0
34930 1
34931 1
34932 1
34933 1
34934 0
34935 1
34936 1
34937 0
34938 0
34939 1
34940 0
34941 0
34942 0
34943 0
34944 0
34945 1
34946 1
34947 1
34948 0
34949 0
34950 0
34951 1
34952 0
34953 0
34954 0
34955 0
34956 1
34957 0
34958 0
34959 0
34960 1
34961 1
34962 1
34963 1
34964 1
34965 1
34966 1
34967 1
34968 1
34969 1
34970 1
34971 1
34972 1
34973 0
34974 1
34975 1
34976 1
34977 0
34978 1
34979 0
34980 1
34981 0
34982 0
34983 0
34984 0
34985 0
34986 0
34987 1
34988 1
34989 1
34990 1
34991 1
34992 0
34993 1
34994 1
34995 1
34996 0
34997 0
34998 0
34999 0
35000 0
35001 0
35002 0
35003 1
35004 0
35005 1
35006 0
35007 1
35008 0
35009 0
35010 0
35011 0
35012 0
35013 1
35014 0
35015 0
35016 0
35017 1
35018 1
35019 1
35020 1
35021 0
35022 0
35023 0
35024 0
35025 1
35026 1
35027 1
35028 1
35029 1
35030 0
35031 1
35032 1
35033 1
35034 1
35035 1
35036 0
35037 1
35038 1
35039 1
35040 0
35041 1
35042 1
35043 1
35044 0
35045 1
35046 0
35047 0
35048 0
35049 0
35050 1
35051 0
35052 0
35053 1
35054 0
35055 0
35056 0
35057 1
35058 0
35059 1
35060 1
35061 1
35062 1
35063 1
35064 0
35065 0
35066 0
35067 0
35068 1
35069 1
35070 1
35071 1
35072 1
35073 0
35074 0
35075 0
35076 1
35077 0
35078 1
35079 1
35080 0
35081 1
35082 0
35083 0
35084 1
35085 0
35086 0
35087 1
35088 0
35089 0
35090 1
35091 0
35092 0
35093 0
35094 1
35095 0
35096 0
35097 1
35098 0
35099 1
35100 1
35101 1
35102 1
35103 1
35104 1
35105 1
35106 0
35107 0
35108 1
35109 0
35110 1
35111 0
35112 0
35113 1
35114 0
35115 0
35116 0
35117 1
35118 0
35119 0
35120 0
35121 1
35122 0
35123 0
35124 0
35125 0
35126 1
35127 1
35128 1
35129 1
35130 0
35131 1
35132 0
35133 0
35134 1
35135 0
35136 1
35137 0
35138 1
35139 1
35140 0
35141 0
35142 0
35143 1
35144 1
35145 1
35146 0
35147 0
35148 0
35149 0
35150 0
35151 1
35152 1
35153 1
35154 0
35155 0
35156 1
35157 1
35158 0
35159 0
35160 1
35161 1
35162 1
35163 0
35164 0
35165 1
35166 1
35167 1
35168 0
35169 0
35170 0
35171 1
35172 0
35173 1
35174 0
35175 1
35176 0
35177 0
35178 0
35179 1
35180 0
35181 1
35182 1
35183 1
35184 1
35185 0
35186 0
35187 1
35188 0
35189 0
35190 1
35191 0
35192 0
35193 0
35194 0
35195 1
35196 1
35197 0
35198 1
35199 1
35200 0
35201 1
35202 0
35203 1
35204 0
35205 1
35206 1
35207 0
35208 1
35209 0
35210 0
35211 0
35212 1
35213 0
35214 0
35215 1
35216 0
35217 1
35218 0
35219 0
35220 0
35221 0
35222 0
35223 0
35224 0
35225 1
35226 1
35227 1
35228 1
35229 1
35230 0
35231 1
35232 0
35233 1
35234 1
35235 1
35236 1
35237 0
35238 0
35239 0
35240 1
35241 1
35242 1
35243 1
35244 1
35245 1
35246 0
35247 1
35248 0
35249 1
35250 1
35251 1
35252 0
35253 1
35254 1
35255 0
35256 0
35257 0
35258 0
35259 1
35260 0
35261 0
35262 0
35263 0
35264 0
35265 0
35266 1
35267 1
35268 1
35269 0
35270 0
35271 0
35272 1
35273 1
35274 0
35275 1
35276 1
35277 0
35278 0
35279 0
35280 0
35281 1
35282 0
35283 1
35284 0
35285 1
35286 0
35287 0
35288 0
35289 0
35290 1
35291 1
35292 1
35293 0
35294 1
35295 1
35296 0
35297 1
35298 0
35299 1
35300 0
35301 1
35302 0
35303 1
35304 0
35305 1
35306 0
35307 1
35308 0
35309 0
35310 1
35311 1
35312 1
35313 1
35314 0
35315 0
35316 0
35317 1
35318 0
35319 0
35320 0
35321 0
35322 1
35323 1
35324 0
35325 1
35326 0
35327 0
35328 0
35329 0
35330 1
35331 0
35332 0
35333 0
35334 0
35335 1
35336 1
35337 1
35338 1
35339 0
35340 0
35341 0
35342 1
35343 1
35344 0
35345 1
35346 0
35347 0
35348 1
35349 0
35350 0
35351 1
35352 1
35353 1
35354 0
35355 1
35356 1
35357 1
35358 0
35359 1
35360 0
35361 1
35362 1
35363 0
35364 0
35365 1
35366 0
35367 1
35368 0
35369 0
35370 1
35371 0
35372 1
35373 1
35374 1
35375 0
35376 1
35377 1
35378 0
35379 0
35380 1
35381 0
35382 1
35383 1
35384 0
35385 1
35386 0
35387 0
35388 1
35389 1
35390 0
35391 1
35392 0
35393 0
35394 0
35395 1
35396 0
35397 0
35398 0
35399 0
35400 1
35401 1
35402 1
35403 1
35404 1
35405 1
35406 1
35407 0
35408 0
35409 0
35410 1
35411 1
35412 1
35413 0
35414 1
35415 1
35416 0
35417 0
35418 1
35419 0
35420 0
35421 1
35422 1
35423 1
35424 0
35425 0
35426 0
35427 0
35428 1
35429 0
35430 1
35431 0
35432 0
35433 1
35434 0
35435 0
35436 0
35437 0
35438 1
35439 1
35440 1
35441 0
35442 1
35443 1
35444 1
35445 1
35446 1
35447 0
35448 0
35449 0
35450 1
35451 1
35452 1
35453 1
35454 1
35455 0
35456 1
35457 1
35458 0
35459 0
35460 0
35461 1
35462 1
35463 1
35464 0
35465 0
35466 0
35467 0
35468 1
35469 1
35470 0
35471 0
35472 1
35473 0
35474 1
35475 0
35476 1
35477 0
35478 0
35479 0
35480 0
35481 0
35482 1
35483 1
35484 0
35485 0
35486 1
35487 0
35488 0
35489 1
35490 1
35491 1
35492 1
35493 1
35494 1
35495 0
35496 1
35497 0
35498 0
35499 1
35500 1
35501 1
35502 0
35503 1
35504 0
35505 0
35506 0
35507 1
35508 0
35509 1
35510 1
35511 1
35512 1
35513 0
35514 0
35515 0
35516 1
35517 0
35518 1
35519 1
35520 1
35521 1
35522 0
35523 0
35524 1
35525 1
35526 1
35527 0
35528 0
35529 0
35530 0
35531 0
35532 1
35533 0
35534 0
35535 0
35536 1
35537 0
35538 1
35539 0
35540 0
35541 0
35542 0
35543 0
35544 0
35545 0
35546 1
35547 0
35548 1
35549 1
35550 1
35551 1
35552 0
35553 1
35554 0
35555 0
35556 0
35557 1
35558 0
35559 0
35560 1
35561 0
35562 1
35563 1
35564 1
35565 0
35566 0
35567 0
35568 1
35569 1
35570 0
35571 1
35572 1
35573 0
35574 0
35575 1
35576 1
35577 0
35578 0
35579 0
35580 1
35581 1
35582 1
35583 1
35584 0
35585 1
35586 0
35587 1
35588 0
35589 0
35590 1
35591 0
35592 1
35593 0
35594 0
35595 0
35596 1
35597 1
35598 1
35599 1
35600 1
35601 1
35602 0
35603 1
35604 1
35605 1
35606 1
35607 0
35608 1
35609 1
35610 0
35611 1
35612 0
35613 1
35614 1
35615 1
35616 0
35617 1
35618 1
35619 0
35620 1
35621 0
35622 0
35623 0
35624 1
35625 1
35626 1
35627 1
35628 1
35629 0
35630 1
35631 1
35632 0
35633 1
35634 0
35635 0
35636 1
35637 1
35638 0
35639 0
35640 1
35641 0
35642 1
35643 0
35644 0
35645 1
35646 0
35647 0
35648 0
35649 1
35650 1
35651 1
35652 1
35653 1
35654 0
35655 1
35656 0
35657 0
35658 0
35659 1
35660 1
35661 0
35662 0
35663 0
35664 1
35665 1
35666 0
35667 1
35668 0
35669 0
35670 0
35671 0
35672 0
35673 1
35674 0
35675 1
35676 1
35677 0
35678 1
35679 1
35680 0
35681 0
35682 1
35683 0
35684 1
35685 0
35686 0
35687 1
35688 1
35689 0
35690 1
35691 1
35692 0
35693 0
35694 0
35695 0
35696 0
35697 0
35698 1
35699 1
35700 0
35701 1
35702 1
35703 0
35704 0
35705 0
35706 0
35707 0
35708 0
35709 1
35710 0
35711 1
35712 1
35713 0
35714 1
35715 0
35716 0
35717 0
35718 1
35719 0
35720 0
35721 1
35722 1
35723 1
35724 1
35725 1
35726 0
35727 0
35728 1
35729 1
35730 0
35731 1
35732 0
35733 0
35734 1
35735 0
35736 1
35737 0
35738 1
35739 0
35740 1
35741 0
35742 0
35743 1
35744 1
35745 1
35746 1
35747 1
35748 0
35749 0
35750 0
35751 0
35752 1
35753 0
35754 0
35755 0
35756 0
35757 0
35758 0
35759 0
35760 1
35761 0
35762 0
35763 1
35764 1
35765 1
35766 1
35767 1
35768 1
35769 0
35770 1
35771 1
35772 0
35773 1
35774 0
35775 1
35776 0
35777 0
35778 1
35779 0
35780 1
35781 1
35782 1
35783 1
35784 0
35785 0
35786 0
35787 1
35788 0
35789 1
35790 0
35791 0
35792 0
35793 1
35794 0
35795 1
35796 1
35797 0
35798 0
35799 0
35800 1
35801 1
35802 1
35803 1
35804 0
35805 0
35806 0
35807 1
35808 1
35809 0
35810 1
35811 1
35812 1
35813 1
35814 0
35815 0
35816 0
35817 0
35818 1
35819 1
35820 0
35821 1
35822 0
35823 1
35824 0
35825 0
35826 1
35827 0
35828 0
35829 0
35830 1
35831 1
35832 0
35833 0
35834 0
35835 1
35836 0
35837 0
35838 1
35839 0
35840 0
35841 0
35842 0
35843 1
35844 1
35845 0
35846 1
35847 0
35848 1
35849 1
35850 1
35851 1
35852 1
35853 0
35854 0
35855 0
35856 1
35857 1
35858 1
35859 0
35860 1
35861 0
35862 0
35863 0
35864 1
35865 1
35866 1
35867 0
35868 1
35869 1
35870 0
35871 0
35872 1
35873 1
35874 1
35875 0
35876 1
35877 0
35878 0
35879 1
35880 0
35881 0
35882 0
35883 1
35884 1
35885 1
35886 1
35887 0
35888 1
35889 0
35890 1
35891 1
35892 1
35893 0
35894 0
35895 1
35896 1
35897 0
35898 1
35899 0
35900 0
35901 0
35902 0
35903 0
35904 0
35905 0
35906 0
35907 1
35908 1
35909 0
35910 1
35911 0
35912 0
35913 1
35914 0
35915 0
35916 0
35917 0
35918 0
35919 0
35920 1
35921 0
35922 1
35923 0
35924 1
35925 0
35926 0
35927 1
35928 1
35929 0
35930 1
35931 0
35932 0
35933 1
35934 1
35935 0
35936 0
35937 0
35938 0
35939 0
35940 0
35941 1
35942 0
35943 0
35944 0
35945 1
35946 1
35947 1
35948 0
35949 1
35950 0
35951 0
35952 0
35953 1
35954 1
35955 0
35956 1
35957 1
35958 1
35959 0
35960 1
35961 1
35962 1
35963 1
35964 1
35965 1
35966 0
35967 1
35968 0
35969 1
35970 0
35971 1
35972 0
35973 0
35974 0
35975 0
35976 1
35977 0
35978 0
35979 1
35980 1
35981 0
35982 1
35983 1
35984 1
35985 1
35986 1
35987 1
35988 1
35989 1
35990 0
35991 1
35992 0
35993 0
35994 1
35995 1
35996 0
35997 1
35998 0
35999 0
36000 1
36001 0
36002 0
36003 0
36004 1
36005 1
36006 1
36007 0
36008 1
36009 0
36010 1
36011 0
36012 0
36013 0
36014 0
36015 1
36016 1
36017 0
36018 1
36019 0
36020 1
36021 0
36022 0
36023 0
36024 1
36025 1
36026 0
36027 1
36028 0
36029 1
36030 0
36031 1
36032 1
36033 0
36034 1
36035 1
36036 1
36037 1
36038 1
36039 1
36040 1
36041 0
36042 1
36043 1
36044 1
36045 0
36046 1
36047 1
36048 0
36049 0
36050 1
36051 0
36052 0
36053 0
36054 0
36055 0
36056 0
36057 0
36058 1
36059 0
36060 1
36061 0
36062 1
36063 0
36064 1
36065 0
36066 1
36067 0
36068 0
36069 0
36070 1
36071 1
36072 0
36073 0
36074 1
36075 1
36076 1
36077 1
36078 1
36079 0
36080 1
36081 1
36082 0
36083 1
36084 1
36085 0
36086 1
36087 0
36088 1
36089 1
36090 0
36091 0
36092 0
36093 1
36094 1
36095 0
36096 1
36097 0
36098 1
36099 0
36100 0
36101 1
36102 1
36103 0
36104 0
36105 0
36106 0
36107 1
36108 1
36109 0
36110 0
36111 0
36112 0
36113 0
36114 0
36115 0
36116 1
36117 0
36118 0
36119 0
36120 1
36121 1
36122 0
36123 0
36124 0
36125 0
36126 0
36127 1
36128 0
36129 1
36130 0
36131 0
36132 0
36133 1
36134 0
36135 0
36136 1
36137 1
36138 1
36139 0
36140 1
36141 0
36142 0
36143 0
36144 1
36145 1
36146 1
36147 0
36148 0
36149 0
36150 0
36151 1
36152 0
36153 1
36154 1
36155 1
36156 1
36157 1
36158 0
36159 0
36160 0
36161 1
36162 1
36163 0
36164 0
36165 0
36166 1
36167 0
36168 0
36169 0
36170 0
36171 1
36172 0
36173 1
36174 1
36175 0
36176 0
36177 1
36178 1
36179 0
36180 0
36181 1
36182 0
36183 0
36184 0
36185 1
36186 0
36187 1
36188 1
36189 1
36190 0
36191 1
36192 0
36193 1
36194 1
36195 0
36196 0
36197 0
36198 0
36199 1
36200 0
36201 0
36202 1
36203 0
36204 0
36205 0
36206 1
36207 0
36208 0
36209 0
36210 1
36211 0
36212 1
36213 1
36214 1
36215 0
36216 1
36217 0
36218 0
36219 1
36220 0
36221 1
36222 1
36223 0
36224 1
36225 0
36226 0
36227 0
36228 0
36229 1
36230 1
36231 1
36232 0
36233 0
36234 0
36235 1
36236 0
36237 0
36238 1
36239 1
36240 1
36241 1
36242 1
36243 0
36244 1
36245 1
36246 0
36247 0
36248 0
36249 1
36250 0
36251 0
36252 0
36253 0
36254 0
36255 1
36256 0
36257 0
36258 1
36259 1
36260 0
36261 1
36262 0
36263 1
36264 0
36265 0
36266 1
36267 0
36268 0
36269 0
36270 0
36271 0
36272 0
36273 1
36274 1
36275 1
36276 0
36277 0
36278 1
36279 0
36280 1
36281 1
36282 1
36283 1
36284 0
36285 1
36286 0
36287 0
36288 0
36289 1
36290 1
36291 1
36292 0
36293 1
36294 0
36295 0
36296 0
36297 1
36298 0
36299 1
36300 1
36301 0
36302 0
36303 1
36304 1
36305 0
36306 0
36307 0
36308 0
36309 1
36310 0
36311 0
36312 1
36313 0
36314 0
36315 1
36316 0
36317 1
36318 0
36319 1
36320 1
36321 1
36322 0
36323 1
36324 0
36325 0
36326 1
36327 0
36328 0
36329 1
36330 0
36331 1
36332 1
36333 1
36334 1
36335 0
36336 1
36337 0
36338 1
36339 1
36340 0
36341 0
36342 1
36343 1
36344 1
36345 1
36346 0
36347 1
36348 1
36349 1
36350 1
36351 0
36352 0
36353 0
36354 1
36355 0
36356 0
36357 1
36358 0
36359 1
36360 0
36361 1
36362 0
36363 1
36364 1
36365 0
36366 0
36367 1
36368 1
36369 1
36370 1
36371 1
36372 0
36373 1
36374 1
36375 0
36376 0
36377 0
36378 0
36379 1
36380 0
36381 0
36382 1
36383 1
36384 0
36385 0
36386 0
36387 1
36388 1
36389 1
36390 0
36391 1
36392 1
36393 1
36394 1
36395 0
36396 0
36397 0
36398 0
36399 0
36400 0
36401 1
36402 1
36403 0
36404 0
36405 0
36406 1
36407 1
36408 1
36409 1
36410 1
36411 0
36412 0
36413 0
36414 0
36415 0
36416 1
36417 0
36418 1
36419 1
36420 1
36421 0
36422 0
36423 1
36424 0
36425 0
36426 0
36427 1
36428 1
36429 0
36430 1
36431 1
36432 1
36433 0
36434 1
36435 1
36436 0
36437 0
36438 0
36439 1
36440 0
36441 1
36442 1
36443 1
36444 0
36445 0
36446 1
36447 0
36448 1
36449 1
36450 1
36451 0
36452 0
36453 1
36454 0
36455 1
36456 0
36457 0
36458 1
36459 0
36460 1
36461 1
36462 1
36463 1
36464 1
36465 0
36466 1
36467 0
36468 1
36469 0
36470 1
36471 1
36472 0
36473 1
36474 1
36475 0
36476 1
36477 1
36478 1
36479 0
36480 0
36481 0
36482 0
36483 1
36484 0
36485 0
36486 1
36487 0
36488 1
36489 0
36490 0
36491 0
36492 1
36493 0
36494 0
36495 1
36496 1
36497 1
36498 1
36499 1
36500 1
36501 0
36502 1
36503 0
36504 1
36505 1
36506 1
36507 1
36508 1
36509 1
36510 1
36511 0
36512 0
36513 1
36514 0
36515 0
36516 0
36517 1
36518 0
36519 1
36520 0
36521 0
36522 1
36523 1
36524 1
36525 1
36526 0
36527 0
36528 1
36529 1
36530 1
36531 1
36532 1
36533 1
36534 0
36535 1
36536 0
36537 0
36538 0
36539 0
36540 1
36541 0
36542 1
36543 0
36544 0
36545 1
36546 1
36547 0
36548 0
36549 0
36550 1
36551 0
36552 1
36553 0
36554 0
36555 1
36556 0
36557 0
36558 1
36559 1
36560 1
36561 1
36562 1
36563 0
36564 1
36565 1
36566 1
36567 0
36568 1
36569 1
36570 1
36571 1
36572 1
36573 1
36574 0
36575 0
36576 1
36577 1
36578 0
36579 0
36580 0
36581 0
36582 1
36583 0
36584 1
36585 0
36586 0
36587 0
36588 0
36589 1
36590 1
36591 0
36592 1
36593 1
36594 0
36595 1
36596 1
36597 1
36598 0
36599 0
36600 1
36601 0
36602 1
36603 0
36604 0
36605 1
36606 0
36607 0
36608 1
36609 0
36610 0
36611 1
36612 0
36613 0
36614 1
36615 1
36616 1
36617 1
36618 1
36619 0
36620 0
36621 1
36622 0
36623 1
36624 1
36625 0
36626 1
36627 0
36628 0
36629 1
36630 0
36631 1
36632 0
36633 0
36634 0
36635 0
36636 1
36637 0
36638 0
36639 1
36640 0
36641 0
36642 1
36643 0
36644 1
36645 1
36646 1
36647 0
36648 1
36649 0
36650 0
36651 1
36652 1
36653 0
36654 1
36655 1
36656 0
36657 1
36658 0
36659 0
36660 1
36661 0
36662 1
36663 1
36664 1
36665 0
36666 1
36667 1
36668 0
36669 1
36670 0
36671 0
36672 1
36673 0
36674 0
36675 0
36676 1
36677 0
36678 0
36679 0
36680 1
36681 1
36682 1
36683 1
36684 1
36685 1
36686 0
36687 0
36688 1
36689 1
36690 0
36691 0
36692 1
36693 0
36694 0
36695 0
36696 0
36697 0
36698 1
36699 1
36700 1
36701 1
36702 0
36703 0
36704 0
36705 0
36706 1
36707 1
36708 1
36709 0
36710 1
36711 1
36712 0
36713 1
36714 1
36715 1
36716 0
36717 0
36718 0
36719 0
36720 1
36721 1
36722 1
36723 1
36724 0
36725 1
36726 0
36727 1
36728 1
36729 1
36730 1
36731 1
36732 1
36733 1
36734 1
36735 0
36736 1
36737 1
36738 0
36739 0
36740 1
36741 0
36742 0
36743 0
36744 0
36745 1
36746 0
36747 1
36748 0
36749 0
36750 1
36751 1
36752 0
36753 1
36754 0
36755 1
36756 1
36757 1
36758 1
36759 1
36760 1
36761 1
36762 0
36763 0
36764 0
36765 1
36766 0
36767 0
36768 0
36769 0
36770 1
36771 1
36772 1
36773 1
36774 1
36775 0
36776 1
36777 1
36778 1
36779 0
36780 1
36781 0
36782 0
36783 0
36784 1
36785 1
36786 0
36787 0
36788 0
36789 0
36790 1
36791 1
36792 0
36793 0
36794 1
36795 0
36796 0
36797 1
36798 1
36799 1
36800 0
36801 1
36802 0
36803 0
36804 0
36805 1
36806 0
36807 0
36808 1
36809 1
36810 0
36811 1
36812 1
36813 0
36814 1
36815 1
36816 1
36817 0
36818 0
36819 1
36820 1
36821 1
36822 1
36823 1
36824 1
36825 0
36826 1
36827 0
36828 1
36829 0
36830 0
36831 1
36832 1
36833 1
36834 1
36835 0
36836 0
36837 1
36838 1
36839 0
36840 0
36841 1
36842 1
36843 1
36844 1
36845 1
36846 0
36847 1
36848 1
36849 1
36850 0
36851 1
36852 0
36853 1
36854 0
36855 1
36856 1
36857 0
36858 0
36859 0
36860 1
36861 1
36862 0
36863 1
36864 0
36865 0
36866 0
36867 0
36868 1
36869 0
36870 0
36871 1
36872 0
36873 1
36874 1
36875 0
36876 0
36877 1
36878 0
36879 1
36880 0
36881 0
36882 1
36883 0
36884 0
36885 1
36886 0
36887 1
36888 0
36889 0
36890 0
36891 1
36892 0
36893 0
36894 0
36895 0
36896 0
36897 1
36898 0
36899 0
36900 0
36901 1
36902 0
36903 0
36904 1
36905 1
36906 0
36907 0
36908 1
36909 1
36910 1
36911 0
36912 0
36913 0
36914 0
36915 1
36916 1
36917 0
36918 0
36919 0
36920 0
36921 0
36922 1
36923 1
36924 0
36925 1
36926 1
36927 1
36928 0
36929 1
36930 1
36931 0
36932 0
36933 1
36934 0
36935 0
36936 1
36937 0
36938 0
36939 1
36940 0
36941 1
36942 1
36943 1
36944 0
36945 0
36946 0
36947 0
36948 1
36949 1
36950 0
36951 1
36952 1
36953 1
36954 0
36955 0
36956 1
36957 1
36958 0
36959 0
36960 0
36961 1
36962 1
36963 1
36964 0
36965 0
36966 0
36967 0
36968 1
36969 0
36970 1
36971 0
36972 0
36973 0
36974 0
36975 0
36976 1
36977 0
36978 0
36979 1
36980 0
36981 1
36982 0
36983 1
36984 0
36985 1
36986 0
36987 0
36988 0
36989 0
36990 1
36991 0
36992 0
36993 0
36994 0
36995 0
36996 1
36997 1
36998 0
36999 1
37000 0
37001 1
37002 0
37003 1
37004 1
37005 1
37006 1
37007 1
37008 0
37009 1
37010 1
37011 1
37012 0
37013 1
37014 0
37015 0
37016 1
37017 1
37018 0
37019 0
37020 0
37021 1
37022 0
37023 0
37024 1
37025 0
37026 1
37027 1
37028 0
37029 0
37030 1
37031 0
37032 0
37033 0
37034 1
37035 0
37036 1
37037 0
37038 1
37039 1
37040 0
37041 1
37042 0
37043 1
37044 0
37045 0
37046 1
37047 0
37048 1
37049 1
37050 0
37051 0
37052 1
37053 1
37054 0
37055 0
37056 0
37057 0
37058 0
37059 1
37060 0
37061 1
37062 1
37063 1
37064 0
37065 0
37066 0
37067 1
37068 0
37069 0
37070 0
37071 1
37072 0
37073 0
37074 0
37075 1
37076 1
37077 0
37078 0
37079 0
37080 0
37081 0
37082 0
37083 0
37084 1
37085 1
37086 0
37087 0
37088 1
37089 0
37090 1
37091 0
37092 0
37093 0
37094 1
37095 1
37096 1
37097 0
37098 0
37099 0
37100 1
37101 0
37102 1
37103 1
37104 0
37105 0
37106 1
37107 0
37108 0
37109 1
37110 1
37111 1
37112 1
37113 1
37114 1
37115 1
37116 1
37117 1
37118 0
37119 0
37120 1
37121 0
37122 1
37123 0
37124 1
37125 1
37126 0
37127 0
37128 1
37129 0
37130 1
37131 0
37132 1
37133 1
37134 0
37135 0
37136 1
37137 0
37138 0
37139 1
37140 1
37141 1
37142 1
37143 0
37144 1
37145 0
37146 1
37147 0
37148 0
37149 1
37150 0
37151 0
37152 0
37153 1
37154 1
37155 1
37156 0
37157 0
37158 0
37159 0
37160 1
37161 1
37162 1
37163 1
37164 1
37165 0
37166 0
37167 1
37168 0
37169 0
37170 1
37171 0
37172 1
37173 1
37174 1
37175 0
37176 0
37177 1
37178 0
37179 0
37180 1
37181 0
37182 1
37183 1
37184 1
37185 1
37186 1
37187 0
37188 0
37189 0
37190 1
37191 0
37192 0
37193 0
37194 0
37195 0
37196 1
37197 0
37198 1
37199 0
37200 0
37201 0
37202 1
37203 1
37204 1
37205 1
37206 0
37207 1
37208 0
37209 1
37210 1
37211 0
37212 0
37213 0
37214 0
37215 1
37216 0
37217 1
37218 0
37219 1
37220 0
37221 1
37222 0
37223 1
37224 1
37225 1
37226 0
37227 0
37228 0
37229 0
37230 0
37231 1
37232 1
37233 0
37234 0
37235 1
37236 0
37237 1
37238 0
37239 1
37240 0
37241 1
37242 0
37243 1
37244 0
37245 0
37246 1
37247 0
37248 0
37249 0
37250 0
37251 0
37252 0
37253 0
37254 0
37255 1
37256 0
37257 1
37258 1
37259 0
37260 0
37261 0
37262 0
37263 0
37264 1
37265 1
37266 1
37267 0
37268 0
37269 0
37270 1
37271 1
37272 0
37273 0
37274 0
37275 0
37276 1
37277 0
37278 1
37279 1
37280 0
37281 0
37282 1
37283 1
37284 1
37285 0
37286 1
37287 0
37288 0
37289 0
37290 1
37291 1
37292 1
37293 1
37294 0
37295 0
37296 1
37297 1
37298 0
37299 1
37300 0
37301 1
37302 0
37303 1
37304 1
37305 0
37306 1
37307 1
37308 0
37309 0
37310 0
37311 1
37312 1
37313 1
37314 1
37315 0
37316 0
37317 0
37318 0
37319 0
37320 0
37321 0
37322 0
37323 1
37324 1
37325 1
37326 0
37327 0
37328 1
37329 0
37330 1
37331 0
37332 1
37333 0
37334 0
37335 1
37336 1
37337 1
37338 0
37339 0
37340 1
37341 1
37342 1
37343 1
37344 1
37345 1
37346 1
37347 1
37348 0
37349 1
37350 0
37351 0
37352 1
37353 0
37354 0
37355 0
37356 1
37357 1
37358 1
37359 0
37360 0
37361 1
37362 1
37363 0
37364 1
37365 0
37366 1
37367 0
37368 0
37369 1
37370 0
37371 1
37372 1
37373 1
37374 0
37375 0
37376 0
37377 1
37378 1
37379 1
37380 1
37381 0
37382 1
37383 0
37384 0
37385 1
37386 1
37387 1
37388 1
37389 0
37390 0
37391 0
37392 1
37393 0
37394 1
37395 0
37396 1
37397 0
37398 0
37399 1
37400 0
37401 1
37402 1
37403 1
37404 0
37405 1
37406 1
37407 1
37408 1
37409 0
37410 1
37411 0
37412 1
37413 1
37414 1
37415 0
37416 0
37417 0
37418 1
37419 0
37420 1
37421 0
37422 0
37423 0
37424 1
37425 0
37426 0
37427 1
37428 0
37429 0
37430 1
37431 1
37432 1
37433 0
37434 1
37435 0
37436 1
37437 0
37438 0
37439 1
37440 1
37441 1
37442 1
37443 0
37444 1
37445 0
37446 1
37447 0
37448 1
37449 1
37450 0
37451 0
37452 1
37453 0
37454 0
37455 1
37456 0
37457 0
37458 0
37459 0
37460 1
37461 0
37462 0
37463 1
37464 0
37465 0
37466 0
37467 1
37468 1
37469 0
37470 1
37471 0
37472 0
37473 1
37474 1
37475 1
37476 0
37477 0
37478 1
37479 0
37480 1
37481 0
37482 0
37483 0
37484 1
37485 1
37486 0
37487 0
37488 0
37489 1
37490 1
37491 0
37492 0
37493 1
37494 0
37495 0
37496 1
37497 1
37498 0
37499 0
37500 1
37501 0
37502 0
37503 1
37504 0
37505 1
37506 0
37507 0
37508 0
37509 0
37510 0
37511 0
37512 1
37513 0
37514 1
37515 0
37516 1
37517 1
37518 1
37519 1
37520 1
37521 0
37522 0
37523 0
37524 1
37525 0
37526 1
37527 1
37528 0
37529 0
37530 1
37531 0
37532 1
37533 1
37534 0
37535 0
37536 0
37537 0
37538 1
37539 0
37540 0
37541 0
37542 0
37543 1
37544 0
37545 0
37546 1
37547 1
37548 0
37549 0
37550 1
37551 1
37552 0
37553 0
37554 0
37555 0
37556 0
37557 0
37558 0
37559 1
37560 1
37561 1
37562 1
37563 1
37564 0
37565 0
37566 1
37567 1
37568 1
37569 1
37570 0
37571 1
37572 1
37573 1
37574 0
37575 1
37576 1
37577 1
37578 1
37579 0
37580 0
37581 0
37582 1
37583 0
37584 0
37585 0
37586 0
37587 1
37588 0
37589 1
37590 1
37591 1
37592 1
37593 0
37594 0
37595 0
37596 1
37597 1
37598 1
37599 1
37600 0
37601 1
37602 1
37603 0
37604 0
37605 1
37606 1
37607 1
37608 0
37609 0
37610 0
37611 0
37612 0
37613 0
37614 1
37615 0
37616 1
37617 1
37618 0
37619 1
37620 1
37621 1
37622 0
37623 0
37624 1
37625 0
37626 1
37627 0
37628 1
37629 0
37630 0
37631 0
37632 0
37633 1
37634 1
37635 0
37636 1
37637 0
37638 0
37639 1
37640 1
37641 0
37642 1
37643 0
37644 0
37645 0
37646 0
37647 1
37648 0
37649 0
37650 0
37651 1
37652 0
37653 1
37654 0
37655 1
37656 0
37657 1
37658 0
37659 1
37660 1
37661 0
37662 1
37663 1
37664 1
37665 0
37666 1
37667 0
37668 1
37669 0
37670 1
37671 1
37672 1
37673 1
37674 0
37675 0
37676 0
37677 1
37678 1
37679 0
37680 0
37681 0
37682 1
37683 0
37684 1
37685 0
37686 1
37687 0
37688 1
37689 1
37690 0
37691 1
37692 1
37693 1
37694 0
37695 0
37696 0
37697 1
37698 1
37699 0
37700 1
37701 1
37702 0
37703 1
37704 1
37705 0
37706 0
37707 0
37708 0
37709 0
37710 1
37711 0
37712 0
37713 0
37714 0
37715 1
37716 1
37717 0
37718 0
37719 1
37720 1
37721 1
37722 0
37723 0
37724 0
37725 1
37726 0
37727 0
37728 1
37729 1
37730 1
37731 0
37732 1
37733 1
37734 0
37735 1
37736 0
37737 0
37738 0
37739 0
37740 1
37741 1
37742 1
37743 1
37744 1
37745 0
37746 0
37747 1
37748 1
37749 1
37750 0
37751 0
37752 1
37753 0
37754 1
37755 1
37756 1
37757 1
37758 0
37759 0
37760 1
37761 0
37762 1
37763 0
37764 0
37765 0
37766 1
37767 0
37768 1
37769 0
37770 1
37771 1
37772 1
37773 0
37774 0
37775 0
37776 0
37777 0
37778 0
37779 1
37780 1
37781 1
37782 0
37783 1
37784 0
37785 0
37786 0
37787 0
37788 1
37789 1
37790 1
37791 1
37792 1
37793 0
37794 1
37795 0
37796 1
37797 1
37798 0
37799 1
37800 1
37801 1
37802 1
37803 0
37804 1
37805 1
37806 0
37807 1
37808 0
37809 1
37810 0
37811 0
37812 1
37813 1
37814 1
37815 0
37816 0
37817 1
37818 0
37819 1
37820 1
37821 1
37822 0
37823 1
37824 0
37825 0
37826 0
37827 0
37828 1
37829 0
37830 1
37831 0
37832 1
37833 1
37834 1
37835 0
37836 0
37837 0
37838 1
37839 0
37840 1
37841 0
37842 1
37843 1
37844 1
37845 1
37846 1
37847 1
37848 0
37849 0
37850 0
37851 0
37852 1
37853 0
37854 0
37855 1
37856 1
37857 1
37858 0
37859 0
37860 0
37861 0
37862 0
37863 0
37864 1
37865 0
37866 0
37867 1
37868 0
37869 1
37870 1
37871 0
37872 1
37873 0
37874 1
37875 0
37876 1
37877 0
37878 1
37879 1
37880 0
37881 0
37882 1
37883 1
37884 1
37885 0
37886 1
37887 1
37888 0
37889 1
37890 0
37891 0
37892 0
37893 1
37894 0
37895 1
37896 0
37897 1
37898 1
37899 1
37900 0
37901 1
37902 0
37903 0
37904 0
37905 1
37906 0
37907 0
37908 0
37909 0
37910 0
37911 1
37912 1
37913 0
37914 0
37915 0
37916 1
37917 0
37918 0
37919 0
37920 0
37921 0
37922 0
37923 0
37924 0
37925 0
37926 1
37927 0
37928 0
37929 1
37930 1
37931 1
37932 1
37933 0
37934 1
37935 1
37936 0
37937 1
37938 1
37939 0
37940 0
37941 0
37942 0
37943 0
37944 1
37945 1
37946 1
37947 0
37948 0
37949 1
37950 1
37951 1
37952 1
37953 1
37954 1
37955 0
37956 0
37957 0
37958 0
37959 1
37960 1
37961 0
37962 0
37963 1
37964 1
37965 1
37966 0
37967 0
37968 1
37969 0
37970 0
37971 1
37972 1
37973 1
37974 1
37975 1
37976 0
37977 1
37978 1
37979 0
37980 1
37981 1
37982 1
37983 0
37984 0
37985 0
37986 0
37987 0
37988 0
37989 1
37990 1
37991 0
37992 1
37993 0
37994 1
37995 1
37996 1
37997 1
37998 1
37999 1
38000 1
38001 1
38002 0
38003 0
38004 0
38005 0
38006 1
38007 0
38008 0
38009 0
38010 0
38011 1
38012 1
38013 0
38014 0
38015 1
38016 0
38017 1
38018 1
38019 1
38020 0
38021 0
38022 0
38023 1
38024 0
38025 1
38026 0
38027 1
38028 0
38029 1
38030 1
38031 1
38032 0
38033 0
38034 0
38035 0
38036 1
38037 0
38038 1
38039 1
38040 1
38041 1
38042 0
38043 1
38044 1
38045 0
38046 0
38047 1
38048 1
38049 0
38050 0
38051 1
38052 0
38053 0
38054 1
38055 0
38056 1
38057 1
38058 1
38059 0
38060 0
38061 0
38062 1
38063 0
38064 1
38065 1
38066 0
38067 1
38068 0
38069 1
38070 0
38071 1
38072 1
38073 0
38074 0
38075 1
38076 1
38077 0
38078 0
38079 0
38080 1
38081 0
38082 1
38083 0
38084 1
38085 0
38086 1
38087 0
38088 1
38089 0
38090 1
38091 1
38092 1
38093 0
38094 1
38095 1
38096 0
38097 0
38098 1
38099 0
38100 1
38101 0
38102 0
38103 0
38104 0
38105 1
38106 0
38107 1
38108 0
38109 0
38110 0
38111 0
38112 1
38113 1
38114 1
38115 1
38116 0
38117 1
38118 1
38119 1
38120 1
38121 1
38122 0
38123 0
38124 1
38125 1
38126 0
38127 1
38128 0
38129 0
38130 0
38131 0
38132 1
38133 0
38134 1
38135 1
38136 1
38137 0
38138 1
38139 1
38140 0
38141 0
38142 0
38143 0
38144 1
38145 1
38146 1
38147 0
38148 0
38149 0
38150 1
38151 0
38152 0
38153 0
38154 1
38155 0
38156 0
38157 1
38158 0
38159 0
38160 0
38161 1
38162 1
38163 1
38164 0
38165 0
38166 0
38167 1
38168 0
38169 1
38170 0
38171 1
38172 1
38173 1
38174 0
38175 1
38176 1
38177 1
38178 1
38179 1
38180 0
38181 1
38182 1
38183 1
38184 1
38185 0
38186 1
38187 1
38188 0
38189 0
38190 0
38191 0
38192 0
38193 0
38194 1
38195 0
38196 0
38197 0
38198 0
38199 1
38200 0
38201 0
38202 0
38203 0
38204 1
38205 1
38206 0
38207 0
38208 0
38209 1
38210 1
38211 0
38212 1
38213 0
38214 1
38215 1
38216 0
38217 1
38218 1
38219 1
38220 1
38221 0
38222 0
38223 1
38224 1
38225 0
38226 1
38227 1
38228 1
38229 1
38230 0
38231 0
38232 1
38233 0
38234 0
38235 0
38236 1
38237 1
38238 0
38239 1
38240 1
38241 0
38242 0
38243 1
38244 1
38245 0
38246 1
38247 1
38248 1
38249 1
38250 1
38251 1
38252 0
38253 1
38254 0
38255 1
38256 0
38257 0
38258 1
38259 0
38260 1
38261 0
38262 1
38263 1
38264 1
38265 0
38266 0
38267 1
38268 0
38269 0
38270 0
38271 1
38272 0
38273 0
38274 0
38275 0
38276 1
38277 0
38278 0
38279 0
38280 0
38281 1
38282 0
38283 1
38284 0
38285 1
38286 1
38287 0
38288 1
38289 0
38290 0
38291 1
38292 1
38293 1
38294 0
38295 0
38296 1
38297 0
38298 0
38299 1
38300 0
38301 1
38302 1
38303 0
38304 1
38305 1
38306 1
38307 0
38308 1
38309 0
38310 0
38311 1
38312 0
38313 0
38314 1
38315 0
38316 0
38317 1
38318 0
38319 1
38320 0
38321 1
38322 0
38323 0
38324 0
38325 1
38326 1
38327 0
38328 1
38329 1
38330 1
38331 1
38332 1
38333 0
38334 1
38335 1
38336 0
38337 1
38338 0
38339 1
38340 0
38341 0
38342 0
38343 0
38344 1
38345 1
38346 0
38347 1
38348 1
38349 0
38350 0
38351 1
38352 0
38353 1
38354 0
38355 0
38356 0
38357 0
38358 0
38359 1
38360 1
38361 1
38362 0
38363 1
38364 0
38365 1
38366 1
38367 1
38368 0
38369 0
38370 0
38371 1
38372 1
38373 1
38374 0
38375 1
38376 1
38377 0
38378 1
38379 1
38380 1
38381 0
38382 1
38383 0
38384 0
38385 1
38386 1
38387 1
38388 1
38389 1
38390 0
38391 1
38392 0
38393 1
38394 1
38395 1
38396 0
38397 1
38398 0
38399 1
38400 0
38401 1
38402 0
38403 0
38404 1
38405 0
38406 0
38407 1
38408 1
38409 1
38410 0
38411 0
38412 1
38413 1
38414 1
38415 0
38416 0
38417 0
38418 0
38419 1
38420 1
38421 1
38422 1
38423 0
38424 1
38425 1
38426 0
38427 1
38428 1
38429 0
38430 1
38431 1
38432 0
38433 1
38434 0
38435 1
38436 0
38437 0
38438 1
38439 1
38440 0
38441 1
38442 1
38443 1
38444 1
38445 0
38446 0
38447 1
38448 0
38449 1
38450 0
38451 0
38452 0
38453 0
38454 1
38455 1
38456 1
38457 1
38458 1
38459 0
38460 0
38461 0
38462 0
38463 0
38464 0
38465 0
38466 0
38467 0
38468 1
38469 1
38470 1
38471 1
38472 0
38473 1
38474 0
38475 0
38476 0
38477 0
38478 0
38479 1
38480 1
38481 1
38482 1
38483 0
38484 0
38485 0
38486 1
38487 0
38488 0
38489 0
38490 1
38491 1
38492 0
38493 1
38494 1
38495 1
38496 0
38497 1
38498 0
38499 0
38500 0
38501 1
38502 1
38503 0
38504 1
38505 1
38506 0
38507 0
38508 1
38509 1
38510 1
38511 0
38512 0
38513 0
38514 1
38515 0
38516 1
38517 0
38518 0
38519 1
38520 0
38521 0
38522 0
38523 0
38524 1
38525 0
38526 0
38527 0
38528 1
38529 1
38530 0
38531 0
38532 1
38533 1
38534 0
38535 1
38536 0
38537 1
38538 0
38539 0
38540 0
38541 1
38542 1
38543 1
38544 1
38545 0
38546 1
38547 0
38548 0
38549 1
38550 0
38551 0
38552 1
38553 0
38554 0
38555 1
38556 1
38557 1
38558 0
38559 0
38560 0
38561 1
38562 0
38563 1
38564 1
38565 1
38566 1
38567 1
38568 0
38569 0
38570 0
38571 1
38572 0
38573 1
38574 0
38575 1
38576 1
38577 1
38578 0
38579 0
38580 1
38581 0
38582 1
38583 1
38584 0
38585 0
38586 0
38587 1
38588 0
38589 0
38590 1
38591 1
38592 1
38593 0
38594 0
38595 0
38596 1
38597 1
38598 1
38599 0
38600 1
38601 1
38602 1
38603 1
38604 1
38605 1
38606 0
38607 1
38608 1
38609 1
38610 1
38611 0
38612 0
38613 1
38614 1
38615 0
38616 1
38617 1
38618 0
38619 1
38620 1
38621 1
38622 0
38623 1
38624 0
38625 0
38626 0
38627 0
38628 1
38629 0
38630 1
38631 1
38632 0
38633 0
38634 1
38635 0
38636 1
38637 0
38638 0
38639 0
38640 1
38641 1
38642 1
38643 1
38644 0
38645 0
38646 0
38647 0
38648 0
38649 0
38650 1
38651 1
38652 1
38653 1
38654 1
38655 0
38656 0
38657 1
38658 0
38659 1
38660 0
38661 1
38662 0
38663 0
38664 1
38665 1
38666 0
38667 0
38668 1
38669 0
38670 1
38671 0
38672 1
38673 1
38674 0
38675 0
38676 1
38677 0
38678 1
38679 1
38680 0
38681 0
38682 0
38683 1
38684 0
38685 0
38686 0
38687 1
38688 0
38689 1
38690 1
38691 1
38692 0
38693 0
38694 0
38695 0
38696 1
38697 0
38698 1
38699 0
38700 1
38701 1
38702 1
38703 0
38704 1
38705 1
38706 1
38707 0
38708 1
38709 0
38710 0
38711 0
38712 1
38713 0
38714 0
38715 0
38716 1
38717 1
38718 1
38719 1
38720 0
38721 0
38722 0
38723 1
38724 0
38725 0
38726 0
38727 0
38728 0
38729 0
38730 0
38731 0
38732 1
38733 0
38734 0
38735 0
38736 0
38737 0
38738 1
38739 0
38740 1
38741 1
38742 0
38743 1
38744 0
38745 0
38746 1
38747 0
38748 1
38749 0
38750 1
38751 1
38752 0
38753 1
38754 0
38755 0
38756 1
38757 1
38758 0
38759 0
38760 1
38761 0
38762 0
38763 0
38764 1
38765 0
38766 1
38767 0
38768 0
38769 1
38770 0
38771 1
38772 0
38773 1
38774 1
38775 1
38776 0
38777 1
38778 1
38779 1
38780 0
38781 0
38782 0
38783 0
38784 0
38785 0
38786 1
38787 1
38788 1
38789 1
38790 1
38791 1
38792 0
38793 1
38794 1
38795 1
38796 1
38797 1
38798 1
38799 0
38800 1
38801 0
38802 0
38803 1
38804 1
38805 1
38806 1
38807 0
38808 0
38809 1
38810 0
38811 0
38812 1
38813 1
38814 1
38815 0
38816 1
38817 0
38818 0
38819 1
38820 1
38821 0
38822 1
38823 1
38824 0
38825 0
38826 0
38827 1
38828 0
38829 1
38830 0
38831 1
38832 0
38833 0
38834 0
38835 1
38836 1
38837 1
38838 1
38839 0
38840 0
38841 0
38842 1
38843 1
38844 0
38845 0
38846 0
38847 1
38848 1
38849 0
38850 0
38851 0
38852 0
38853 1
38854 1
38855 1
38856 0
38857 0
38858 0
38859 0
38860 0
38861 0
38862 0
38863 0
38864 1
38865 0
38866 1
38867 1
38868 0
38869 1
38870 1
38871 0
38872 0
38873 0
38874 1
38875 1
38876 1
38877 0
38878 0
38879 0
38880 1
38881 0
38882 1
38883 1
38884 1
38885 1
38886 0
38887 1
38888 1
38889 0
38890 0
38891 0
38892 0
38893 1
38894 0
38895 0
38896 0
38897 1
38898 1
38899 0
38900 0
38901 0
38902 1
38903 0
38904 0
38905 0
38906 0
38907 0
38908 1
38909 1
38910 0
38911 1
38912 0
38913 0
38914 0
38915 1
38916 1
38917 0
38918 1
38919 0
38920 1
38921 1
38922 1
38923 1
38924 1
38925 1
38926 0
38927 1
38928 1
38929 1
38930 0
38931 0
38932 1
38933 1
38934 0
38935 0
38936 0
38937 1
38938 0
38939 0
38940 0
38941 0
38942 0
38943 1
38944 0
38945 1
38946 1
38947 1
38948 1
38949 0
38950 1
38951 0
38952 1
38953 0
38954 1
38955 0
38956 1
38957 1
38958 1
38959 1
38960 1
38961 0
38962 1
38963 0
38964 1
38965 1
38966 0
38967 1
38968 1
38969 0
38970 0
38971 1
38972 0
38973 0
38974 1
38975 0
38976 1
38977 0
38978 0
38979 0
38980 1
38981 1
38982 1
38983 0
38984 0
38985 1
38986 0
38987 0
38988 1
38989 0
38990 1
38991 0
38992 1
38993 1
38994 1
38995 1
38996 0
38997 0
38998 1
38999 1
39000 0
39001 0
39002 1
39003 1
39004 0
39005 1
39006 0
39007 0
39008 0
39009 0
39010 1
39011 0
39012 0
39013 1
39014 1
39015 1
39016 0
39017 1
39018 0
39019 0
39020 1
39021 0
39022 0
39023 0
39024 0
39025 0
39026 1
39027 1
39028 0
39029 1
39030 0
39031 1
39032 1
39033 1
39034 0
39035 0
39036 1
39037 1
39038 0
39039 1
39040 1
39041 1
39042 0
39043 1
39044 0
39045 0
39046 0
39047 1
39048 0
39049 1
39050 1
39051 0
39052 1
39053 0
39054 1
39055 0
39056 0
39057 0
39058 1
39059 1
39060 0
39061 1
39062 1
39063 0
39064 0
39065 0
39066 1
39067 1
39068 0
39069 1
39070 0
39071 1
39072 1
39073 1
39074 1
39075 1
39076 0
39077 1
39078 1
39079 1
39080 0
39081 0
39082 0
39083 0
39084 1
39085 1
39086 0
39087 0
39088 1
39089 1
39090 0
39091 0
39092 0
39093 0
39094 0
39095 1
39096 0
39097 0
39098 1
39099 1
39100 1
39101 1
39102 0
39103 0
39104 1
39105 1
39106 1
39107 1
39108 0
39109 1
39110 1
39111 0
39112 0
39113 0
39114 1
39115 0
39116 0
39117 1
39118 1
39119 0
39120 1
39121 0
39122 0
39123 0
39124 1
39125 1
39126 0
39127 1
39128 0
39129 0
39130 1
39131 1
39132 1
39133 1
39134 0
39135 1
39136 1
39137 0
39138 1
39139 0
39140 0
39141 1
39142 1
39143 0
39144 1
39145 1
39146 1
39147 0
39148 0
39149 1
39150 1
39151 1
39152 1
39153 1
39154 0
39155 0
39156 1
39157 1
39158 0
39159 0
39160 0
39161 1
39162 1
39163 0
39164 1
39165 0
39166 0
39167 0
39168 1
39169 1
39170 1
39171 1
39172 1
39173 1
39174 0
39175 0
39176 1
39177 0
39178 0
39179 0
39180 1
39181 1
39182 1
39183 0
39184 1
39185 0
39186 1
39187 1
39188 0
39189 0
39190 0
39191 0
39192 0
39193 1
39194 1
39195 1
39196 0
39197 1
39198 1
39199 1
39200 0
39201 1
39202 1
39203 0
39204 0
39205 0
39206 1
39207 1
39208 1
39209 1
39210 1
39211 1
39212 1
39213 1
39214 0
39215 0
39216 0
39217 0
39218 1
39219 1
39220 1
39221 0
39222 0
39223 1
39224 0
39225 1
39226 1
39227 0
39228 1
39229 0
39230 0
39231 1
39232 1
39233 1
39234 1
39235 1
39236 0
39237 0
39238 0
39239 1
39240 1
39241 1
39242 1
39243 1
39244 1
39245 1
39246 0
39247 1
39248 0
39249 0
39250 0
39251 1
39252 0
39253 1
39254 0
39255 1
39256 0
39257 0
39258 1
39259 1
39260 0
39261 1
39262 1
39263 0
39264 0
39265 0
39266 1
39267 1
39268 0
39269 0
39270 0
39271 0
39272 0
39273 1
39274 1
39275 1
39276 1
39277 1
39278 0
39279 1
39280 1
39281 1
39282 1
39283 0
39284 0
39285 1
39286 0
39287 1
39288 1
39289 1
39290 1
39291 0
39292 1
39293 1
39294 0
39295 1
39296 1
39297 1
39298 0
39299 0
39300 1
39301 0
39302 1
39303 1
39304 0
39305 0
39306 1
39307 1
39308 0
39309 0
39310 0
39311 1
39312 1
39313 1
39314 0
39315 0
39316 1
39317 1
39318 0
39319 0
39320 0
39321 1
39322 0
39323 1
39324 1
39325 0
39326 0
39327 1
39328 0
39329 1
39330 0
39331 0
39332 1
39333 1
39334 0
39335 0
39336 1
39337 1
39338 1
39339 1
39340 1
39341 0
39342 0
39343 1
39344 0
39345 1
39346 1
39347 1
39348 0
39349 0
39350 1
39351 1
39352 0
39353 0
39354 1
39355 1
39356 1
39357 0
39358 1
39359 0
39360 1
39361 1
39362 0
39363 1
39364 0
39365 0
39366 0
39367 0
39368 0
39369 0
39370 1
39371 1
39372 0
39373 0
39374 0
39375 0
39376 1
39377 1
39378 0
39379 0
39380 1
39381 1
39382 0
39383 1
39384 0
39385 1
39386 1
39387 1
39388 0
39389 0
39390 1
39391 0
39392 1
39393 1
39394 1
39395 0
39396 1
39397 1
39398 1
39399 1
39400 0
39401 0
39402 1
39403 1
39404 1
39405 1
39406 1
39407 1
39408 0
39409 0
39410 1
39411 0
39412 0
39413 1
39414 0
39415 0
39416 0
39417 1
39418 1
39419 0
39420 1
39421 1
39422 0
39423 1
39424 0
39425 1
39426 1
39427 1
39428 1
39429 1
39430 1
39431 0
39432 1
39433 0
39434 0
39435 1
39436 1
39437 0
39438 0
39439 1
39440 1
39441 1
39442 0
39443 0
39444 1
39445 0
39446 0
39447 0
39448 1
39449 0
39450 0
39451 1
39452 0
39453 0
39454 0
39455 1
39456 0
39457 0
39458 1
39459 1
39460 0
39461 0
39462 1
39463 0
39464 1
39465 1
39466 1
39467 0
39468 1
39469 0
39470 0
39471 1
39472 1
39473 1
39474 1
39475 1
39476 1
39477 1
39478 1
39479 1
39480 0
39481 1
39482 0
39483 0
39484 1
39485 1
39486 1
39487 0
39488 0
39489 1
39490 0
39491 1
39492 1
39493 0
39494 1
39495 1
39496 0
39497 0
39498 0
39499 1
39500 1
39501 0
39502 0
39503 0
39504 1
39505 1
39506 1
39507 1
39508 1
39509 1
39510 1
39511 0
39512 1
39513 1
39514 1
39515 1
39516 0
39517 0
39518 1
39519 0
39520 0
39521 1
39522 0
39523 1
39524 1
39525 1
39526 1
39527 0
39528 1
39529 1
39530 0
39531 0
39532 0
39533 1
39534 0
39535 0
39536 0
39537 1
39538 1
39539 1
39540 0
39541 1
39542 0
39543 1
39544 1
39545 1
39546 0
39547 0
39548 1
39549 0
39550 1
39551 0
39552 0
39553 0
39554 1
39555 0
39556 1
39557 1
39558 0
39559 0
39560 1
39561 0
39562 1
39563 0
39564 1
39565 0
39566 1
39567 0
39568 1
39569 1
39570 0
39571 1
39572 0
39573 0
39574 0
39575 0
39576 0
39577 1
39578 1
39579 0
39580 1
39581 0
39582 1
39583 1
39584 0
39585 1
39586 0
39587 1
39588 0
39589 0
39590 0
39591 1
39592 1
39593 1
39594 0
39595 1
39596 0
39597 1
39598 1
39599 0
39600 1
39601 1
39602 0
39603 0
39604 1
39605 1
39606 0
39607 1
39608 1
39609 0
39610 0
39611 0
39612 0
39613 1
39614 0
39615 1
39616 1
39617 1
39618 0
39619 0
39620 1
39621 1
39622 0
39623 1
39624 0
39625 0
39626 1
39627 0
39628 0
39629 1
39630 0
39631 1
39632 0
39633 0
39634 0
39635 0
39636 1
39637 0
39638 0
39639 0
39640 0
39641 0
39642 0
39643 0
39644 0
39645 0
39646 1
39647 1
39648 1
39649 1
39650 1
39651 1
39652 1
39653 0
39654 1
39655 1
39656 0
39657 1
39658 0
39659 1
39660 1
39661 0
39662 1
39663 0
39664 1
39665 0
39666 0
39667 1
39668 1
39669 0
39670 0
39671 0
39672 1
39673 0
39674 1
39675 1
39676 1
39677 0
39678 1
39679 1
39680 0
39681 0
39682 0
39683 1
39684 0
39685 1
39686 0
39687 0
39688 1
39689 1
39690 0
39691 1
39692 0
39693 1
39694 0
39695 0
39696 1
39697 0
39698 1
39699 0
39700 1
39701 1
39702 0
39703 0
39704 0
39705 0
39706 1
39707 1
39708 0
39709 0
39710 1
39711 0
39712 0
39713 0
39714 0
39715 0
39716 0
39717 1
39718 1
39719 0
39720 1
39721 0
39722 1
39723 1
39724 0
39725 0
39726 0
39727 0
39728 1
39729 1
39730 1
39731 0
39732 0
39733 0
39734 0
39735 1
39736 0
39737 0
39738 0
39739 0
39740 0
39741 0
39742 1
39743 0
39744 0
39745 0
39746 0
39747 0
39748 0
39749 1
39750 1
39751 0
39752 1
39753 1
39754 1
39755 1
39756 0
39757 1
39758 0
39759 0
39760 1
39761 0
39762 0
39763 0
39764 1
39765 0
39766 1
39767 0
39768 1
39769 0
39770 1
39771 0
39772 0
39773 0
39774 0
39775 0
39776 0
39777 1
39778 0
39779 1
39780 0
39781 0
39782 0
39783 1
39784 0
39785 0
39786 0
39787 0
39788 0
39789 0
39790 1
39791 0
39792 0
39793 1
39794 1
39795 0
39796 0
39797 1
39798 1
39799 0
39800 1
39801 0
39802 0
39803 0
39804 1
39805 0
39806 0
39807 0
39808 1
39809 0
39810 1
39811 0
39812 1
39813 1
39814 0
39815 1
39816 1
39817 0
39818 1
39819 1
39820 1
39821 1
39822 1
39823 0
39824 0
39825 1
39826 0
39827 0
39828 1
39829 0
39830 0
39831 0
39832 0
39833 0
39834 0
39835 0
39836 0
39837 0
39838 0
39839 0
39840 0
39841 0
39842 1
39843 1
39844 1
39845 0
39846 1
39847 1
39848 0
39849 1
39850 0
39851 1
39852 1
39853 0
39854 0
39855 1
39856 0
39857 0
39858 1
39859 0
39860 0
39861 1
39862 0
39863 0
39864 1
39865 1
39866 0
39867 1
39868 0
39869 0
39870 0
39871 0
39872 1
39873 0
39874 1
39875 0
39876 0
39877 1
39878 0
39879 0
39880 1
39881 1
39882 1
39883 0
39884 1
39885 1
39886 0
39887 1
39888 1
39889 0
39890 1
39891 1
39892 1
39893 1
39894 0
39895 0
39896 1
39897 1
39898 1
39899 1
39900 0
39901 0
39902 0
39903 1
39904 0
39905 1
39906 0
39907 0
39908 1
39909 0
39910 1
39911 1
39912 1
39913 1
39914 1
39915 1
39916 0
39917 0
39918 1
39919 1
39920 1
39921 0
39922 1
39923 0
39924 1
39925 0
39926 0
39927 1
39928 0
39929 0
39930 0
39931 0
39932 1
39933 0
39934 0
39935 1
39936 1
39937 0
39938 0
39939 0
39940 0
39941 1
39942 0
39943 0
39944 0
39945 1
39946 0
39947 1
39948 1
39949 0
39950 0
39951 1
39952 0
39953 1
39954 1
39955 1
39956 1
39957 1
39958 1
39959 1
39960 0
39961 0
39962 0
39963 1
39964 1
39965 1
39966 1
39967 0
39968 1
39969 1
39970 1
39971 1
39972 0
39973 0
39974 1
39975 1
39976 0
39977 0
39978 0
39979 0
39980 0
39981 0
39982 1
39983 1
39984 0
39985 1
39986 0
39987 0
39988 0
39989 1
39990 0
39991 0
39992 1
39993 1
39994 1
39995 0
39996 1
39997 1
39998 1
39999 1
40000 0
40001 1
40002 1
40003 0
40004 1
40005 0
40006 0
40007 1
40008 0
40009 1
40010 0
40011 1
40012 0
40013 1
40014 1
40015 1
40016 1
40017 0
40018 1
40019 1
40020 0
40021 1
40022 0
40023 0
40024 1
40025 1
40026 1
40027 1
40028 0
40029 1
40030 0
40031 0
40032 1
40033 0
40034 0
40035 1
40036 1
40037 0
40038 0
40039 0
40040 1
40041 0
40042 0
40043 0
40044 0
40045 0
40046 0
40047 1
40048 1
40049 0
40050 0
40051 1
40052 0
40053 1
40054 1
40055 1
40056 0
40057 1
40058 0
40059 1
40060 1
40061 1
40062 1
40063 1
40064 1
40065 1
40066 1
40067 1
40068 1
40069 0
40070 1
40071 0
40072 1
40073 0
40074 0
40075 1
40076 1
40077 0
40078 1
40079 1
40080 0
40081 0
40082 1
40083 0
40084 1
40085 1
40086 0
40087 0
40088 1
40089 1
40090 1
40091 1
40092 1
40093 0
40094 0
40095 1
40096 1
40097 0
40098 1
40099 1
40100 1
40101 1
40102 0
40103 1
40104 0
40105 0
40106 0
40107 1
40108 1
40109 1
40110 1
40111 1
40112 1
40113 0
40114 1
40115 0
40116 0
40117 0
40118 1
40119 1
40120 1
40121 0
40122 0
40123 0
40124 1
40125 0
40126 0
40127 1
40128 0
40129 0
40130 0
40131 1
40132 1
40133 1
40134 1
40135 0
40136 0
40137 0
40138 0
40139 0
40140 1
40141 0
40142 1
40143 0
40144 1
40145 1
40146 1
40147 0
40148 1
40149 1
40150 0
40151 1
40152 1
40153 0
40154 0
40155 0
40156 0
40157 0
40158 0
40159 0
40160 1
40161 0
40162 1
40163 1
40164 0
40165 0
40166 0
40167 1
40168 1
40169 1
40170 1
40171 1
40172 0
40173 0
40174 0
40175 1
40176 1
40177 0
40178 0
40179 0
40180 0
40181 1
40182 0
40183 0
40184 1
40185 0
40186 0
40187 0
40188 0
40189 1
40190 0
40191 1
40192 0
40193 0
40194 1
40195 0
40196 0
40197 0
40198 1
40199 0
40200 1
40201 0
40202 0
40203 0
40204 1
40205 1
40206 0
40207 0
40208 1
40209 0
40210 0
40211 1
40212 1
40213 0
40214 1
40215 1
40216 1
40217 1
40218 0
40219 0
40220 0
40221 0
40222 0
40223 1
40224 0
40225 0
40226 1
40227 1
40228 0
40229 1
40230 0
40231 0
40232 1
40233 0
40234 1
40235 1
40236 1
40237 0
40238 1
40239 0
40240 0
40241 1
40242 0
40243 1
40244 0
40245 0
40246 0
40247 0
40248 1
40249 1
40250 1
40251 1
40252 0
40253 0
40254 0
40255 1
40256 0
40257 1
40258 1
40259 1
40260 1
40261 1
40262 1
40263 0
40264 1
40265 1
40266 0
40267 0
40268 0
40269 1
40270 1
40271 0
40272 1
40273 1
40274 1
40275 0
40276 0
40277 1
40278 0
40279 0
40280 1
40281 0
40282 0
40283 1
40284 1
40285 1
40286 1
40287 0
40288 1
40289 1
40290 0
40291 1
40292 0
40293 1
40294 1
40295 0
40296 0
40297 0
40298 0
40299 1
40300 1
40301 0
40302 0
40303 0
40304 1
40305 0
40306 0
40307 0
40308 0
40309 1
40310 1
40311 0
40312 1
40313 1
40314 1
40315 0
40316 1
40317 1
40318 1
40319 0
40320 0
40321 1
40322 0
40323 0
40324 0
40325 1
40326 0
40327 0
40328 1
40329 1
40330 0
40331 1
40332 0
40333 1
40334 0
40335 0
40336 0
40337 0
40338 0
40339 1
40340 1
40341 1
40342 1
40343 0
40344 0
40345 1
40346 0
40347 0
40348 0
40349 1
40350 1
40351 1
40352 0
40353 0
40354 1
40355 1
40356 1
40357 0
40358 1
40359 0
40360 1
40361 1
40362 0
40363 0
40364 0
40365 1
40366 0
40367 1
40368 0
40369 1
40370 0
40371 1
40372 1
40373 1
40374 1
40375 0
40376 0
40377 1
40378 1
40379 0
40380 1
40381 0
40382 1
40383 0
40384 0
40385 0
40386 1
40387 0
40388 1
40389 1
40390 1
40391 0
40392 1
40393 0
40394 0
40395 0
40396 0
40397 0
40398 0
40399 0
40400 1
40401 1
40402 1
40403 0
40404 0
40405 0
40406 0
40407 1
40408 0
40409 1
40410 1
40411 0
40412 0
40413 0
40414 1
40415 0
40416 1
40417 0
40418 0
40419 0
40420 0
40421 1
40422 0
40423 0
40424 1
40425 1
40426 1
40427 0
40428 0
40429 1
40430 0
40431 0
40432 1
40433 1
40434 0
40435 0
40436 0
40437 0
40438 0
40439 1
40440 1
40441 0
40442 0
40443 0
40444 0
40445 1
40446 1
40447 0
40448 1
40449 0
40450 1
40451 0
40452 0
40453 0
40454 0
40455 0
40456 1
40457 0
40458 0
40459 1
40460 0
40461 0
40462 0
40463 0
40464 1
40465 0
40466 0
40467 0
40468 1
40469 0
40470 1
40471 0
40472 0
40473 1
40474 1
40475 0
40476 0
40477 1
40478 1
40479 1
40480 0
40481 1
40482 1
40483 1
40484 1
40485 1
40486 0
40487 0
40488 0
40489 0
40490 0
40491 1
40492 0
40493 0
40494 0
40495 1
40496 0
40497 0
40498 1
40499 0
40500 0
40501 1
40502 0
40503 0
40504 1
40505 0
40506 0
40507 0
40508 0
40509 1
40510 0
40511 0
40512 0
40513 0
40514 1
40515 1
40516 1
40517 0
40518 0
40519 0
40520 1
40521 1
40522 0
40523 1
40524 0
40525 1
40526 0
40527 1
40528 0
40529 1
40530 0
40531 1
40532 0
40533 0
40534 0
40535 0
40536 1
40537 0
40538 1
40539 0
40540 1
40541 1
40542 1
40543 1
40544 0
40545 0
40546 0
40547 0
40548 0
40549 1
40550 0
40551 1
40552 0
40553 0
40554 0
40555 1
40556 1
40557 0
40558 0
40559 1
40560 1
40561 0
40562 1
40563 0
40564 0
40565 0
40566 0
40567 0
40568 1
40569 0
40570 1
40571 0
40572 1
40573 0
40574 0
40575 1
40576 0
40577 1
40578 0
40579 0
40580 0
40581 1
40582 0
40583 1
40584 1
40585 0
40586 1
40587 0
40588 0
40589 1
40590 1
40591 1
40592 0
40593 0
40594 0
40595 1
40596 1
40597 0
40598 1
40599 1
40600 1
40601 1
40602 1
40603 1
40604 0
40605 1
40606 0
40607 0
40608 0
40609 0
40610 1
40611 1
40612 0
40613 0
40614 1
40615 1
40616 0
40617 0
40618 1
40619 1
40620 0
40621 1
40622 1
40623 1
40624 1
40625 0
40626 1
40627 0
40628 1
40629 0
40630 1
40631 1
40632 1
40633 0
40634 0
40635 0
40636 0
40637 0
40638 0
40639 0
40640 0
40641 1
40642 0
40643 0
40644 1
40645 0
40646 1
40647 1
40648 1
40649 1
40650 0
40651 0
40652 1
40653 0
40654 1
40655 1
40656 0
40657 1
40658 1
40659 1
40660 0
40661 1
40662 1
40663 1
40664 0
40665 0
40666 1
40667 1
40668 0
40669 0
40670 1
40671 1
40672 0
40673 0
40674 0
40675 1
40676 1
40677 1
40678 1
40679 1
40680 1
40681 1
40682 1
40683 1
40684 0
40685 0
40686 1
40687 1
40688 1
40689 1
40690 0
40691 0
40692 0
40693 0
40694 0
40695 0
40696 1
40697 0
40698 1
40699 1
40700 1
40701 1
40702 1
40703 0
40704 0
40705 1
40706 1
40707 1
40708 0
40709 1
40710 0
40711 1
40712 1
40713 0
40714 1
40715 1
40716 1
40717 0
40718 1
40719 0
40720 0
40721 1
40722 1
40723 0
40724 1
40725 1
40726 1
40727 1
40728 1
40729 0
40730 0
40731 0
40732 1
40733 0
40734 0
40735 1
40736 1
40737 0
40738 1
40739 0
40740 1
40741 0
40742 1
40743 1
40744 1
40745 0
40746 1
40747 1
40748 1
40749 0
40750 1
40751 1
40752 0
40753 0
40754 0
40755 0
40756 0
40757 1
40758 1
40759 1
40760 1
40761 1
40762 1
40763 0
40764 0
40765 0
40766 0
40767 1
40768 1
40769 1
40770 0
40771 1
40772 0
40773 0
40774 1
40775 0
40776 0
40777 0
40778 1
40779 0
40780 0
40781 0
40782 0
40783 0
40784 1
40785 1
40786 1
40787 1
40788 0
40789 0
40790 1
40791 1
40792 0
40793 0
40794 1
40795 0
40796 0
40797 0
40798 1
40799 1
40800 1
40801 1
40802 1
40803 1
40804 0
40805 0
40806 0
40807 0
40808 1
40809 0
40810 0
40811 0
40812 1
40813 0
40814 1
40815 1
40816 1
40817 1
40818 0
40819 1
40820 0
40821 1
40822 0
40823 0
40824 1
40825 1
40826 1
40827 0
40828 1
40829 1
40830 0
40831 0
40832 1
40833 0
40834 1
40835 1
40836 1
40837 1
40838 0
40839 1
40840 0
40841 0
40842 1
40843 1
40844 0
40845 1
40846 1
40847 1
40848 1
40849 0
40850 0
40851 0
40852 1
40853 1
40854 1
40855 0
40856 1
40857 0
40858 1
40859 1
40860 1
40861 0
40862 1
40863 1
40864 1
40865 1
40866 0
40867 0
40868 0
40869 1
40870 1
40871 1
40872 0
40873 0
40874 1
40875 1
40876 1
40877 1
40878 1
40879 0
40880 1
40881 1
40882 1
40883 1
40884 0
40885 0
40886 0
40887 1
40888 1
40889 0
40890 1
40891 1
40892 0
40893 0
40894 1
40895 0
40896 0
40897 0
40898 0
40899 0
40900 0
40901 1
40902 0
40903 0
40904 1
40905 1
40906 1
40907 0
40908 0
40909 0
40910 1
40911 0
40912 1
40913 0
40914 0
40915 0
40916 0
40917 0
40918 1
40919 1
40920 0
40921 0
40922 0
40923 0
40924 1
40925 1
40926 1
40927 1
40928 1
40929 1
40930 1
40931 0
40932 1
40933 0
40934 0
40935 1
40936 1
40937 1
40938 1
40939 1
40940 0
40941 1
40942 1
40943 0
40944 1
40945 0
40946 0
40947 0
40948 1
40949 1
40950 0
40951 1
40952 1
40953 1
40954 0
40955 0
40956 1
40957 0
40958 1
40959 1
40960 1
40961 0
40962 0
40963 0
40964 1
40965 1
40966 1
40967 0
40968 0
40969 1
40970 1
40971 1
40972 0
40973 1
40974 1
40975 0
40976 1
40977 1
40978 1
40979 1
40980 1
40981 1
40982 0
40983 1
40984 0
40985 1
40986 1
40987 0
40988 1
40989 1
40990 0
40991 1
40992 1
40993 1
40994 1
40995 0
40996 0
40997 0
40998 0
40999 0
41000 1
41001 1
41002 1
41003 1
41004 1
41005 0
41006 1
41007 0
41008 0
41009 0
41010 1
41011 0
41012 1
41013 0
41014 0
41015 1
41016 0
41017 1
41018 0
41019 0
41020 0
41021 1
41022 1
41023 0
41024 0
41025 0
41026 0
41027 0
41028 0
41029 0
41030 0
41031 0
41032 0
41033 1
41034 0
41035 0
41036 1
41037 0
41038 0
41039 0
41040 0
41041 1
41042 1
41043 1
41044 0
41045 1
41046 0
41047 0
41048 0
41049 0
41050 1
41051 0
41052 0
41053 1
41054 1
41055 0
41056 1
41057 0
41058 1
41059 1
41060 0
41061 1
41062 1
41063 0
41064 1
41065 0
41066 1
41067 0
41068 0
41069 0
41070 0
41071 0
41072 1
41073 1
41074 0
41075 1
41076 1
41077 1
41078 0
41079 1
41080 0
41081 0
41082 0
41083 0
41084 0
41085 0
41086 0
41087 0
41088 0
41089 1
41090 0
41091 1
41092 0
41093 0
41094 1
41095 1
41096 1
41097 0
41098 1
41099 1
41100 1
41101 1
41102 1
41103 1
41104 1
41105 1
41106 1
41107 0
41108 1
41109 0
41110 0
41111 0
41112 1
41113 0
41114 0
41115 0
41116 0
41117 1
41118 1
41119 0
41120 1
41121 0
41122 1
41123 0
41124 0
41125 1
41126 1
41127 0
41128 1
41129 0
41130 0
41131 0
41132 0
41133 0
41134 0
41135 1
41136 0
41137 0
41138 1
41139 0
41140 1
41141 0
41142 1
41143 1
41144 0
41145 0
41146 1
41147 1
41148 0
41149 0
41150 1
41151 1
41152 0
41153 1
41154 0
41155 1
41156 1
41157 0
41158 0
41159 0
41160 1
41161 1
41162 1
41163 0
41164 1
41165 0
41166 1
41167 1
41168 0
41169 1
41170 0
41171 1
41172 1
41173 1
41174 1
41175 0
41176 0
41177 1
41178 0
41179 0
41180 1
41181 0
41182 1
41183 0
41184 1
41185 0
41186 0
41187 1
41188 0
41189 0
41190 0
41191 1
41192 0
41193 0
41194 0
41195 0
41196 1
41197 0
41198 1
41199 0
41200 1
41201 0
41202 1
41203 1
41204 1
41205 1
41206 0
41207 1
41208 0
41209 1
41210 0
41211 0
41212 0
41213 0
41214 1
41215 1
41216 1
41217 0
41218 1
41219 0
41220 1
41221 1
41222 1
41223 1
41224 1
41225 0
41226 1
41227 0
41228 1
41229 0
41230 1
41231 0
41232 0
41233 0
41234 1
41235 0
41236 0
41237 0
41238 1
41239 1
41240 1
41241 1
41242 1
41243 0
41244 0
41245 0
41246 0
41247 1
41248 0
41249 0
41250 1
41251 0
41252 0
41253 1
41254 0
41255 0
41256 1
41257 1
41258 1
41259 0
41260 1
41261 1
41262 1
41263 1
41264 1
41265 0
41266 0
41267 1
41268 1
41269 1
41270 1
41271 1
41272 0
41273 1
41274 1
41275 1
41276 0
41277 0
41278 0
41279 1
41280 1
41281 0
41282 1
41283 0
41284 0
41285 1
41286 0
41287 1
41288 1
41289 0
41290 0
41291 1
41292 1
41293 1
41294 0
41295 0
41296 1
41297 0
41298 0
41299 1
41300 0
41301 1
41302 0
41303 0
41304 0
41305 1
41306 0
41307 1
41308 0
41309 0
41310 1
41311 1
41312 0
41313 0
41314 0
41315 0
41316 0
41317 0
41318 1
41319 1
41320 1
41321 0
41322 1
41323 1
41324 0
41325 0
41326 0
41327 0
41328 0
41329 1
41330 0
41331 1
41332 1
41333 1
41334 0
41335 1
41336 0
41337 1
41338 1
41339 0
41340 1
41341 1
41342 0
41343 1
41344 0
41345 1
41346 1
41347 1
41348 1
41349 0
41350 0
41351 0
41352 0
41353 1
41354 1
41355 1
41356 0
41357 0
41358 1
41359 1
41360 1
41361 0
41362 1
41363 1
41364 1
41365 0
41366 1
41367 1
41368 0
41369 0
41370 1
41371 0
41372 1
41373 0
41374 1
41375 1
41376 0
41377 1
41378 0
41379 1
41380 0
41381 0
41382 0
41383 0
41384 1
41385 1
41386 1
41387 1
41388 0
41389 1
41390 0
41391 0
41392 0
41393 0
41394 1
41395 0
41396 1
41397 0
41398 1
41399 0
41400 1
41401 0
41402 1
41403 0
41404 1
41405 0
41406 0
41407 0
41408 1
41409 0
41410 0
41411 1
41412 1
41413 1
41414 1
41415 0
41416 1
41417 1
41418 0
41419 0
41420 1
41421 1
41422 1
41423 1
41424 0
41425 0
41426 1
41427 0
41428 1
41429 0
41430 1
41431 1
41432 0
41433 0
41434 0
41435 1
41436 1
41437 0
41438 0
41439 0
41440 1
41441 0
41442 1
41443 1
41444 1
41445 0
41446 0
41447 0
41448 0
41449 0
41450 0
41451 0
41452 1
41453 1
41454 1
41455 0
41456 0
41457 1
41458 0
41459 0
41460 0
41461 0
41462 1
41463 1
41464 0
41465 0
41466 1
41467 0
41468 0
41469 1
41470 1
41471 0
41472 0
41473 0
41474 1
41475 0
41476 1
41477 1
41478 0
41479 0
41480 0
41481 1
41482 1
41483 1
41484 0
41485 0
41486 0
41487 1
41488 1
41489 0
41490 1
41491 0
41492 0
41493 0
41494 1
41495 0
41496 1
41497 0
41498 1
41499 0
41500 0
41501 0
41502 0
41503 0
41504 1
41505 1
41506 1
41507 0
41508 1
41509 1
41510 0
41511 1
41512 0
41513 0
41514 1
41515 1
41516 0
41517 0
41518 0
41519 1
41520 1
41521 1
41522 0
41523 0
41524 1
41525 0
41526 0
41527 0
41528 0
41529 0
41530 1
41531 1
41532 1
41533 0
41534 1
41535 1
41536 1
41537 1
41538 0
41539 1
41540 0
41541 0
41542 1
41543 0
41544 0
41545 1
41546 1
41547 1
41548 0
41549 1
41550 0
41551 0
41552 1
41553 0
41554 1
41555 0
41556 1
41557 1
41558 1
41559 1
41560 0
41561 0
41562 0
41563 0
41564 1
41565 0
41566 0
41567 1
41568 1
41569 0
41570 1
41571 1
41572 0
41573 0
41574 0
41575 0
41576 0
41577 1
41578 0
41579 1
41580 1
41581 0
41582 1
41583 1
41584 0
41585 1
41586 1
41587 1
41588 0
41589 0
41590 1
41591 1
41592 0
41593 0
41594 1
41595 1
41596 1
41597 1
41598 1
41599 1
41600 1
41601 0
41602 0
41603 0
41604 1
41605 1
41606 0
41607 1
41608 1
41609 0
41610 1
41611 0
41612 0
41613 1
41614 1
41615 0
41616 1
41617 1
41618 0
41619 0
41620 0
41621 0
41622 1
41623 1
41624 1
41625 1
41626 0
41627 1
41628 1
41629 0
41630 0
41631 1
41632 1
41633 0
41634 1
41635 1
41636 1
41637 0
41638 1
41639 1
41640 0
41641 1
41642 1
41643 0
41644 1
41645 1
41646 1
41647 0
41648 1
41649 0
41650 1
41651 1
41652 0
41653 1
41654 0
41655 1
41656 1
41657 0
41658 0
41659 1
41660 0
41661 0
41662 0
41663 0
41664 0
41665 0
41666 0
41667 0
41668 1
41669 1
41670 1
41671 1
41672 0
41673 0
41674 0
41675 1
41676 0
41677 1
41678 0
41679 0
41680 0
41681 0
41682 1
41683 1
41684 0
41685 1
41686 0
41687 1
41688 1
41689 0
41690 1
41691 1
41692 1
41693 0
41694 1
41695 0
41696 1
41697 1
41698 1
41699 0
41700 1
41701 1
41702 1
41703 0
41704 0
41705 0
41706 1
41707 1
41708 0
41709 0
41710 0
41711 1
41712 1
41713 0
41714 1
41715 1
41716 0
41717 0
41718 1
41719 0
41720 1
41721 0
41722 1
41723 1
41724 0
41725 0
41726 1
41727 1
41728 0
41729 1
41730 0
41731 1
41732 0
41733 0
41734 0
41735 0
41736 0
41737 0
41738 0
41739 1
41740 1
41741 0
41742 0
41743 1
41744 0
41745 0
41746 0
41747 1
41748 1
41749 1
41750 0
41751 0
41752 1
41753 0
41754 1
41755 1
41756 0
41757 0
41758 0
41759 1
41760 1
41761 1
41762 1
41763 1
41764 1
41765 0
41766 0
41767 0
41768 1
41769 1
41770 1
41771 1
41772 1
41773 0
41774 0
41775 0
41776 0
41777 1
41778 1
41779 1
41780 1
41781 0
41782 0
41783 0
41784 1
41785 1
41786 1
41787 1
41788 0
41789 1
41790 0
41791 1
41792 0
41793 1
41794 0
41795 0
41796 0
41797 0
41798 0
41799 1
41800 0
41801 1
41802 1
41803 1
41804 1
41805 0
41806 0
41807 1
41808 1
41809 0
41810 0
41811 0
41812 1
41813 0
41814 1
41815 0
41816 0
41817 0
41818 1
41819 1
41820 1
41821 0
41822 1
41823 1
41824 0
41825 0
41826 0
41827 0
41828 0
41829 0
41830 1
41831 1
41832 0
41833 0
41834 0
41835 0
41836 1
41837 0
41838 1
41839 0
41840 0
41841 1
41842 1
41843 1
41844 0
41845 0
41846 1
41847 0
41848 1
41849 0
41850 1
41851 1
41852 1
41853 0
41854 1
41855 1
41856 1
41857 1
41858 0
41859 0
41860 1
41861 0
41862 1
41863 0
41864 0
41865 1
41866 0
41867 1
41868 1
41869 0
41870 0
41871 0
41872 1
41873 1
41874 1
41875 1
41876 0
41877 1
41878 1
41879 1
41880 0
41881 1
41882 0
41883 0
41884 1
41885 0
41886 1
41887 1
41888 0
41889 0
41890 1
41891 0
41892 0
41893 1
41894 0
41895 1
41896 1
41897 0
41898 0
41899 0
41900 0
41901 1
41902 1
41903 1
41904 1
41905 0
41906 1
41907 0
41908 1
41909 0
41910 1
41911 0
41912 1
41913 1
41914 0
41915 1
41916 0
41917 0
41918 1
41919 0
41920 0
41921 0
41922 0
41923 1
41924 1
41925 0
41926 0
41927 0
41928 1
41929 1
41930 1
41931 1
41932 1
41933 1
41934 0
41935 0
41936 1
41937 0
41938 1
41939 0
41940 0
41941 0
41942 1
41943 1
41944 0
41945 1
41946 1
41947 1
41948 1
41949 0
41950 0
41951 1
41952 0
41953 0
41954 1
41955 1
41956 0
41957 0
41958 1
41959 0
41960 0
41961 0
41962 0
41963 1
41964 0
41965 0
41966 0
41967 0
41968 1
41969 0
41970 0
41971 0
41972 0
41973 0
41974 0
41975 0
41976 1
41977 1
41978 1
41979 1
41980 1
41981 1
41982 1
41983 1
41984 1
41985 0
41986 1
41987 1
41988 0
41989 1
41990 0
41991 1
41992 0
41993 1
41994 1
41995 1
41996 1
41997 0
41998 0
41999 1
42000 1
42001 1
42002 0
42003 1
42004 0
42005 1
42006 1
42007 1
42008 1
42009 0
42010 0
42011 1
42012 0
42013 0
42014 0
42015 0
42016 1
42017 0
42018 1
42019 1
42020 0
42021 0
42022 1
42023 0
42024 0
42025 0
42026 1
42027 1
42028 1
42029 0
42030 0
42031 0
42032 1
42033 1
42034 0
42035 0
42036 0
42037 1
42038 0
42039 0
42040 1
42041 0
42042 1
42043 0
42044 1
42045 0
42046 0
42047 1
42048 0
42049 1
42050 0
42051 0
42052 1
42053 1
42054 1
42055 0
42056 0
42057 1
42058 0
42059 0
42060 1
42061 1
42062 1
42063 0
42064 1
42065 1
42066 0
42067 1
42068 0
42069 1
42070 0
42071 0
42072 1
42073 0
42074 0
42075 1
42076 0
42077 1
42078 1
42079 0
42080 0
42081 0
42082 1
42083 1
42084 0
42085 0
42086 0
42087 0
42088 0
42089 0
42090 1
42091 0
42092 1
42093 0
42094 1
42095 1
42096 1
42097 0
42098 0
42099 1
42100 1
42101 0
42102 1
42103 0
42104 1
42105 0
42106 0
42107 0
42108 0
42109 1
42110 1
42111 0
42112 0
42113 0
42114 0
42115 1
42116 1
42117 1
42118 0
42119 0
42120 1
42121 1
42122 1
42123 1
42124 1
42125 0
42126 0
42127 0
42128 1
42129 0
42130 0
42131 1
42132 1
42133 1
42134 1
42135 1
42136 1
42137 1
42138 0
42139 1
42140 0
42141 0
42142 0
42143 0
42144 1
42145 1
42146 1
42147 0
42148 1
42149 0
42150 1
42151 0
42152 1
42153 0
42154 1
42155 0
42156 1
42157 1
42158 1
42159 1
42160 0
42161 1
42162 0
42163 0
42164 0
42165 0
42166 0
42167 0
42168 0
42169 0
42170 0
42171 0
42172 1
42173 1
42174 1
42175 0
42176 0
42177 0
42178 0
42179 0
42180 0
42181 1
42182 0
42183 0
42184 0
42185 0
42186 1
42187 1
42188 1
42189 0
42190 0
42191 1
42192 0
42193 1
42194 1
42195 1
42196 0
42197 0
42198 1
42199 1
42200 1
42201 1
42202 1
42203 1
42204 0
42205 0
42206 1
42207 1
42208 0
42209 1
42210 1
42211 1
42212 0
42213 0
42214 1
42215 0
42216 1
42217 1
42218 0
42219 1
42220 0
42221 1
42222 1
42223 1
42224 1
42225 0
42226 0
42227 0
42228 1
42229 0
42230 1
42231 1
42232 0
42233 0
42234 1
42235 1
42236 1
42237 0
42238 1
42239 1
42240 0
42241 0
42242 0
42243 1
42244 0
42245 0
42246 1
42247 0
42248 1
42249 0
42250 0
42251 0
42252 0
42253 1
42254 1
42255 0
42256 0
42257 0
42258 1
42259 1
42260 0
42261 0
42262 1
42263 1
42264 1
42265 0
42266 1
42267 1
42268 1
42269 0
42270 0
42271 0
42272 1
42273 1
42274 1
42275 1
42276 0
42277 0
42278 0
42279 1
42280 1
42281 1
42282 1
42283 1
42284 1
42285 1
42286 1
42287 1
42288 1
42289 0
42290 1
42291 0
42292 0
42293 0
42294 0
42295 1
42296 0
42297 0
42298 0
42299 1
42300 0
42301 0
42302 1
42303 1
42304 1
42305 1
42306 0
42307 0
42308 1
42309 1
42310 0
42311 0
42312 0
42313 0
42314 0
42315 1
42316 0
42317 0
42318 0
42319 1
42320 0
42321 0
42322 0
42323 1
42324 0
42325 1
42326 1
42327 0
42328 1
42329 1
42330 0
42331 0
42332 1
42333 0
42334 0
42335 0
42336 1
42337 0
42338 0
42339 1
42340 0
42341 0
42342 1
42343 1
42344 1
42345 1
42346 1
42347 1
42348 1
42349 1
42350 0
42351 0
42352 0
42353 0
42354 0
42355 0
42356 1
42357 0
42358 1
42359 1
42360 0
42361 0
42362 0
42363 1
42364 0
42365 0
42366 1
42367 1
42368 0
42369 0
42370 1
42371 1
42372 0
42373 0
42374 1
42375 0
42376 0
42377 0
42378 1
42379 1
42380 0
42381 1
42382 0
42383 1
42384 1
42385 0
42386 0
42387 1
42388 1
42389 1
42390 0
42391 1
42392 1
42393 1
42394 0
42395 0
42396 1
42397 0
42398 1
42399 0
42400 1
42401 0
42402 1
42403 0
42404 1
42405 1
42406 1
42407 1
42408 1
42409 0
42410 0
42411 1
42412 1
42413 1
42414 0
42415 0
42416 1
42417 1
42418 1
42419 0
42420 0
42421 1
42422 0
42423 0
42424 0
42425 0
42426 0
42427 1
42428 0
42429 0
42430 0
42431 1
42432 1
42433 0
42434 0
42435 0
42436 1
42437 1
42438 1
42439 0
42440 0
42441 0
42442 0
42443 0
42444 0
42445 1
42446 1
42447 0
42448 0
42449 0
42450 0
42451 0
42452 1
42453 1
42454 1
42455 0
42456 0
42457 0
42458 0
42459 0
42460 1
42461 0
42462 1
42463 1
42464 0
42465 1
42466 1
42467 1
42468 0
42469 1
42470 1
42471 1
42472 1
42473 0
42474 1
42475 0
42476 1
42477 0
42478 1
42479 1
42480 0
42481 0
42482 0
42483 1
42484 0
42485 1
42486 1
42487 1
42488 1
42489 0
42490 0
42491 0
42492 1
42493 1
42494 0
42495 1
42496 0
42497 0
42498 0
42499 0
42500 0
42501 0
42502 1
42503 1
42504 0
42505 1
42506 1
42507 0
42508 0
42509 1
42510 1
42511 1
42512 0
42513 1
42514 1
42515 1
42516 1
42517 1
42518 1
42519 0
42520 0
42521 1
42522 0
42523 0
42524 0
42525 0
42526 1
42527 0
42528 0
42529 0
42530 0
42531 0
42532 1
42533 0
42534 0
42535 1
42536 1
42537 1
42538 1
42539 1
42540 1
42541 1
42542 1
42543 0
42544 1
42545 1
42546 0
42547 1
42548 1
42549 1
42550 0
42551 0
42552 1
42553 1
42554 1
42555 0
42556 1
42557 0
42558 0
42559 0
42560 1
42561 1
42562 0
42563 0
42564 1
42565 0
42566 0
42567 1
42568 0
42569 0
42570 0
42571 0
42572 1
42573 1
42574 1
42575 1
42576 0
42577 1
42578 1
42579 0
42580 1
42581 0
42582 1
42583 0
42584 0
42585 0
42586 1
42587 0
42588 1
42589 1
42590 0
42591 1
42592 1
42593 0
42594 0
42595 0
42596 1
42597 0
42598 0
42599 0
42600 0
42601 0
42602 0
42603 1
42604 0
42605 1
42606 0
42607 0
42608 0
42609 0
42610 1
42611 0
42612 0
42613 0
42614 0
42615 1
42616 1
42617 0
42618 1
42619 1
42620 1
42621 1
42622 0
42623 1
42624 0
42625 1
42626 1
42627 0
42628 0
42629 1
42630 0
42631 1
42632 0
42633 1
42634 0
42635 0
42636 1
42637 0
42638 1
42639 0
42640 1
42641 0
42642 1
42643 1
42644 0
42645 0
42646 0
42647 0
42648 1
42649 1
42650 0
42651 1
42652 0
42653 0
42654 0
42655 1
42656 1
42657 0
42658 0
42659 1
42660 1
42661 1
42662 1
42663 0
42664 0
42665 1
42666 0
42667 0
42668 1
42669 0
42670 0
42671 1
42672 1
42673 1
42674 0
42675 0
42676 1
42677 0
42678 1
42679 0
42680 0
42681 1
42682 1
42683 0
42684 1
42685 1
42686 1
42687 0
42688 0
42689 1
42690 0
42691 1
42692 0
42693 0
42694 0
42695 0
42696 0
42697 0
42698 0
42699 0
42700 1
42701 0
42702 1
42703 0
42704 0
42705 0
42706 0
42707 1
42708 1
42709 1
42710 0
42711 0
42712 1
42713 0
42714 1
42715 0
42716 1
42717 1
42718 0
42719 1
42720 0
42721 1
42722 1
42723 1
42724 1
42725 0
42726 1
42727 0
42728 0
42729 0
42730 0
42731 1
42732 1
42733 0
42734 1
42735 1
42736 0
42737 0
42738 0
42739 1
42740 1
42741 1
42742 0
42743 1
42744 0
42745 0
42746 0
42747 0
42748 1
42749 0
42750 1
42751 1
42752 1
42753 1
42754 0
42755 1
42756 0
42757 0
42758 1
42759 1
42760 1
42761 0
42762 1
42763 1
42764 0
42765 0
42766 1
42767 1
42768 1
42769 0
42770 0
42771 1
42772 0
42773 1
42774 1
42775 0
42776 1
42777 0
42778 1
42779 0
42780 1
42781 1
42782 0
42783 1
42784 0
42785 1
42786 0
42787 1
42788 1
42789 0
42790 1
42791 1
42792 0
42793 1
42794 0
42795 0
42796 0
42797 1
42798 1
42799 0
42800 0
42801 1
42802 0
42803 0
42804 0
42805 0
42806 0
42807 1
42808 1
42809 0
42810 1
42811 1
42812 1
42813 1
42814 1
42815 0
42816 0
42817 0
42818 1
42819 1
42820 1
42821 0
42822 0
42823 1
42824 0
42825 0
42826 0
42827 1
42828 1
42829 1
42830 1
42831 1
42832 0
42833 1
42834 1
42835 1
42836 1
42837 0
42838 1
42839 0
42840 0
42841 1
42842 0
42843 1
42844 1
42845 0
42846 0
42847 1
42848 1
42849 0
42850 1
42851 1
42852 0
42853 1
42854 0
42855 0
42856 1
42857 1
42858 0
42859 0
42860 1
42861 1
42862 1
42863 1
42864 1
42865 1
42866 0
42867 1
42868 1
42869 1
42870 0
42871 1
42872 0
42873 1
42874 1
42875 0
42876 0
42877 0
42878 1
42879 1
42880 1
42881 0
42882 0
42883 1
42884 1
42885 1
42886 0
42887 0
42888 0
42889 0
42890 0
42891 0
42892 1
42893 1
42894 0
42895 1
42896 1
42897 0
42898 1
42899 0
42900 1
42901 0
42902 0
42903 1
42904 1
42905 1
42906 1
42907 0
42908 1
42909 1
42910 0
42911 0
42912 1
42913 0
42914 1
42915 0
42916 1
42917 1
42918 1
42919 1
42920 1
42921 1
42922 1
42923 0
42924 1
42925 0
42926 1
42927 0
42928 1
42929 1
42930 0
42931 0
42932 1
42933 1
42934 0
42935 1
42936 1
42937 1
42938 0
42939 1
42940 0
42941 0
42942 1
42943 1
42944 1
42945 0
42946 0
42947 1
42948 0
42949 0
42950 0
42951 0
42952 1
42953 1
42954 1
42955 0
42956 1
42957 1
42958 0
42959 0
42960 0
42961 0
42962 1
42963 0
42964 0
42965 1
42966 0
42967 0
42968 1
42969 1
42970 1
42971 1
42972 0
42973 0
42974 1
42975 1
42976 1
42977 0
42978 0
42979 1
42980 0
42981 0
42982 1
42983 1
42984 0
42985 1
42986 0
42987 0
42988 1
42989 1
42990 0
42991 1
42992 1
42993 0
42994 0
42995 1
42996 1
42997 0
42998 1
42999 0
43000 1
43001 1
43002 1
43003 1
43004 0
43005 0
43006 0
43007 1
43008 1
43009 0
43010 1
43011 1
43012 1
43013 0
43014 1
43015 0
43016 0
43017 1
43018 1
43019 0
43020 0
43021 1
43022 0
43023 0
43024 0
43025 0
43026 1
43027 1
43028 1
43029 0
43030 0
43031 1
43032 1
43033 0
43034 1
43035 1
43036 1
43037 1
43038 0
43039 1
43040 1
43041 1
43042 1
43043 0
43044 1
43045 1
43046 1
43047 0
43048 0
43049 0
43050 0
43051 0
43052 0
43053 1
43054 0
43055 0
43056 1
43057 1
43058 1
43059 0
43060 1
43061 1
43062 1
43063 1
43064 1
43065 1
43066 0
43067 1
43068 0
43069 0
43070 0
43071 1
43072 0
43073 1
43074 1
43075 1
43076 1
43077 1
43078 1
43079 1
43080 0
43081 1
43082 0
43083 1
43084 1
43085 1
43086 0
43087 0
43088 0
43089 0
43090 0
43091 0
43092 1
43093 0
43094 0
43095 0
43096 1
43097 0
43098 1
43099 0
43100 0
43101 1
43102 0
43103 0
43104 1
43105 0
43106 0
43107 0
43108 1
43109 1
43110 1
43111 1
43112 1
43113 1
43114 0
43115 1
43116 1
43117 0
43118 0
43119 1
43120 0
43121 0
43122 1
43123 0
43124 1
43125 0
43126 1
43127 1
43128 1
43129 0
43130 0
43131 0
43132 0
43133 1
43134 0
43135 0
43136 1
43137 1
43138 0
43139 1
43140 0
43141 0
43142 1
43143 1
43144 1
43145 0
43146 0
43147 0
43148 0
43149 1
43150 1
43151 0
43152 1
43153 0
43154 1
43155 1
43156 1
43157 1
43158 0
43159 0
43160 1
43161 1
43162 1
43163 0
43164 0
43165 1
43166 1
43167 1
43168 1
43169 0
43170 1
43171 1
43172 0
43173 1
43174 1
43175 1
43176 0
43177 0
43178 0
43179 1
43180 1
43181 0
43182 0
43183 0
43184 0
43185 0
43186 0
43187 1
43188 1
43189 0
43190 0
43191 0
43192 1
43193 0
43194 0
43195 1
43196 1
43197 0
43198 0
43199 1
43200 0
43201 0
43202 0
43203 0
43204 0
43205 1
43206 0
43207 0
43208 1
43209 0
43210 0
43211 1
43212 1
43213 1
43214 1
43215 1
43216 0
43217 1
43218 0
43219 0
43220 1
43221 0
43222 0
43223 0
43224 1
43225 0
43226 0
43227 1
43228 1
43229 1
43230 1
43231 0
43232 1
43233 0
43234 1
43235 0
43236 1
43237 0
43238 0
43239 1
43240 0
43241 0
43242 0
43243 1
43244 0
43245 1
43246 1
43247 0
43248 0
43249 1
43250 0
43251 0
43252 1
43253 0
43254 1
43255 0
43256 0
43257 1
43258 1
43259 0
43260 0
43261 0
43262 0
43263 1
43264 0
43265 0
43266 0
43267 0
43268 1
43269 1
43270 0
43271 1
43272 0
43273 0
43274 1
43275 0
43276 1
43277 0
43278 0
43279 0
43280 0
43281 0
43282 1
43283 0
43284 1
43285 1
43286 1
43287 0
43288 0
43289 0
43290 0
43291 1
43292 0
43293 0
43294 0
43295 0
43296 0
43297 1
43298 0
43299 0
43300 0
43301 0
43302 1
43303 1
43304 1
43305 1
43306 1
43307 1
43308 0
43309 0
43310 0
43311 1
43312 1
43313 0
43314 0
43315 1
43316 0
43317 1
43318 0
43319 0
43320 1
43321 0
43322 1
43323 1
43324 0
43325 1
43326 1
43327 1
43328 1
43329 1
43330 1
43331 0
43332 1
43333 1
43334 1
43335 0
43336 1
43337 0
43338 0
43339 1
43340 0
43341 0
43342 0
43343 1
43344 1
43345 0
43346 1
43347 1
43348 0
43349 0
43350 0
43351 0
43352 1
43353 1
43354 0
43355 0
43356 0
43357 0
43358 0
43359 1
43360 0
43361 1
43362 1
43363 0
43364 0
43365 1
43366 1
43367 0
43368 1
43369 1
43370 1
43371 0
43372 0
43373 0
43374 0
43375 1
43376 1
43377 1
43378 0
43379 0
43380 1
43381 1
43382 0
43383 1
43384 0
43385 0
43386 1
43387 0
43388 1
43389 1
43390 1
43391 1
43392 1
43393 1
43394 0
43395 1
43396 0
43397 1
43398 1
43399 0
43400 0
43401 0
43402 0
43403 1
43404 1
43405 0
43406 1
43407 1
43408 1
43409 0
43410 0
43411 0
43412 0
43413 1
43414 0
43415 1
43416 0
43417 1
43418 0
43419 1
43420 0
43421 0
43422 0
43423 1
43424 0
43425 1
43426 0
43427 0
43428 1
43429 1
43430 1
43431 0
43432 1
43433 1
43434 0
43435 0
43436 0
43437 1
43438 1
43439 0
43440 1
43441 1
43442 0
43443 0
43444 0
43445 0
43446 0
43447 1
43448 1
43449 1
43450 1
43451 0
43452 1
43453 1
43454 1
43455 0
43456 0
43457 1
43458 0
43459 0
43460 0
43461 1
43462 1
43463 1
43464 0
43465 0
43466 0
43467 0
43468 0
43469 1
43470 0
43471 1
43472 0
43473 1
43474 0
43475 0
43476 0
43477 1
43478 0
43479 0
43480 0
43481 0
43482 1
43483 0
43484 1
43485 0
43486 0
43487 1
43488 1
43489 1
43490 1
43491 1
43492 1
43493 0
43494 1
43495 1
43496 0
43497 0
43498 1
43499 1
43500 0
43501 1
43502 1
43503 0
43504 0
43505 1
43506 1
43507 0
43508 0
43509 0
43510 0
43511 0
43512 1
43513 1
43514 0
43515 1
43516 0
43517 1
43518 0
43519 0
43520 1
43521 0
43522 1
43523 0
43524 0
43525 0
43526 0
43527 0
43528 0
43529 0
43530 0
43531 0
43532 1
43533 1
43534 1
43535 0
43536 1
43537 0
43538 1
43539 1
43540 1
43541 1
43542 0
43543 0
43544 0
43545 1
43546 0
43547 0
43548 1
43549 0
43550 0
43551 0
43552 0
43553 1
43554 0
43555 1
43556 1
43557 1
43558 0
43559 1
43560 1
43561 1
43562 1
43563 1
43564 0
43565 0
43566 1
43567 0
43568 0
43569 0
43570 1
43571 1
43572 1
43573 1
43574 1
43575 1
43576 1
43577 0
43578 0
43579 1
43580 1
43581 0
43582 0
43583 0
43584 0
43585 0
43586 1
43587 1
43588 1
43589 0
43590 1
43591 0
43592 1
43593 1
43594 0
43595 0
43596 0
43597 1
43598 1
43599 0
43600 0
43601 0
43602 0
43603 1
43604 1
43605 0
43606 0
43607 0
43608 1
43609 0
43610 1
43611 0
43612 1
43613 0
43614 0
43615 1
43616 0
43617 0
43618 1
43619 0
43620 0
43621 0
43622 0
43623 1
43624 0
43625 1
43626 0
43627 1
43628 0
43629 0
43630 0
43631 1
43632 1
43633 1
43634 0
43635 0
43636 0
43637 1
43638 1
43639 0
43640 1
43641 1
43642 1
43643 0
43644 0
43645 1
43646 1
43647 0
43648 1
43649 1
43650 1
43651 1
43652 1
43653 0
43654 0
43655 0
43656 0
43657 1
43658 0
43659 1
43660 0
43661 0
43662 0
43663 0
43664 1
43665 0
43666 1
43667 1
43668 0
43669 1
43670 1
43671 0
43672 0
43673 0
43674 0
43675 0
43676 1
43677 0
43678 1
43679 0
43680 1
43681 0
43682 0
43683 1
43684 1
43685 1
43686 1
43687 1
43688 0
43689 1
43690 1
43691 0
43692 0
43693 1
43694 0
43695 0
43696 0
43697 1
43698 0
43699 0
43700 0
43701 1
43702 0
43703 1
43704 0
43705 0
43706 1
43707 0
43708 1
43709 1
43710 1
43711 0
43712 1
43713 0
43714 0
43715 0
43716 0
43717 0
43718 1
43719 1
43720 1
43721 1
43722 1
43723 0
43724 0
43725 0
43726 0
43727 1
43728 0
43729 1
43730 1
43731 0
43732 0
43733 0
43734 0
43735 1
43736 1
43737 1
43738 0
43739 1
43740 0
43741 1
43742 0
43743 1
43744 1
43745 0
43746 0
43747 0
43748 0
43749 1
43750 0
43751 0
43752 1
43753 1
43754 0
43755 1
43756 0
43757 1
43758 0
43759 1
43760 0
43761 1
43762 0
43763 0
43764 0
43765 1
43766 0
43767 1
43768 1
43769 1
43770 0
43771 0
43772 0
43773 0
43774 0
43775 1
43776 1
43777 1
43778 1
43779 1
43780 0
43781 0
43782 1
43783 0
43784 0
43785 0
43786 0
43787 1
43788 1
43789 0
43790 0
43791 0
43792 1
43793 0
43794 0
43795 1
43796 1
43797 1
43798 0
43799 0
43800 1
43801 0
43802 0
43803 0
43804 1
43805 1
43806 0
43807 0
43808 1
43809 0
43810 1
43811 0
43812 1
43813 0
43814 1
43815 1
43816 0
43817 1
43818 0
43819 0
43820 1
43821 1
43822 0
43823 1
43824 1
43825 1
43826 1
43827 1
43828 1
43829 0
43830 0
43831 0
43832 0
43833 1
43834 1
43835 0
43836 1
43837 0
43838 1
43839 1
43840 0
43841 0
43842 1
43843 0
43844 0
43845 1
43846 1
43847 0
43848 0
43849 1
43850 0
43851 1
43852 1
43853 1
43854 1
43855 1
43856 1
43857 0
43858 1
43859 1
43860 1
43861 0
43862 1
43863 1
43864 0
43865 1
43866 0
43867 0
43868 0
43869 1
43870 0
43871 0
43872 0
43873 1
43874 0
43875 0
43876 1
43877 1
43878 0
43879 0
43880 0
43881 0
43882 0
43883 0
43884 0
43885 1
43886 0
43887 1
43888 1
43889 1
43890 1
43891 1
43892 0
43893 1
43894 0
43895 1
43896 1
43897 0
43898 0
43899 0
43900 0
43901 0
43902 1
43903 0
43904 0
43905 0
43906 1
43907 1
43908 0
43909 1
43910 0
43911 0
43912 1
43913 1
43914 0
43915 0
43916 1
43917 0
43918 0
43919 1
43920 1
43921 1
43922 0
43923 1
43924 1
43925 1
43926 1
43927 0
43928 0
43929 0
43930 0
43931 1
43932 1
43933 0
43934 0
43935 1
43936 1
43937 0
43938 1
43939 1
43940 0
43941 1
43942 0
43943 0
43944 0
43945 1
43946 1
43947 0
43948 1
43949 0
43950 0
43951 0
43952 1
43953 0
43954 0
43955 1
43956 0
43957 1
43958 1
43959 0
43960 1
43961 0
43962 1
43963 1
43964 1
43965 0
43966 1
43967 0
43968 1
43969 0
43970 0
43971 0
43972 0
43973 0
43974 1
43975 0
43976 1
43977 0
43978 1
43979 1
43980 1
43981 1
43982 0
43983 1
43984 0
43985 1
43986 1
43987 1
43988 0
43989 0
43990 1
43991 0
43992 0
43993 1
43994 1
43995 0
43996 1
43997 1
43998 1
43999 0
44000 0
44001 0
44002 0
44003 1
44004 0
44005 0
44006 0
44007 0
44008 1
44009 0
44010 0
44011 0
44012 1
44013 1
44014 0
44015 1
44016 0
44017 1
44018 0
44019 1
44020 1
44021 1
44022 1
44023 0
44024 0
44025 0
44026 0
44027 0
44028 0
44029 1
44030 1
44031 1
44032 0
44033 1
44034 1
44035 1
44036 1
44037 1
44038 0
44039 1
44040 1
44041 1
44042 0
44043 0
44044 1
44045 0
44046 0
44047 1
44048 0
44049 0
44050 0
44051 1
44052 0
44053 0
44054 0
44055 0
44056 0
44057 0
44058 0
44059 1
44060 1
44061 0
44062 0
44063 1
44064 1
44065 0
44066 0
44067 1
44068 1
44069 1
44070 0
44071 0
44072 0
44073 1
44074 1
44075 0
44076 1
44077 0
44078 1
44079 1
44080 1
44081 1
44082 0
44083 0
44084 0
44085 0
44086 0
44087 0
44088 0
44089 0
44090 1
44091 0
44092 0
44093 0
44094 0
44095 1
44096 1
44097 0
44098 1
44099 1
44100 0
44101 1
44102 1
44103 0
44104 1
44105 0
44106 0
44107 0
44108 1
44109 0
44110 0
44111 0
44112 0
44113 1
44114 0
44115 0
44116 1
44117 1
44118 1
44119 1
44120 0
44121 0
44122 0
44123 1
44124 1
44125 1
44126 1
44127 1
44128 0
44129 1
44130 0
44131 1
44132 0
44133 0
44134 0
44135 0
44136 0
44137 0
44138 0
44139 1
44140 0
44141 1
44142 0
44143 0
44144 0
44145 1
44146 1
44147 1
44148 0
44149 0
44150 1
44151 1
44152 0
44153 1
44154 1
44155 0
44156 0
44157 1
44158 1
44159 0
44160 1
44161 1
44162 0
44163 1
44164 0
44165 1
44166 1
44167 0
44168 0
44169 1
44170 1
44171 1
44172 0
44173 0
44174 0
44175 1
44176 1
44177 1
44178 0
44179 1
44180 0
44181 0
44182 0
44183 0
44184 0
44185 1
44186 1
44187 0
44188 0
44189 1
44190 0
44191 1
44192 1
44193 0
44194 0
44195 0
44196 0
44197 1
44198 1
44199 1
44200 0
44201 0
44202 1
44203 1
44204 0
44205 0
44206 1
44207 0
44208 1
44209 1
44210 1
44211 1
44212 1
44213 0
44214 1
44215 1
44216 1
44217 0
44218 0
44219 1
44220 1
44221 0
44222 1
44223 1
44224 1
44225 0
44226 0
44227 0
44228 0
44229 0
44230 0
44231 1
44232 0
44233 1
44234 1
44235 1
44236 0
44237 1
44238 1
44239 1
44240 1
44241 0
44242 0
44243 0
44244 0
44245 0
44246 1
44247 0
44248 1
44249 1
44250 1
44251 1
44252 0
44253 1
44254 1
44255 0
44256 1
44257 1
44258 0
44259 1
44260 0
44261 0
44262 0
44263 1
44264 1
44265 1
44266 1
44267 0
44268 0
44269 1
44270 0
44271 0
44272 1
44273 1
44274 1
44275 1
44276 1
44277 1
44278 0
44279 0
44280 1
44281 0
44282 1
44283 0
44284 1
44285 1
44286 1
44287 0
44288 1
44289 0
44290 1
44291 0
44292 0
44293 1
44294 1
44295 0
44296 1
44297 0
44298 1
44299 0
44300 0
44301 0
44302 0
44303 1
44304 0
44305 1
44306 0
44307 1
44308 0
44309 1
44310 1
44311 0
44312 1
44313 1
44314 0
44315 1
44316 0
44317 1
44318 0
44319 1
44320 0
44321 1
44322 0
44323 0
44324 1
44325 0
44326 1
44327 1
44328 1
44329 0
44330 0
44331 1
44332 0
44333 1
44334 0
44335 1
44336 0
44337 0
44338 1
44339 0
44340 1
44341 1
44342 1
44343 1
44344 1
44345 0
44346 0
44347 1
44348 1
44349 0
44350 0
44351 1
44352 1
44353 0
44354 1
44355 1
44356 1
44357 0
44358 1
44359 1
44360 1
44361 0
44362 1
44363 0
44364 1
44365 1
44366 0
44367 1
44368 0
44369 0
44370 1
44371 1
44372 0
44373 0
44374 0
44375 1
44376 0
44377 0
44378 0
44379 0
44380 1
44381 1
44382 1
44383 1
44384 0
44385 0
44386 1
44387 0
44388 1
44389 1
44390 1
44391 0
44392 1
44393 0
44394 1
44395 1
44396 0
44397 1
44398 0
44399 1
44400 0
44401 1
44402 0
44403 1
44404 0
44405 1
44406 1
44407 0
44408 0
44409 0
44410 0
44411 0
44412 0
44413 1
44414 0
44415 1
44416 0
44417 0
44418 1
44419 1
44420 0
44421 1
44422 0
44423 0
44424 0
44425 0
44426 1
44427 1
44428 1
44429 0
44430 1
44431 0
44432 0
44433 0
44434 1
44435 0
44436 0
44437 0
44438 1
44439 0
44440 0
44441 0
44442 1
44443 0
44444 0
44445 1
44446 1
44447 1
44448 0
44449 1
44450 1
44451 0
44452 0
44453 1
44454 0
44455 0
44456 1
44457 0
44458 1
44459 1
44460 1
44461 0
44462 1
44463 0
44464 1
44465 1
44466 1
44467 0
44468 1
44469 1
44470 0
44471 1
44472 0
44473 1
44474 0
44475 1
44476 0
44477 0
44478 1
44479 1
44480 0
44481 1
44482 1
44483 1
44484 1
44485 1
44486 0
44487 1
44488 1
44489 1
44490 1
44491 0
44492 0
44493 0
44494 0
44495 0
44496 0
44497 0
44498 0
44499 0
44500 1
44501 0
44502 0
44503 1
44504 0
44505 1
44506 0
44507 1
44508 0
44509 0
44510 0
44511 1
44512 0
44513 0
44514 0
44515 1
44516 0
44517 0
44518 0
44519 0
44520 0
44521 0
44522 1
44523 1
44524 0
44525 1
44526 0
44527 0
44528 1
44529 0
44530 1
44531 0
44532 1
44533 1
44534 0
44535 0
44536 1
44537 0
44538 1
44539 0
44540 0
44541 1
44542 1
44543 1
44544 0
44545 0
44546 0
44547 0
44548 0
44549 0
44550 1
44551 1
44552 1
44553 1
44554 0
44555 1
44556 1
44557 0
44558 1
44559 0
44560 0
44561 0
44562 0
44563 0
44564 1
44565 1
44566 0
44567 0
44568 1
44569 1
44570 1
44571 0
44572 1
44573 0
44574 1
44575 0
44576 1
44577 0
44578 1
44579 0
44580 0
44581 0
44582 1
44583 1
44584 1
44585 1
44586 0
44587 1
44588 1
44589 1
44590 0
44591 1
44592 1
44593 0
44594 1
44595 0
44596 1
44597 0
44598 1
44599 1
44600 0
44601 0
44602 0
44603 1
44604 0
44605 0
44606 1
44607 1
44608 0
44609 1
44610 1
44611 0
44612 1
44613 0
44614 0
44615 0
44616 1
44617 0
44618 1
44619 1
44620 1
44621 1
44622 0
44623 1
44624 1
44625 1
44626 1
44627 1
44628 0
44629 0
44630 1
44631 0
44632 0
44633 1
44634 1
44635 0
44636 1
44637 1
44638 0
44639 1
44640 0
44641 0
44642 1
44643 1
44644 1
44645 0
44646 0
44647 0
44648 0
44649 0
44650 0
44651 0
44652 0
44653 1
44654 1
44655 0
44656 1
44657 1
44658 0
44659 1
44660 1
44661 1
44662 0
44663 1
44664 1
44665 1
44666 1
44667 0
44668 0
44669 1
44670 1
44671 0
44672 0
44673 1
44674 1
44675 1
44676 0
44677 1
44678 1
44679 0
44680 1
44681 1
44682 0
44683 1
44684 0
44685 0
44686 1
44687 0
44688 0
44689 0
44690 1
44691 1
44692 1
44693 1
44694 1
44695 1
44696 1
44697 1
44698 0
44699 1
44700 0
44701 1
44702 0
44703 0
44704 0
44705 1
44706 1
44707 0
44708 0
44709 1
44710 0
44711 0
44712 0
44713 1
44714 1
44715 1
44716 1
44717 0
44718 1
44719 1
44720 1
44721 0
44722 0
44723 1
44724 1
44725 0
44726 0
44727 1
44728 0
44729 0
44730 0
44731 1
44732 0
44733 0
44734 0
44735 1
44736 1
44737 0
44738 0
44739 1
44740 1
44741 1
44742 0
44743 1
44744 0
44745 1
44746 1
44747 1
44748 1
44749 1
44750 0
44751 0
44752 1
44753 1
44754 0
44755 0
44756 0
44757 0
44758 1
44759 1
44760 0
44761 0
44762 1
44763 0
44764 1
44765 1
44766 0
44767 0
44768 1
44769 1
44770 0
44771 1
44772 0
44773 0
44774 1
44775 1
44776 0
44777 0
44778 0
44779 1
44780 1
44781 0
44782 0
44783 0
44784 0
44785 0
44786 1
44787 0
44788 0
44789 1
44790 1
44791 0
44792 1
44793 1
44794 0
44795 0
44796 1
44797 1
44798 1
44799 1
44800 1
44801 1
44802 0
44803 1
44804 1
44805 0
44806 1
44807 1
44808 0
44809 1
44810 1
44811 1
44812 1
44813 1
44814 0
44815 1
44816 0
44817 0
44818 0
44819 0
44820 1
44821 0
44822 1
44823 1
44824 1
44825 0
44826 0
44827 1
44828 1
44829 1
44830 0
44831 1
44832 1
44833 1
44834 0
44835 0
44836 1
44837 1
44838 1
44839 1
44840 0
44841 1
44842 0
44843 1
44844 0
44845 1
44846 1
44847 1
44848 0
44849 1
44850 0
44851 0
44852 0
44853 1
44854 1
44855 1
44856 1
44857 0
44858 1
44859 0
44860 1
44861 0
44862 0
44863 0
44864 0
44865 1
44866 0
44867 0
44868 0
44869 1
44870 0
44871 0
44872 0
44873 0
44874 0
44875 1
44876 1
44877 0
44878 1
44879 1
44880 1
44881 0
44882 0
44883 0
44884 0
44885 0
44886 1
44887 1
44888 1
44889 1
44890 0
44891 0
44892 0
44893 0
44894 0
44895 1
44896 0
44897 0
44898 0
44899 0
44900 0
44901 1
44902 0
44903 0
44904 0
44905 1
44906 1
44907 1
44908 0
44909 0
44910 0
44911 1
44912 0
44913 0
44914 0
44915 0
44916 0
44917 1
44918 0
44919 0
44920 0
44921 0
44922 0
44923 0
44924 1
44925 1
44926 1
44927 1
44928 0
44929 0
44930 0
44931 1
44932 1
44933 0
44934 0
44935 1
44936 0
44937 1
44938 1
44939 0
44940 0
44941 1
44942 0
44943 0
44944 1
44945 1
44946 0
44947 0
44948 0
44949 1
44950 1
44951 0
44952 1
44953 1
44954 1
44955 1
44956 1
44957 0
44958 1
44959 0
44960 1
44961 1
44962 1
44963 1
44964 1
44965 1
44966 0
44967 0
44968 0
44969 0
44970 0
44971 1
44972 0
44973 1
44974 0
44975 1
44976 0
44977 1
44978 0
44979 0
44980 0
44981 0
44982 1
44983 1
44984 1
44985 0
44986 0
44987 0
44988 0
44989 0
44990 0
44991 1
44992 1
44993 1
44994 0
44995 0
44996 1
44997 0
44998 0
44999 1
45000 0
45001 1
45002 1
45003 1
45004 0
45005 1
45006 1
45007 1
45008 0
45009 1
45010 1
45011 0
45012 1
45013 1
45014 0
45015 0
45016 0
45017 1
45018 1
45019 0
45020 1
45021 0
45022 0
45023 1
45024 1
45025 1
45026 1
45027 1
45028 1
45029 0
45030 1
45031 1
45032 1
45033 1
45034 0
45035 0
45036 0
45037 0
45038 1
45039 1
45040 1
45041 0
45042 1
45043 0
45044 1
45045 1
45046 0
45047 0
45048 1
45049 0
45050 1
45051 1
45052 0
45053 0
45054 1
45055 0
45056 0
45057 0
45058 1
45059 1
45060 0
45061 0
45062 0
45063 1
45064 1
45065 0
45066 1
45067 1
45068 1
45069 0
45070 1
45071 0
45072 1
45073 1
45074 1
45075 0
45076 0
45077 1
45078 0
45079 0
45080 0
45081 1
45082 1
45083 1
45084 1
45085 0
45086 0
45087 1
45088 0
45089 1
45090 0
45091 0
45092 1
45093 1
45094 0
45095 0
45096 0
45097 1
45098 1
45099 1
45100 0
45101 1
45102 0
45103 0
45104 0
45105 1
45106 0
45107 0
45108 1
45109 0
45110 0
45111 0
45112 0
45113 0
45114 0
45115 1
45116 1
45117 1
45118 1
45119 0
45120 1
45121 1
45122 1
45123 0
45124 1
45125 1
45126 1
45127 0
45128 0
45129 0
45130 1
45131 1
45132 1
45133 0
45134 0
45135 0
45136 1
45137 1
45138 0
45139 0
45140 1
45141 0
45142 0
45143 0
45144 0
45145 1
45146 1
45147 0
45148 1
45149 1
45150 0
45151 0
45152 0
45153 0
45154 0
45155 1
45156 0
45157 0
45158 1
45159 0
45160 1
45161 1
45162 1
45163 0
45164 1
45165 0
45166 0
45167 0
45168 1
45169 1
45170 1
45171 0
45172 0
45173 1
45174 1
45175 0
45176 0
45177 0
45178 0
45179 1
45180 1
45181 0
45182 1
45183 0
45184 0
45185 1
45186 0
45187 0
45188 1
45189 1
45190 0
45191 0
45192 0
45193 0
45194 1
45195 0
45196 0
45197 1
45198 1
45199 1
45200 0
45201 0
45202 1
45203 1
45204 1
45205 0
45206 1
45207 1
45208 0
45209 0
45210 0
45211 1
45212 1
45213 1
45214 1
45215 0
45216 1
45217 0
45218 1
45219 1
45220 0
45221 1
45222 1
45223 0
45224 1
45225 0
45226 0
45227 1
45228 0
45229 0
45230 1
45231 1
45232 0
45233 1
45234 1
45235 0
45236 1
45237 0
45238 1
45239 1
45240 0
45241 1
45242 0
45243 1
45244 1
45245 1
45246 0
45247 1
45248 0
45249 0
45250 0
45251 0
45252 0
45253 0
45254 1
45255 0
45256 1
45257 0
45258 0
45259 1
45260 1
45261 1
45262 1
45263 1
45264 0
45265 0
45266 1
45267 0
45268 0
45269 0
45270 1
45271 1
45272 0
45273 1
45274 0
45275 1
45276 0
45277 0
45278 1
45279 0
45280 1
45281 1
45282 0
45283 1
45284 0
45285 1
45286 1
45287 1
45288 1
45289 1
45290 0
45291 1
45292 0
45293 1
45294 1
45295 1
45296 1
45297 0
45298 1
45299 1
45300 1
45301 0
45302 0
45303 0
45304 0
45305 1
45306 1
45307 1
45308 0
45309 1
45310 0
45311 1
45312 0
45313 0
45314 0
45315 1
45316 1
45317 1
45318 1
45319 1
45320 0
45321 1
45322 1
45323 1
45324 0
45325 0
45326 1
45327 1
45328 1
45329 0
45330 0
45331 0
45332 0
45333 1
45334 0
45335 0
45336 1
45337 0
45338 1
45339 1
45340 0
45341 1
45342 1
45343 1
45344 1
45345 1
45346 0
45347 0
45348 1
45349 0
45350 1
45351 1
45352 1
45353 0
45354 1
45355 1
45356 0
45357 1
45358 0
45359 1
45360 1
45361 1
45362 1
45363 1
45364 0
45365 0
45366 0
45367 0
45368 0
45369 1
45370 1
45371 0
45372 0
45373 1
45374 1
45375 0
45376 0
45377 0
45378 0
45379 1
45380 0
45381 0
45382 0
45383 0
45384 0
45385 0
45386 0
45387 0
45388 1
45389 0
45390 1
45391 0
45392 1
45393 1
45394 0
45395 1
45396 1
45397 1
45398 0
45399 0
45400 1
45401 1
45402 1
45403 0
45404 0
45405 1
45406 0
45407 0
45408 1
45409 0
45410 0
45411 0
45412 1
45413 1
45414 1
45415 1
45416 0
45417 1
45418 1
45419 0
45420 1
45421 1
45422 1
45423 1
45424 0
45425 0
45426 1
45427 0
45428 0
45429 0
45430 0
45431 0
45432 0
45433 0
45434 0
45435 0
45436 1
45437 0
45438 1
45439 1
45440 1
45441 0
45442 0
45443 0
45444 0
45445 0
45446 1
45447 0
45448 0
45449 1
45450 1
45451 0
45452 0
45453 0
45454 0
45455 0
45456 0
45457 1
45458 1
45459 0
45460 0
45461 1
45462 0
45463 0
45464 0
45465 0
45466 0
45467 1
45468 0
45469 1
45470 1
45471 0
45472 0
45473 0
45474 1
45475 1
45476 0
45477 1
45478 0
45479 0
45480 1
45481 0
45482 1
45483 0
45484 0
45485 1
45486 0
45487 0
45488 0
45489 1
45490 0
45491 1
45492 1
45493 1
45494 1
45495 0
45496 1
45497 1
45498 0
45499 1
45500 0
45501 1
45502 0
45503 1
45504 1
45505 0
45506 1
45507 1
45508 1
45509 0
45510 0
45511 1
45512 0
45513 1
45514 1
45515 1
45516 1
45517 0
45518 0
45519 0
45520 1
45521 0
45522 0
45523 0
45524 1
45525 1
45526 1
45527 1
45528 0
45529 0
45530 1
45531 0
45532 0
45533 0
45534 1
45535 0
45536 0
45537 1
45538 1
45539 1
45540 1
45541 1
45542 1
45543 1
45544 1
45545 1
45546 1
45547 0
45548 1
45549 1
45550 1
45551 1
45552 1
45553 0
45554 0
45555 0
45556 0
45557 0
45558 0
45559 1
45560 0
45561 0
45562 0
45563 0
45564 0
45565 0
45566 0
45567 0
45568 0
45569 0
45570 0
45571 1
45572 1
45573 1
45574 1
45575 1
45576 0
45577 1
45578 1
45579 0
45580 1
45581 0
45582 1
45583 1
45584 0
45585 0
45586 1
45587 1
45588 0
45589 1
45590 1
45591 1
45592 1
45593 0
45594 0
45595 0
45596 0
45597 1
45598 0
45599 0
45600 0
45601 0
45602 0
45603 1
45604 1
45605 1
45606 0
45607 1
45608 0
45609 1
45610 0
45611 1
45612 0
45613 0
45614 1
45615 1
45616 1
45617 0
45618 1
45619 0
45620 0
45621 1
45622 1
45623 0
45624 0
45625 1
45626 1
45627 1
45628 1
45629 0
45630 1
45631 1
45632 0
45633 1
45634 0
45635 1
45636 0
45637 1
45638 0
45639 0
45640 0
45641 1
45642 1
45643 0
45644 0
45645 0
45646 0
45647 0
45648 1
45649 0
45650 0
45651 0
45652 1
45653 1
45654 1
45655 1
45656 1
45657 0
45658 0
45659 1
45660 1
45661 0
45662 0
45663 1
45664 1
45665 1
45666 0
45667 0
45668 0
45669 0
45670 0
45671 0
45672 0
45673 1
45674 1
45675 0
45676 1
45677 1
45678 0
45679 1
45680 0
45681 0
45682 0
45683 0
45684 1
45685 0
45686 1
45687 0
45688 0
45689 0
45690 0
45691 0
45692 0
45693 1
45694 1
45695 0
45696 1
45697 1
45698 1
45699 0
45700 1
45701 1
45702 1
45703 1
45704 0
45705 1
45706 1
45707 0
45708 1
45709 1
45710 1
45711 1
45712 0
45713 1
45714 0
45715 0
45716 0
45717 1
45718 0
45719 0
45720 0
45721 1
45722 1
45723 0
45724 1
45725 1
45726 1
45727 1
45728 0
45729 0
45730 0
45731 1
45732 0
45733 1
45734 0
45735 0
45736 1
45737 1
45738 1
45739 0
45740 0
45741 1
45742 1
45743 0
45744 1
45745 0
45746 1
45747 0
45748 1
45749 0
45750 1
45751 1
45752 1
45753 0
45754 0
45755 1
45756 0
45757 1
45758 0
45759 1
45760 0
45761 1
45762 1
45763 0
45764 0
45765 0
45766 1
45767 1
45768 1
45769 0
45770 1
45771 1
45772 0
45773 1
45774 1
45775 0
45776 1
45777 1
45778 0
45779 0
45780 1
45781 1
45782 1
45783 0
45784 1
45785 1
45786 0
45787 1
45788 1
45789 1
45790 0
45791 0
45792 1
45793 1
45794 0
45795 1
45796 0
45797 1
45798 1
45799 1
45800 0
45801 1
45802 1
45803 0
45804 0
45805 0
45806 1
45807 0
45808 0
45809 0
45810 1
45811 0
45812 0
45813 1
45814 0
45815 1
45816 0
45817 0
45818 0
45819 1
45820 1
45821 1
45822 1
45823 0
45824 1
45825 1
45826 0
45827 1
45828 0
45829 0
45830 1
45831 0
45832 0
45833 0
45834 0
45835 1
45836 0
45837 1
45838 0
45839 1
45840 1
45841 0
45842 0
45843 1
45844 0
45845 1
45846 0
45847 1
45848 0
45849 1
45850 1
45851 0
45852 0
45853 1
45854 0
45855 1
45856 0
45857 0
45858 0
45859 1
45860 0
45861 1
45862 1
45863 1
45864 1
45865 0
45866 1
45867 0
45868 0
45869 0
45870 0
45871 1
45872 0
45873 1
45874 1
45875 0
45876 1
45877 0
45878 0
45879 1
45880 1
45881 0
45882 1
45883 1
45884 0
45885 1
45886 0
45887 1
45888 1
45889 1
45890 0
45891 0
45892 1
45893 0
45894 1
45895 0
45896 1
45897 1
45898 1
45899 1
45900 0
45901 1
45902 1
45903 1
45904 1
45905 0
45906 1
45907 0
45908 1
45909 1
45910 1
45911 1
45912 0
45913 0
45914 0
45915 0
45916 0
45917 1
45918 1
45919 0
45920 0
45921 1
45922 0
45923 0
45924 0
45925 0
45926 1
45927 0
45928 0
45929 1
45930 0
45931 1
45932 0
45933 0
45934 0
45935 0
45936 1
45937 0
45938 1
45939 0
45940 1
45941 1
45942 0
45943 1
45944 1
45945 1
45946 1
45947 1
45948 1
45949 0
45950 0
45951 1
45952 0
45953 1
45954 1
45955 1
45956 1
45957 1
45958 1
45959 0
45960 1
45961 0
45962 0
45963 1
45964 0
45965 0
45966 1
45967 0
45968 0
45969 0
45970 1
45971 0
45972 1
45973 1
45974 1
45975 0
45976 1
45977 1
45978 1
45979 0
45980 0
45981 1
45982 0
45983 0
45984 1
45985 1
45986 1
45987 1
45988 1
45989 1
45990 1
45991 0
45992 1
45993 1
45994 1
45995 1
45996 1
45997 0
45998 1
45999 1
46000 0
46001 1
46002 1
46003 1
46004 0
46005 1
46006 0
46007 0
46008 0
46009 1
46010 0
46011 0
46012 1
46013 0
46014 1
46015 0
46016 1
46017 1
46018 0
46019 0
46020 0
46021 0
46022 0
46023 1
46024 0
46025 1
46026 1
46027 1
46028 1
46029 1
46030 1
46031 1
46032 1
46033 1
46034 0
46035 1
46036 1
46037 0
46038 0
46039 1
46040 1
46041 0
46042 0
46043 0
46044 0
46045 1
46046 1
46047 0
46048 1
46049 1
46050 1
46051 1
46052 0
46053 0
46054 0
46055 0
46056 0
46057 0
46058 1
46059 0
46060 1
46061 0
46062 0
46063 0
46064 0
46065 0
46066 0
46067 0
46068 1
46069 1
46070 0
46071 1
46072 0
46073 0
46074 0
46075 1
46076 1
46077 1
46078 0
46079 0
46080 1
46081 0
46082 1
46083 0
46084 1
46085 0
46086 1
46087 1
46088 1
46089 0
46090 0
46091 0
46092 1
46093 0
46094 0
46095 1
46096 0
46097 0
46098 0
46099 0
46100 0
46101 1
46102 1
46103 0
46104 0
46105 0
46106 0
46107 0
46108 1
46109 0
46110 1
46111 0
46112 1
46113 1
46114 1
46115 1
46116 1
46117 1
46118 1
46119 1
46120 0
46121 1
46122 0
46123 1
46124 0
46125 1
46126 1
46127 1
46128 0
46129 1
46130 1
46131 0
46132 0
46133 0
46134 1
46135 1
46136 1
46137 0
46138 1
46139 0
46140 1
46141 0
46142 0
46143 1
46144 1
46145 1
46146 0
46147 0
46148 1
46149 1
46150 0
46151 0
46152 1
46153 1
46154 0
46155 0
46156 1
46157 1
46158 0
46159 0
46160 1
46161 1
46162 1
46163 0
46164 1
46165 1
46166 1
46167 0
46168 1
46169 0
46170 1
46171 0
46172 0
46173 0
46174 1
46175 1
46176 1
46177 0
46178 1
46179 1
46180 0
46181 1
46182 1
46183 0
46184 0
46185 1
46186 1
46187 0
46188 1
46189 1
46190 1
46191 0
46192 0
46193 1
46194 1
46195 0
46196 1
46197 0
46198 0
46199 1
46200 1
46201 0
46202 0
46203 1
46204 0
46205 1
46206 1
46207 0
46208 0
46209 1
46210 1
46211 1
46212 0
46213 1
46214 1
46215 1
46216 1
46217 0
46218 1
46219 1
46220 1
46221 1
46222 1
46223 1
46224 1
46225 0
46226 0
46227 1
46228 0
46229 0
46230 1
46231 1
46232 1
46233 0
46234 1
46235 1
46236 1
46237 0
46238 0
46239 0
46240 1
46241 0
46242 0
46243 1
46244 0
46245 0
46246 1
46247 0
46248 0
46249 1
46250 1
46251 0
46252 0
46253 0
46254 0
46255 1
46256 1
46257 1
46258 1
46259 1
46260 1
46261 0
46262 0
46263 1
46264 1
46265 1
46266 0
46267 1
46268 1
46269 0
46270 0
46271 0
46272 0
46273 0
46274 1
46275 1
46276 0
46277 1
46278 0
46279 1
46280 1
46281 0
46282 0
46283 1
46284 1
46285 0
46286 1
46287 0
46288 0
46289 1
46290 0
46291 0
46292 1
46293 1
46294 1
46295 1
46296 1
46297 0
46298 0
46299 0
46300 1
46301 1
46302 0
46303 0
46304 1
46305 1
46306 0
46307 0
46308 1
46309 0
46310 0
46311 0
46312 0
46313 0
46314 0
46315 0
46316 1
46317 1
46318 0
46319 0
46320 0
46321 0
46322 0
46323 1
46324 0
46325 0
46326 0
46327 0
46328 0
46329 1
46330 1
46331 1
46332 0
46333 0
46334 1
46335 1
46336 1
46337 0
46338 1
46339 0
46340 0
46341 1
46342 0
46343 0
46344 1
46345 1
46346 0
46347 1
46348 1
46349 1
46350 1
46351 1
46352 1
46353 0
46354 1
46355 1
46356 0
46357 0
46358 0
46359 0
46360 0
46361 0
46362 0
46363 0
46364 1
46365 0
46366 1
46367 1
46368 1
46369 0
46370 1
46371 0
46372 0
46373 0
46374 0
46375 1
46376 1
46377 0
46378 0
46379 0
46380 1
46381 0
46382 0
46383 0
46384 1
46385 0
46386 1
46387 1
46388 0
46389 1
46390 0
46391 1
46392 1
46393 1
46394 0
46395 0
46396 1
46397 0
46398 0
46399 1
46400 0
46401 0
46402 0
46403 0
46404 1
46405 0
46406 1
46407 1
46408 0
46409 1
46410 1
46411 1
46412 0
46413 0
46414 0
46415 1
46416 1
46417 1
46418 1
46419 0
46420 1
46421 1
46422 1
46423 0
46424 0
46425 0
46426 0
46427 1
46428 0
46429 0
46430 0
46431 1
46432 0
46433 0
46434 1
46435 0
46436 0
46437 0
46438 0
46439 0
46440 1
46441 0
46442 1
46443 0
46444 1
46445 0
46446 0
46447 0
46448 0
46449 1
46450 0
46451 0
46452 1
46453 0
46454 0
46455 0
46456 0
46457 1
46458 1
46459 0
46460 0
46461 1
46462 1
46463 1
46464 1
46465 0
46466 0
46467 0
46468 0
46469 1
46470 0
46471 0
46472 1
46473 1
46474 1
46475 1
46476 0
46477 0
46478 1
46479 0
46480 1
46481 0
46482 1
46483 0
46484 0
46485 0
46486 0
46487 0
46488 0
46489 0
46490 0
46491 1
46492 0
46493 0
46494 0
46495 1
46496 1
46497 0
46498 1
46499 1
46500 0
46501 1
46502 0
46503 0
46504 1
46505 0
46506 0
46507 0
46508 0
46509 0
46510 1
46511 1
46512 1
46513 1
46514 1
46515 1
46516 0
46517 1
46518 0
46519 1
46520 0
46521 0
46522 0
46523 1
46524 0
46525 0
46526 1
46527 1
46528 0
46529 0
46530 1
46531 0
46532 0
46533 1
46534 0
46535 0
46536 0
46537 1
46538 1
46539 0
46540 0
46541 0
46542 0
46543 0
46544 1
46545 1
46546 0
46547 0
46548 1
46549 0
46550 0
46551 1
46552 0
46553 1
46554 0
46555 0
46556 1
46557 0
46558 0
46559 1
46560 1
46561 0
46562 0
46563 1
46564 1
46565 1
46566 1
46567 1
46568 1
46569 1
46570 1
46571 0
46572 0
46573 0
46574 1
46575 1
46576 0
46577 0
46578 1
46579 1
46580 1
46581 1
46582 1
46583 1
46584 0
46585 0
46586 1
46587 0
46588 1
46589 1
46590 1
46591 0
46592 1
46593 0
46594 0
46595 1
46596 0
46597 0
46598 1
46599 1
46600 1
46601 0
46602 0
46603 1
46604 0
46605 0
46606 1
46607 0
46608 0
46609 1
46610 1
46611 0
46612 1
46613 1
46614 1
46615 1
46616 0
46617 1
46618 1
46619 0
46620 0
46621 1
46622 0
46623 0
46624 1
46625 1
46626 0
46627 1
46628 1
46629 0
46630 0
46631 1
46632 0
46633 0
46634 0
46635 1
46636 0
46637 1
46638 0
46639 0
46640 0
46641 0
46642 1
46643 0
46644 1
46645 0
46646 0
46647 1
46648 0
46649 1
46650 1
46651 0
46652 0
46653 1
46654 1
46655 1
46656 1
46657 0
46658 1
46659 1
46660 0
46661 0
46662 1
46663 1
46664 0
46665 0
46666 0
46667 1
46668 0
46669 1
46670 1
46671 0
46672 1
46673 0
46674 0
46675 1
46676 1
46677 0
46678 0
46679 1
46680 1
46681 0
46682 0
46683 0
46684 1
46685 0
46686 1
46687 1
46688 1
46689 0
46690 0
46691 1
46692 1
46693 1
46694 0
46695 0
46696 0
46697 1
46698 1
46699 1
46700 0
46701 0
46702 1
46703 0
46704 0
46705 1
46706 1
46707 0
46708 1
46709 1
46710 0
46711 0
46712 0
46713 1
46714 0
46715 0
46716 0
46717 0
46718 1
46719 1
46720 1
46721 0
46722 0
46723 0
46724 0
46725 0
46726 1
46727 1
46728 1
46729 1
46730 0
46731 1
46732 1
46733 0
46734 1
46735 1
46736 1
46737 0
46738 1
46739 0
46740 1
46741 0
46742 1
46743 0
46744 1
46745 1
46746 1
46747 1
46748 0
46749 0
46750 0
46751 1
46752 0
46753 1
46754 0
46755 1
46756 1
46757 1
46758 1
46759 0
46760 1
46761 1
46762 1
46763 0
46764 0
46765 1
46766 1
46767 0
46768 1
46769 0
46770 0
46771 0
46772 1
46773 1
46774 0
46775 1
46776 1
46777 1
46778 1
46779 1
46780 1
46781 1
46782 0
46783 1
46784 1
46785 0
46786 1
46787 1
46788 1
46789 1
46790 1
46791 1
46792 0
46793 0
46794 1
46795 1
46796 1
46797 0
46798 0
46799 1
46800 1
46801 0
46802 1
46803 1
46804 0
46805 1
46806 0
46807 1
46808 1
46809 1
46810 1
46811 0
46812 1
46813 1
46814 0
46815 1
46816 0
46817 1
46818 1
46819 0
46820 1
46821 1
46822 1
46823 1
46824 0
46825 1
46826 0
46827 1
46828 0
46829 0
46830 1
46831 1
46832 0
46833 0
46834 0
46835 0
46836 0
46837 0
46838 0
46839 1
46840 1
46841 0
46842 1
46843 0
46844 0
46845 1
46846 1
46847 0
46848 1
46849 1
46850 0
46851 1
46852 1
46853 0
46854 0
46855 1
46856 0
46857 0
46858 0
46859 1
46860 1
46861 1
46862 0
46863 1
46864 1
46865 1
46866 0
46867 1
46868 1
46869 0
46870 1
46871 1
46872 1
46873 1
46874 1
46875 1
46876 1
46877 1
46878 1
46879 1
46880 0
46881 0
46882 0
46883 0
46884 1
46885 1
46886 0
46887 0
46888 0
46889 0
46890 0
46891 0
46892 1
46893 1
46894 0
46895 1
46896 1
46897 1
46898 0
46899 0
46900 1
46901 0
46902 1
46903 0
46904 1
46905 1
46906 0
46907 0
46908 0
46909 0
46910 1
46911 0
46912 1
46913 1
46914 0
46915 1
46916 1
46917 1
46918 1
46919 0
46920 0
46921 1
46922 0
46923 1
46924 1
46925 1
46926 0
46927 0
46928 1
46929 0
46930 0
46931 0
46932 1
46933 0
46934 1
46935 1
46936 0
46937 0
46938 1
46939 1
46940 0
46941 1
46942 1
46943 0
46944 0
46945 0
46946 1
46947 0
46948 0
46949 1
46950 0
46951 1
46952 1
46953 0
46954 1
46955 0
46956 0
46957 0
46958 1
46959 1
46960 0
46961 0
46962 1
46963 1
46964 0
46965 0
46966 0
46967 1
46968 0
46969 1
46970 0
46971 0
46972 1
46973 1
46974 0
46975 0
46976 0
46977 1
46978 1
46979 0
46980 0
46981 1
46982 1
46983 1
46984 1
46985 1
46986 0
46987 0
46988 0
46989 0
46990 0
46991 0
46992 0
46993 1
46994 1
46995 1
46996 1
46997 1
46998 1
46999 0
47000 1
47001 0
47002 0
47003 0
47004 0
47005 0
47006 1
47007 1
47008 1
47009 0
47010 0
47011 0
47012 1
47013 1
47014 1
47015 0
47016 0
47017 1
47018 1
47019 0
47020 1
47021 0
47022 0
47023 0
47024 0
47025 1
47026 1
47027 0
47028 1
47029 0
47030 0
47031 1
47032 0
47033 0
47034 0
47035 1
47036 1
47037 0
47038 0
47039 1
47040 1
47041 0
47042 0
47043 0
47044 0
47045 1
47046 1
47047 1
47048 0
47049 0
47050 0
47051 1
47052 1
47053 1
47054 0
47055 1
47056 0
47057 1
47058 0
47059 0
47060 0
47061 1
47062 0
47063 1
47064 1
47065 0
47066 0
47067 0
47068 0
47069 0
47070 1
47071 1
47072 0
47073 0
47074 0
47075 1
47076 1
47077 0
47078 1
47079 1
47080 1
47081 1
47082 0
47083 0
47084 1
47085 1
47086 0
47087 1
47088 0
47089 0
47090 1
47091 0
47092 0
47093 0
47094 0
47095 1
47096 0
47097 0
47098 0
47099 0
47100 0
47101 0
47102 1
47103 0
47104 1
47105 0
47106 1
47107 1
47108 0
47109 1
47110 0
47111 0
47112 0
47113 1
47114 0
47115 1
47116 1
47117 0
47118 1
47119 0
47120 0
47121 0
47122 1
47123 0
47124 1
47125 1
47126 1
47127 0
47128 0
47129 1
47130 0
47131 1
47132 0
47133 1
47134 1
47135 0
47136 1
47137 1
47138 0
47139 0
47140 1
47141 1
47142 0
47143 0
47144 0
47145 0
47146 1
47147 0
47148 1
47149 1
47150 0
47151 0
47152 0
47153 0
47154 0
47155 0
47156 1
47157 0
47158 0
47159 1
47160 1
47161 1
47162 1
47163 1
47164 0
47165 0
47166 1
47167 0
47168 0
47169 1
47170 1
47171 0
47172 0
47173 1
47174 1
47175 0
47176 0
47177 1
47178 1
47179 0
47180 0
47181 0
47182 0
47183 1
47184 0
47185 1
47186 0
47187 1
47188 1
47189 0
47190 1
47191 1
47192 0
47193 0
47194 0
47195 1
47196 0
47197 0
47198 1
47199 0
47200 0
47201 1
47202 1
47203 0
47204 0
47205 1
47206 0
47207 1
47208 1
47209 0
47210 0
47211 0
47212 0
47213 0
47214 0
47215 1
47216 0
47217 1
47218 1
47219 1
47220 0
47221 0
47222 1
47223 0
47224 1
47225 0
47226 0
47227 0
47228 0
47229 1
47230 1
47231 0
47232 1
47233 0
47234 0
47235 0
47236 1
47237 1
47238 1
47239 1
47240 0
47241 1
47242 1
47243 1
47244 1
47245 1
47246 1
47247 1
47248 1
47249 1
47250 1
47251 0
47252 1
47253 1
47254 0
47255 0
47256 0
47257 0
47258 1
47259 0
47260 1
47261 1
47262 0
47263 0
47264 1
47265 0
47266 1
47267 1
47268 0
47269 1
47270 1
47271 0
47272 1
47273 0
47274 1
47275 0
47276 0
47277 1
47278 0
47279 0
47280 0
47281 0
47282 1
47283 1
47284 1
47285 1
47286 1
47287 0
47288 0
47289 1
47290 0
47291 1
47292 1
47293 1
47294 1
47295 0
47296 1
47297 0
47298 1
47299 0
47300 1
47301 1
47302 1
47303 1
47304 0
47305 0
47306 1
47307 0
47308 1
47309 1
47310 0
47311 0
47312 0
47313 1
47314 0
47315 1
47316 1
47317 1
47318 0
47319 1
47320 0
47321 0
47322 0
47323 1
47324 1
47325 0
47326 1
47327 0
47328 1
47329 0
47330 0
47331 1
47332 1
47333 1
47334 0
47335 1
47336 1
47337 1
47338 1
47339 0
47340 1
47341 0
47342 1
47343 0
47344 0
47345 0
47346 0
47347 0
47348 0
47349 1
47350 0
47351 0
47352 1
47353 1
47354 0
47355 1
47356 1
47357 0
47358 1
47359 1
47360 0
47361 1
47362 0
47363 0
47364 1
47365 1
47366 1
47367 1
47368 1
47369 0
47370 1
47371 1
47372 1
47373 0
47374 0
47375 1
47376 0
47377 1
47378 1
47379 1
47380 0
47381 1
47382 0
47383 1
47384 0
47385 0
47386 1
47387 1
47388 1
47389 1
47390 1
47391 1
47392 1
47393 1
47394 1
47395 1
47396 1
47397 1
47398 0
47399 0
47400 1
47401 0
47402 1
47403 1
47404 1
47405 0
47406 0
47407 0
47408 0
47409 1
47410 0
47411 0
47412 1
47413 0
47414 0
47415 0
47416 1
47417 1
47418 1
47419 1
47420 1
47421 0
47422 0
47423 1
47424 0
47425 0
47426 0
47427 1
47428 0
47429 1
47430 1
47431 1
47432 0
47433 0
47434 0
47435 1
47436 0
47437 0
47438 1
47439 1
47440 1
47441 1
47442 0
47443 0
47444 1
47445 0
47446 0
47447 0
47448 0
47449 1
47450 1
47451 1
47452 1
47453 0
47454 0
47455 1
47456 1
47457 1
47458 0
47459 0
47460 0
47461 0
47462 1
47463 0
47464 1
47465 1
47466 0
47467 1
47468 1
47469 1
47470 0
47471 1
47472 0
47473 1
47474 0
47475 0
47476 0
47477 1
47478 0
47479 1
47480 0
47481 1
47482 1
47483 0
47484 1
47485 1
47486 1
47487 0
47488 1
47489 1
47490 0
47491 0
47492 0
47493 1
47494 1
47495 0
47496 1
47497 0
47498 1
47499 0
47500 1
47501 0
47502 0
47503 1
47504 1
47505 0
47506 0
47507 1
47508 0
47509 0
47510 0
47511 0
47512 0
47513 0
47514 1
47515 0
47516 1
47517 1
47518 1
47519 0
47520 1
47521 0
47522 1
47523 0
47524 0
47525 1
47526 0
47527 1
47528 0
47529 0
47530 1
47531 1
47532 0
47533 0
47534 1
47535 0
47536 0
47537 0
47538 1
47539 1
47540 0
47541 0
47542 1
47543 1
47544 1
47545 0
47546 0
47547 1
47548 1
47549 1
47550 1
47551 0
47552 0
47553 0
47554 0
47555 0
47556 1
47557 0
47558 0
47559 1
47560 0
47561 0
47562 0
47563 1
47564 1
47565 1
47566 0
47567 1
47568 1
47569 1
47570 1
47571 1
47572 1
47573 1
47574 1
47575 0
47576 0
47577 1
47578 1
47579 1
47580 1
47581 1
47582 0
47583 0
47584 1
47585 0
47586 1
47587 0
47588 1
47589 1
47590 0
47591 1
47592 0
47593 0
47594 1
47595 0
47596 0
47597 1
47598 0
47599 1
47600 1
47601 1
47602 0
47603 0
47604 1
47605 1
47606 0
47607 1
47608 1
47609 0
47610 1
47611 1
47612 1
47613 1
47614 0
47615 0
47616 0
47617 1
47618 1
47619 1
47620 1
47621 0
47622 0
47623 0
47624 0
47625 1
47626 1
47627 0
47628 1
47629 0
47630 0
47631 0
47632 0
47633 1
47634 1
47635 1
47636 0
47637 0
47638 1
47639 0
47640 0
47641 0
47642 0
47643 0
47644 0
47645 0
47646 1
47647 0
47648 0
47649 0
47650 0
47651 1
47652 0
47653 0
47654 1
47655 0
47656 1
47657 1
47658 1
47659 0
47660 0
47661 1
47662 1
47663 1
47664 0
47665 0
47666 1
47667 0
47668 1
47669 0
47670 0
47671 1
47672 0
47673 0
47674 0
47675 0
47676 1
47677 0
47678 1
47679 0
47680 0
47681 0
47682 0
47683 0
47684 1
47685 1
47686 1
47687 1
47688 0
47689 1
47690 0
47691 0
47692 0
47693 1
47694 1
47695 1
47696 0
47697 0
47698 1
47699 0
47700 0
47701 0
47702 0
47703 1
47704 0
47705 1
47706 0
47707 0
47708 0
47709 1
47710 1
47711 0
47712 1
47713 1
47714 0
47715 0
47716 1
47717 0
47718 1
47719 1
47720 1
47721 0
47722 0
47723 0
47724 0
47725 0
47726 0
47727 1
47728 1
47729 0
47730 0
47731 1
47732 0
47733 1
47734 0
47735 1
47736 1
47737 1
47738 0
47739 0
47740 0
47741 0
47742 0
47743 1
47744 0
47745 1
47746 0
47747 0
47748 0
47749 0
47750 0
47751 0
47752 1
47753 0
47754 1
47755 1
47756 0
47757 0
47758 1
47759 1
47760 0
47761 0
47762 0
47763 1
47764 0
47765 0
47766 0
47767 0
47768 1
47769 0
47770 0
47771 1
47772 0
47773 0
47774 0
47775 0
47776 0
47777 0
47778 0
47779 1
47780 0
47781 1
47782 1
47783 0
47784 1
47785 0
47786 0
47787 1
47788 1
47789 1
47790 1
47791 0
47792 0
47793 0
47794 1
47795 1
47796 0
47797 0
47798 0
47799 0
47800 0
47801 0
47802 0
47803 1
47804 0
47805 1
47806 0
47807 0
47808 0
47809 0
47810 0
47811 1
47812 0
47813 1
47814 1
47815 0
47816 1
47817 0
47818 1
47819 1
47820 1
47821 0
47822 1
47823 1
47824 1
47825 1
47826 0
47827 1
47828 1
47829 1
47830 0
47831 0
47832 1
47833 1
47834 1
47835 0
47836 1
47837 1
47838 0
47839 0
47840 1
47841 0
47842 1
47843 0
47844 1
47845 0
47846 0
47847 1
47848 1
47849 1
47850 1
47851 0
47852 1
47853 0
47854 0
47855 0
47856 1
47857 1
47858 0
47859 0
47860 1
47861 1
47862 1
47863 0
47864 0
47865 0
47866 0
47867 0
47868 1
47869 0
47870 1
47871 0
47872 0
47873 1
47874 0
47875 0
47876 0
47877 0
47878 0
47879 0
47880 1
47881 0
47882 0
47883 0
47884 0
47885 1
47886 1
47887 0
47888 0
47889 0
47890 0
47891 0
47892 0
47893 1
47894 0
47895 1
47896 1
47897 0
47898 0
47899 1
47900 0
47901 0
47902 0
47903 0
47904 0
47905 1
47906 0
47907 1
47908 0
47909 1
47910 1
47911 0
47912 0
47913 0
47914 0
47915 0
47916 1
47917 1
47918 0
47919 1
47920 0
47921 0
47922 1
47923 0
47924 1
47925 1
47926 1
47927 0
47928 0
47929 0
47930 0
47931 1
47932 0
47933 1
47934 1
47935 0
47936 0
47937 1
47938 0
47939 0
47940 1
47941 1
47942 0
47943 1
47944 0
47945 1
47946 0
47947 0
47948 0
47949 1
47950 1
47951 0
47952 0
47953 1
47954 1
47955 0
47956 0
47957 1
47958 1
47959 1
47960 1
47961 0
47962 0
47963 0
47964 1
47965 1
47966 0
47967 1
47968 0
47969 1
47970 1
47971 0
47972 1
47973 0
47974 0
47975 1
47976 0
47977 0
47978 0
47979 1
47980 0
47981 1
47982 1
47983 1
47984 0
47985 0
47986 1
47987 0
47988 0
47989 0
47990 0
47991 0
47992 0
47993 0
47994 0
47995 1
47996 0
47997 0
47998 1
47999 0
48000 0
48001 1
48002 0
48003 1
48004 1
48005 0
48006 1
48007 1
48008 0
48009 0
48010 1
48011 1
48012 0
48013 1
48014 0
48015 1
48016 0
48017 1
48018 0
48019 1
48020 0
48021 1
48022 1
48023 1
48024 0
48025 0
48026 1
48027 1
48028 1
48029 1
48030 0
48031 1
48032 0
48033 0
48034 0
48035 1
48036 1
48037 1
48038 1
48039 0
48040 1
48041 1
48042 0
48043 0
48044 0
48045 1
48046 1
48047 0
48048 1
48049 0
48050 0
48051 0
48052 1
48053 0
48054 0
48055 0
48056 1
48057 1
48058 0
48059 0
48060 0
48061 1
48062 1
48063 0
48064 0
48065 0
48066 1
48067 0
48068 1
48069 0
48070 0
48071 1
48072 1
48073 1
48074 0
48075 1
48076 0
48077 1
48078 0
48079 0
48080 0
48081 0
48082 1
48083 0
48084 1
48085 1
48086 1
48087 0
48088 0
48089 0
48090 0
48091 0
48092 0
48093 1
48094 0
48095 1
48096 0
48097 0
48098 1
48099 0
48100 0
48101 0
48102 1
48103 1
48104 0
48105 0
48106 1
48107 0
48108 1
48109 1
48110 1
48111 1
48112 1
48113 0
48114 0
48115 0
48116 1
48117 1
48118 1
48119 1
48120 0
48121 0
48122 1
48123 0
48124 0
48125 0
48126 0
48127 1
48128 0
48129 0
48130 1
48131 0
48132 0
48133 1
48134 1
48135 0
48136 0
48137 1
48138 1
48139 1
48140 0
48141 1
48142 0
48143 1
48144 0
48145 0
48146 1
48147 1
48148 0
48149 1
48150 1
48151 1
48152 0
48153 1
48154 0
48155 1
48156 0
48157 0
48158 1
48159 0
48160 1
48161 1
48162 0
48163 0
48164 0
48165 0
48166 1
48167 0
48168 1
48169 0
48170 1
48171 1
48172 1
48173 0
48174 0
48175 1
48176 0
48177 0
48178 1
48179 1
48180 1
48181 1
48182 0
48183 1
48184 0
48185 0
48186 0
48187 0
48188 1
48189 1
48190 1
48191 0
48192 0
48193 1
48194 1
48195 0
48196 0
48197 0
48198 1
48199 1
48200 0
48201 1
48202 1
48203 1
48204 0
48205 0
48206 0
48207 1
48208 0
48209 1
48210 1
48211 1
48212 0
48213 1
48214 0
48215 1
48216 1
48217 1
48218 0
48219 0
48220 1
48221 1
48222 0
48223 0
48224 1
48225 0
48226 0
48227 1
48228 1
48229 1
48230 1
48231 0
48232 0
48233 0
48234 0
48235 1
48236 0
48237 0
48238 0
48239 1
48240 0
48241 0
48242 0
48243 1
48244 0
48245 0
48246 0
48247 1
48248 1
48249 1
48250 0
48251 0
48252 1
48253 0
48254 1
48255 0
48256 0
48257 1
48258 1
48259 1
48260 1
48261 0
48262 1
48263 0
48264 0
48265 1
48266 1
48267 0
48268 0
48269 0
48270 0
48271 1
48272 1
48273 0
48274 1
48275 1
48276 0
48277 1
48278 1
48279 1
48280 1
48281 1
48282 1
48283 1
48284 0
48285 0
48286 1
48287 0
48288 1
48289 1
48290 0
48291 0
48292 1
48293 1
48294 1
48295 0
48296 0
48297 0
48298 1
48299 0
48300 0
48301 0
48302 1
48303 0
48304 1
48305 0
48306 0
48307 0
48308 1
48309 0
48310 1
48311 1
48312 1
48313 1
48314 1
48315 0
48316 1
48317 0
48318 1
48319 0
48320 0
48321 0
48322 0
48323 1
48324 1
48325 0
48326 0
48327 1
48328 1
48329 0
48330 1
48331 0
48332 0
48333 1
48334 1
48335 0
48336 1
48337 0
48338 1
48339 0
48340 0
48341 1
48342 1
48343 1
48344 1
48345 0
48346 0
48347 0
48348 0
48349 1
48350 1
48351 1
48352 1
48353 0
48354 0
48355 1
48356 0
48357 1
48358 0
48359 1
48360 1
48361 1
48362 0
48363 0
48364 0
48365 1
48366 1
48367 1
48368 0
48369 0
48370 0
48371 0
48372 0
48373 1
48374 0
48375 0
48376 0
48377 0
48378 1
48379 1
48380 1
48381 0
48382 1
48383 0
48384 0
48385 1
48386 0
48387 1
48388 0
48389 0
48390 1
48391 1
48392 1
48393 0
48394 1
48395 0
48396 0
48397 1
48398 0
48399 0
48400 1
48401 0
48402 0
48403 0
48404 0
48405 1
48406 1
48407 0
48408 0
48409 0
48410 0
48411 0
48412 1
48413 1
48414 1
48415 1
48416 0
48417 0
48418 1
48419 0
48420 1
48421 0
48422 0
48423 0
48424 1
48425 1
48426 1
48427 0
48428 1
48429 1
48430 1
48431 1
48432 1
48433 0
48434 1
48435 0
48436 0
48437 1
48438 1
48439 0
48440 1
48441 1
48442 1
48443 0
48444 1
48445 0
48446 0
48447 0
48448 0
48449 1
48450 1
48451 0
48452 1
48453 1
48454 1
48455 0
48456 0
48457 0
48458 1
48459 0
48460 0
48461 1
48462 1
48463 1
48464 0
48465 0
48466 0
48467 0
48468 0
48469 1
48470 1
48471 0
48472 1
48473 0
48474 1
48475 1
48476 1
48477 1
48478 0
48479 1
48480 0
48481 1
48482 1
48483 0
48484 1
48485 1
48486 0
48487 0
48488 0
48489 1
48490 0
48491 1
48492 1
48493 0
48494 0
48495 0
48496 1
48497 0
48498 0
48499 0
48500 0
48501 0
48502 0
48503 0
48504 1
48505 1
48506 1
48507 0
48508 1
48509 0
48510 1
48511 0
48512 1
48513 1
48514 1
48515 0
48516 0
48517 1
48518 0
48519 1
48520 1
48521 1
48522 1
48523 1
48524 0
48525 0
48526 1
48527 1
48528 1
48529 1
48530 1
48531 1
48532 1
48533 0
48534 0
48535 0
48536 0
48537 0
48538 0
48539 0
48540 0
48541 0
48542 0
48543 0
48544 1
48545 1
48546 0
48547 1
48548 0
48549 0
48550 0
48551 0
48552 0
48553 1
48554 1
48555 1
48556 1
48557 0
48558 1
48559 1
48560 1
48561 1
48562 0
48563 1
48564 1
48565 0
48566 1
48567 1
48568 0
48569 0
48570 1
48571 0
48572 1
48573 0
48574 1
48575 1
48576 1
48577 0
48578 1
48579 1
48580 0
48581 0
48582 1
48583 1
48584 1
48585 1
48586 1
48587 0
48588 0
48589 0
48590 1
48591 0
48592 1
48593 1
48594 1
48595 0
48596 0
48597 1
48598 1
48599 0
48600 1
48601 1
48602 1
48603 1
48604 0
48605 0
48606 0
48607 1
48608 0
48609 0
48610 0
48611 1
48612 0
48613 0
48614 0
48615 0
48616 1
48617 0
48618 0
48619 1
48620 0
48621 1
48622 0
48623 1
48624 1
48625 0
48626 1
48627 0
48628 1
48629 0
48630 1
48631 0
48632 1
48633 1
48634 1
48635 0
48636 1
48637 1
48638 1
48639 1
48640 0
48641 1
48642 0
48643 0
48644 1
48645 1
48646 0
48647 0
48648 0
48649 1
48650 0
48651 1
48652 1
48653 0
48654 1
48655 1
48656 1
48657 1
48658 1
48659 0
48660 0
48661 0
48662 1
48663 1
48664 0
48665 1
48666 0
48667 0
48668 0
48669 1
48670 1
48671 0
48672 0
48673 0
48674 0
48675 0
48676 1
48677 1
48678 1
48679 0
48680 1
48681 1
48682 0
48683 1
48684 1
48685 1
48686 1
48687 1
48688 0
48689 0
48690 1
48691 1
48692 0
48693 1
48694 1
48695 1
48696 0
48697 1
48698 1
48699 1
48700 1
48701 1
48702 0
48703 0
48704 1
48705 1
48706 0
48707 0
48708 1
48709 0
48710 0
48711 1
48712 0
48713 0
48714 0
48715 0
48716 0
48717 0
48718 1
48719 1
48720 0
48721 1
48722 1
48723 0
48724 1
48725 1
48726 0
48727 1
48728 1
48729 1
48730 0
48731 0
48732 1
48733 0
48734 0
48735 0
48736 1
48737 0
48738 1
48739 0
48740 1
48741 1
48742 1
48743 1
48744 1
48745 1
48746 1
48747 0
48748 0
48749 1
48750 1
48751 0
48752 0
48753 1
48754 1
48755 1
48756 1
48757 0
48758 0
48759 1
48760 0
48761 1
48762 1
48763 1
48764 0
48765 0
48766 0
48767 1
48768 0
48769 0
48770 0
48771 0
48772 1
48773 0
48774 1
48775 0
48776 0
48777 0
48778 1
48779 0
48780 0
48781 0
48782 1
48783 1
48784 0
48785 0
48786 1
48787 0
48788 1
48789 1
48790 0
48791 0
48792 0
48793 1
48794 0
48795 1
48796 0
48797 0
48798 1
48799 0
48800 1
48801 0
48802 0
48803 1
48804 1
48805 0
48806 1
48807 1
48808 1
48809 1
48810 1
48811 1
48812 1
48813 0
48814 0
48815 1
48816 1
48817 1
48818 0
48819 1
48820 0
48821 0
48822 0
48823 0
48824 1
48825 1
48826 1
48827 0
48828 1
48829 1
48830 0
48831 0
48832 1
48833 1
48834 0
48835 0
48836 1
48837 1
48838 1
48839 0
48840 0
48841 1
48842 0
48843 1
48844 1
48845 1
48846 0
48847 0
48848 0
48849 0
48850 0
48851 1
48852 0
48853 1
48854 1
48855 1
48856 1
48857 1
48858 0
48859 0
48860 0
48861 0
48862 0
48863 0
48864 1
48865 1
48866 1
48867 0
48868 0
48869 0
48870 1
48871 0
48872 1
48873 1
48874 0
48875 1
48876 0
48877 0
48878 0
48879 0
48880 0
48881 0
48882 0
48883 1
48884 1
48885 1
48886 1
48887 0
48888 0
48889 1
48890 1
48891 0
48892 1
48893 0
48894 0
48895 0
48896 1
48897 1
48898 1
48899 0
48900 1
48901 1
48902 1
48903 0
48904 0
48905 0
48906 0
48907 1
48908 1
48909 0
48910 1
48911 0
48912 1
48913 0
48914 1
48915 0
48916 1
48917 0
48918 0
48919 1
48920 1
48921 1
48922 0
48923 0
48924 0
48925 1
48926 1
48927 1
48928 0
48929 0
48930 0
48931 1
48932 0
48933 1
48934 0
48935 0
48936 0
48937 1
48938 1
48939 0
48940 0
48941 0
48942 1
48943 0
48944 1
48945 0
48946 0
48947 0
48948 1
48949 0
48950 1
48951 0
48952 1
48953 1
48954 0
48955 0
48956 0
48957 1
48958 0
48959 1
48960 1
48961 0
48962 0
48963 1
48964 1
48965 0
48966 0
48967 1
48968 1
48969 0
48970 0
48971 0
48972 1
48973 0
48974 0
48975 1
48976 1
48977 1
48978 1
48979 1
48980 1
48981 0
48982 0
48983 1
48984 1
48985 1
48986 1
48987 1
48988 1
48989 1
48990 1
48991 0
48992 0
48993 1
48994 0
48995 1
48996 1
48997 0
48998 1
48999 0
49000 1
49001 0
49002 0
49003 1
49004 1
49005 1
49006 1
49007 1
49008 1
49009 0
49010 1
49011 0
49012 1
49013 0
49014 1
49015 0
49016 1
49017 1
49018 0
49019 0
49020 1
49021 0
49022 1
49023 1
49024 0
49025 1
49026 1
49027 1
49028 0
49029 0
49030 0
49031 1
49032 0
49033 0
49034 1
49035 0
49036 1
49037 1
49038 1
49039 0
49040 1
49041 1
49042 1
49043 1
49044 1
49045 1
49046 1
49047 1
49048 0
49049 1
49050 0
49051 1
49052 1
49053 1
49054 0
49055 1
49056 0
49057 0
49058 0
49059 1
49060 0
49061 1
49062 0
49063 0
49064 1
49065 1
49066 1
49067 1
49068 1
49069 0
49070 1
49071 0
49072 0
49073 0
49074 1
49075 1
49076 1
49077 1
49078 1
49079 0
49080 0
49081 1
49082 1
49083 1
49084 1
49085 1
49086 1
49087 0
49088 0
49089 0
49090 1
49091 0
49092 1
49093 1
49094 1
49095 1
49096 1
49097 0
49098 1
49099 1
49100 1
49101 1
49102 1
49103 1
49104 1
49105 1
49106 0
49107 0
49108 0
49109 0
49110 0
49111 1
49112 0
49113 0
49114 1
49115 0
49116 1
49117 0
49118 0
49119 0
49120 1
49121 1
49122 0
49123 0
49124 1
49125 1
49126 1
49127 0
49128 1
49129 1
49130 0
49131 1
49132 0
49133 1
49134 0
49135 1
49136 1
49137 1
49138 0
49139 0
49140 0
49141 0
49142 1
49143 1
49144 0
49145 1
49146 0
49147 0
49148 0
49149 1
49150 0
49151 1
49152 0
49153 0
49154 1
49155 0
49156 0
49157 0
49158 1
49159 1
49160 1
49161 0
49162 1
49163 1
49164 0
49165 0
49166 0
49167 1
49168 1
49169 0
49170 0
49171 0
49172 0
49173 1
49174 0
49175 1
49176 0
49177 1
49178 1
49179 1
49180 1
49181 0
49182 1
49183 1
49184 0
49185 0
49186 1
49187 0
49188 1
49189 0
49190 0
49191 0
49192 1
49193 0
49194 0
49195 1
49196 1
49197 0
49198 1
49199 0
49200 1
49201 1
49202 1
49203 0
49204 0
49205 0
49206 1
49207 1
49208 0
49209 1
49210 0
49211 0
49212 0
49213 0
49214 1
49215 1
49216 1
49217 1
49218 0
49219 1
49220 1
49221 0
49222 0
49223 0
49224 0
49225 1
49226 1
49227 0
49228 0
49229 1
49230 0
49231 1
49232 0
49233 0
49234 1
49235 0
49236 0
49237 1
49238 1
49239 0
49240 1
49241 1
49242 0
49243 0
49244 0
49245 0
49246 1
49247 0
49248 0
49249 1
49250 0
49251 1
49252 1
49253 0
49254 0
49255 0
49256 1
49257 1
49258 1
49259 0
49260 0
49261 1
49262 0
49263 1
49264 1
49265 1
49266 0
49267 1
49268 1
49269 0
49270 0
49271 1
49272 1
49273 1
49274 0
49275 1
49276 1
49277 1
49278 0
49279 1
49280 1
49281 1
49282 1
49283 0
49284 1
49285 0
49286 0
49287 0
49288 1
49289 1
49290 0
49291 0
49292 0
49293 0
49294 0
49295 0
49296 1
49297 0
49298 0
49299 0
49300 0
49301 0
49302 1
49303 0
49304 0
49305 1
49306 0
49307 1
49308 0
49309 0
49310 1
49311 1
49312 0
49313 1
49314 1
49315 0
49316 1
49317 0
49318 1
49319 0
49320 0
49321 1
49322 0
49323 1
49324 0
49325 1
49326 0
49327 0
49328 0
49329 0
49330 1
49331 1
49332 1
49333 1
49334 1
49335 0
49336 1
49337 1
49338 0
49339 1
49340 1
49341 0
49342 0
49343 0
49344 0
49345 1
49346 0
49347 1
49348 0
49349 0
49350 1
49351 0
49352 0
49353 1
49354 0
49355 1
49356 0
49357 1
49358 1
49359 1
49360 1
49361 1
49362 0
49363 0
49364 0
49365 0
49366 1
49367 1
49368 0
49369 1
49370 0
49371 0
49372 1
49373 0
49374 1
49375 1
49376 0
49377 1
49378 0
49379 1
49380 0
49381 0
49382 1
49383 0
49384 1
49385 0
49386 0
49387 1
49388 0
49389 0
49390 1
49391 0
49392 0
49393 0
49394 0
49395 0
49396 1
49397 1
49398 1
49399 1
49400 0
49401 1
49402 1
49403 0
49404 0
49405 1
49406 0
49407 0
49408 1
49409 0
49410 0
49411 0
49412 0
49413 0
49414 1
49415 0
49416 1
49417 1
49418 0
49419 1
49420 1
49421 1
49422 1
49423 0
49424 1
49425 0
49426 0
49427 1
49428 0
49429 1
49430 0
49431 0
49432 1
49433 0
49434 0
49435 1
49436 1
49437 1
49438 0
49439 0
49440 0
49441 0
49442 0
49443 0
49444 0
49445 1
49446 0
49447 1
49448 1
49449 0
49450 1
49451 1
49452 1
49453 1
49454 1
49455 1
49456 1
49457 0
49458 0
49459 0
49460 1
49461 1
49462 0
49463 0
49464 0
49465 0
49466 0
49467 1
49468 0
49469 1
49470 1
49471 1
49472 1
49473 0
49474 0
49475 0
49476 0
49477 1
49478 0
49479 1
49480 0
49481 0
49482 0
49483 1
49484 0
49485 0
49486 1
49487 0
49488 1
49489 1
49490 0
49491 0
49492 1
49493 1
49494 0
49495 0
49496 1
49497 1
49498 1
49499 1
49500 1
49501 1
49502 0
49503 0
49504 0
49505 1
49506 1
49507 0
49508 1
49509 0
49510 0
49511 1
49512 1
49513 0
49514 0
49515 0
49516 1
49517 0
49518 1
49519 0
49520 1
49521 0
49522 0
49523 0
49524 0
49525 0
49526 0
49527 0
49528 1
49529 0
49530 0
49531 0
49532 1
49533 1
49534 1
49535 0
49536 0
49537 1
49538 0
49539 0
49540 0
49541 1
49542 0
49543 0
49544 0
49545 1
49546 0
49547 0
49548 1
49549 0
49550 1
49551 1
49552 0
49553 1
49554 1
49555 0
49556 1
49557 0
49558 1
49559 1
49560 1
49561 0
49562 0
49563 0
49564 1
49565 0
49566 0
49567 1
49568 1
49569 0
49570 1
49571 1
49572 0
49573 0
49574 0
49575 1
49576 1
49577 1
49578 0
49579 0
49580 1
49581 0
49582 0
49583 1
49584 0
49585 0
49586 0
49587 0
49588 0
49589 1
49590 1
49591 0
49592 1
49593 1
49594 0
49595 1
49596 0
49597 0
49598 1
49599 0
49600 1
49601 0
49602 1
49603 1
49604 1
49605 1
49606 1
49607 0
49608 1
49609 1
49610 0
49611 0
49612 0
49613 0
49614 0
49615 0
49616 1
49617 1
49618 1
49619 0
49620 0
49621 1
49622 1
49623 0
49624 1
49625 1
49626 0
49627 1
49628 1
49629 0
49630 0
49631 1
49632 1
49633 0
49634 0
49635 1
49636 0
49637 0
49638 0
49639 0
49640 1
49641 1
49642 0
49643 0
49644 0
49645 0
49646 1
49647 0
49648 1
49649 0
49650 1
49651 0
49652 1
49653 1
49654 0
49655 0
49656 0
49657 0
49658 0
49659 1
49660 0
49661 0
49662 1
49663 1
49664 0
49665 0
49666 1
49667 1
49668 1
49669 0
49670 1
49671 1
49672 0
49673 0
49674 0
49675 0
49676 1
49677 0
49678 1
49679 1
49680 1
49681 1
49682 0
49683 1
49684 0
49685 1
49686 1
49687 1
49688 1
49689 1
49690 1
49691 0
49692 1
49693 1
49694 0
49695 1
49696 0
49697 0
49698 1
49699 0
49700 1
49701 1
49702 1
49703 1
49704 1
49705 0
49706 1
49707 1
49708 0
49709 0
49710 1
49711 0
49712 1
49713 1
49714 0
49715 0
49716 0
49717 1
49718 1
49719 1
49720 0
49721 1
49722 0
49723 0
49724 1
49725 0
49726 1
49727 0
49728 1
49729 0
49730 1
49731 1
49732 0
49733 1
49734 1
49735 0
49736 0
49737 0
49738 0
49739 0
49740 1
49741 1
49742 0
49743 0
49744 0
49745 0
49746 0
49747 0
49748 1
49749 1
49750 1
49751 1
49752 0
49753 0
49754 1
49755 1
49756 1
49757 0
49758 1
49759 1
49760 0
49761 0
49762 1
49763 1
49764 1
49765 1
49766 0
49767 1
49768 1
49769 1
49770 0
49771 0
49772 0
49773 1
49774 1
49775 1
49776 0
49777 1
49778 1
49779 1
49780 0
49781 1
49782 1
49783 1
49784 0
49785 0
49786 0
49787 0
49788 0
49789 1
49790 0
49791 1
49792 0
49793 1
49794 1
49795 0
49796 0
49797 1
49798 1
49799 0
49800 0
49801 0
49802 0
49803 1
49804 1
49805 1
49806 1
49807 0
49808 0
49809 0
49810 1
49811 0
49812 0
49813 1
49814 1
49815 0
49816 0
49817 1
49818 0
49819 1
49820 0
49821 1
49822 1
49823 1
49824 0
49825 1
49826 0
49827 0
49828 0
49829 0
49830 1
49831 0
49832 0
49833 0
49834 0
49835 0
49836 1
49837 0
49838 1
49839 1
49840 1
49841 0
49842 0
49843 1
49844 1
49845 0
49846 0
49847 0
49848 0
49849 0
49850 0
49851 1
49852 0
49853 1
49854 1
49855 1
49856 1
49857 0
49858 1
49859 1
49860 1
49861 1
49862 0
49863 0
49864 0
49865 0
49866 0
49867 1
49868 1
49869 0
49870 1
49871 0
49872 0
49873 0
49874 1
49875 0
49876 1
49877 1
49878 1
49879 0
49880 1
49881 1
49882 1
49883 1
49884 0
49885 1
49886 1
49887 0
49888 0
49889 1
49890 0
49891 1
49892 1
49893 0
49894 1
49895 1
49896 1
49897 1
49898 1
49899 0
49900 1
49901 0
49902 0
49903 1
49904 0
49905 1
49906 0
49907 1
49908 0
49909 1
49910 0
49911 1
49912 0
49913 1
49914 0
49915 1
49916 1
49917 1
49918 1
49919 1
49920 1
49921 1
49922 0
49923 1
49924 1
49925 0
49926 0
49927 1
49928 0
49929 1
49930 0
49931 1
49932 0
49933 1
49934 1
49935 1
49936 0
49937 1
49938 0
49939 1
49940 1
49941 0
49942 0
49943 1
49944 0
49945 0
49946 0
49947 1
49948 0
49949 1
49950 1
49951 0
49952 0
49953 0
49954 0
49955 1
49956 1
49957 0
49958 1
49959 0
49960 1
49961 0
49962 1
49963 1
49964 1
49965 0
49966 1
49967 0
49968 1
49969 1
49970 1
49971 0
49972 1
49973 0
49974 0
49975 1
49976 0
49977 0
49978 0
49979 0
49980 1
49981 1
49982 0
49983 1
49984 1
49985 1
49986 1
49987 1
49988 1
49989 1
49990 1
49991 0
49992 0
49993 1
49994 0
49995 1
49996 0
49997 0
49998 0
49999 0
50000 0
50001 1
50002 0
50003 1
50004 0
50005 0
50006 1
50007 1
50008 1
50009 0
50010 0
50011 0
50012 1
50013 0
50014 1
50015 0
50016 1
50017 1
50018 0
50019 0
50020 1
50021 1
50022 1
50023 0
50024 0
50025 1
50026 1
50027 1
50028 1
50029 1
50030 0
50031 0
50032 1
50033 0
50034 0
50035 0
50036 0
50037 0
50038 0
50039 0
50040 1
50041 1
50042 1
50043 0
50044 0
50045 1
50046 1
50047 0
50048 0
50049 0
50050 0
50051 0
50052 0
50053 0
50054 0
50055 1
50056 0
50057 1
50058 0
50059 0
50060 1
50061 0
50062 1
50063 1
50064 0
50065 1
50066 0
50067 1
50068 0
50069 1
50070 1
50071 1
50072 1
50073 1
50074 1
50075 1
50076 1
50077 0
50078 0
50079 1
50080 1
50081 0
50082 0
50083 1
50084 0
50085 1
50086 0
50087 1
50088 1
50089 1
50090 1
50091 1
50092 0
50093 0
50094 1
50095 1
50096 0
50097 1
50098 1
50099 0
50100 0
50101 1
50102 1
50103 1
50104 0
50105 0
50106 1
50107 0
50108 0
50109 0
50110 0
50111 1
50112 0
50113 0
50114 0
50115 1
50116 1
50117 1
50118 0
50119 1
50120 0
50121 1
50122 0
50123 1
50124 1
50125 0
50126 1
50127 1
50128 0
50129 0
50130 1
50131 0
50132 1
50133 0
50134 1
50135 0
50136 1
50137 0
50138 0
50139 0
50140 0
50141 0
50142 1
50143 0
50144 0
50145 1
50146 1
50147 0
50148 1
50149 1
50150 1
50151 0
50152 1
50153 1
50154 1
50155 0
50156 0
50157 0
50158 1
50159 0
50160 0
50161 0
50162 0
50163 0
50164 0
50165 0
50166 1
50167 0
50168 0
50169 0
50170 1
50171 0
50172 0
50173 1
50174 1
50175 1
50176 0
50177 0
50178 0
50179 0
50180 1
50181 0
50182 0
50183 0
50184 1
50185 0
50186 1
50187 0
50188 0
50189 0
50190 1
50191 1
50192 1
50193 1
50194 0
50195 0
50196 1
50197 1
50198 1
50199 0
50200 1
50201 0
50202 1
50203 0
50204 1
50205 0
50206 0
50207 1
50208 0
50209 1
50210 1
50211 0
50212 0
50213 1
50214 0
50215 0
50216 0
50217 0
50218 1
50219 1
50220 1
50221 1
50222 1
50223 1
50224 1
50225 1
50226 0
50227 0
50228 0
50229 1
50230 0
50231 1
50232 0
50233 0
50234 1
50235 0
50236 0
50237 1
50238 0
50239 1
50240 1
50241 1
50242 0
50243 1
50244 1
50245 0
50246 1
50247 1
50248 1
50249 1
50250 0
50251 0
50252 1
50253 1
50254 0
50255 0
50256 0
50257 1
50258 1
50259 0
50260 0
50261 1
50262 0
50263 0
50264 0
50265 1
50266 1
50267 0
50268 1
50269 1
50270 0
50271 1
50272 1
50273 0
50274 0
50275 1
50276 1
50277 1
50278 1
50279 1
50280 0
50281 1
50282 0
50283 0
50284 0
50285 0
50286 1
50287 0
50288 0
50289 1
50290 1
50291 1
50292 1
50293 1
50294 1
50295 0
50296 0
50297 0
50298 0
50299 0
50300 1
50301 1
50302 1
50303 0
50304 0
50305 1
50306 0
50307 1
50308 1
50309 0
50310 0
50311 1
50312 0
50313 1
50314 0
50315 1
50316 1
50317 0
50318 0
50319 0
50320 0
50321 0
50322 0
50323 1
50324 1
50325 0
50326 0
50327 1
50328 1
50329 0
50330 0
50331 0
50332 1
50333 0
50334 0
50335 0
50336 1
50337 0
50338 0
50339 1
50340 1
50341 1
50342 1
50343 1
50344 0
50345 1
50346 0
50347 1
50348 0
50349 0
50350 0
50351 1
50352 1
50353 1
50354 1
50355 0
50356 0
50357 1
50358 0
50359 1
50360 1
50361 0
50362 0
50363 0
50364 0
50365 1
50366 1
50367 0
50368 0
50369 0
50370 0
50371 1
50372 0
50373 0
50374 1
50375 0
50376 1
50377 0
50378 1
50379 0
50380 1
50381 1
50382 1
50383 0
50384 1
50385 1
50386 1
50387 0
50388 0
50389 1
50390 1
50391 1
50392 0
50393 1
50394 0
50395 1
50396 0
50397 1
50398 1
50399 0
50400 0
50401 1
50402 1
50403 1
50404 0
50405 0
50406 0
50407 0
50408 0
50409 1
50410 1
50411 0
50412 0
50413 1
50414 1
50415 1
50416 1
50417 0
50418 1
50419 0
50420 1
50421 0
50422 0
50423 1
50424 1
50425 0
50426 1
50427 0
50428 0
50429 1
50430 0
50431 0
50432 1
50433 1
50434 0
50435 1
50436 0
50437 0
50438 0
50439 1
50440 0
50441 0
50442 1
50443 1
50444 0
50445 0
50446 0
50447 0
50448 1
50449 1
50450 0
50451 0
50452 1
50453 1
50454 1
50455 0
50456 1
50457 0
50458 0
50459 0
50460 1
50461 0
50462 0
50463 0
50464 0
50465 1
50466 0
50467 1
50468 1
50469 1
50470 0
50471 0
50472 0
50473 1
50474 1
50475 0
50476 0
50477 1
50478 1
50479 0
50480 1
50481 1
50482 0
50483 1
50484 1
50485 1
50486 0
50487 0
50488 0
50489 0
50490 0
50491 1
50492 0
50493 1
50494 1
50495 0
50496 0
50497 0
50498 1
50499 0
50500 1
50501 1
50502 1
50503 1
50504 1
50505 1
50506 1
50507 0
50508 0
50509 1
50510 1
50511 1
50512 1
50513 1
50514 1
50515 0
50516 1
50517 1
50518 1
50519 1
50520 1
50521 0
50522 0
50523 1
50524 1
50525 1
50526 0
50527 1
50528 1
50529 0
50530 1
50531 1
50532 0
50533 0
50534 0
50535 1
50536 0
50537 1
50538 1
50539 1
50540 1
50541 1
50542 0
50543 0
50544 1
50545 0
50546 0
50547 1
50548 1
50549 1
50550 1
50551 0
50552 0
50553 0
50554 1
50555 0
50556 1
50557 1
50558 0
50559 1
50560 1
50561 0
50562 0
50563 1
50564 1
50565 0
50566 0
50567 1
50568 1
50569 0
50570 0
50571 1
50572 1
50573 0
50574 1
50575 0
50576 0
50577 1
50578 0
50579 1
50580 0
50581 0
50582 1
50583 1
50584 0
50585 1
50586 0
50587 1
50588 1
50589 0
50590 1
50591 1
50592 1
50593 0
50594 0
50595 0
50596 1
50597 0
50598 1
50599 1
50600 0
50601 1
50602 1
50603 0
50604 1
50605 1
50606 0
50607 0
50608 0
50609 1
50610 0
50611 1
50612 0
50613 0
50614 0
50615 0
50616 0
50617 1
50618 0
50619 1
50620 0
50621 1
50622 0
50623 1
50624 1
50625 0
50626 0
50627 1
50628 1
50629 0
50630 0
50631 1
50632 0
50633 0
50634 1
50635 1
50636 1
50637 0
50638 0
50639 0
50640 1
50641 0
50642 0
50643 1
50644 1
50645 0
50646 0
50647 0
50648 0
50649 0
50650 1
50651 1
50652 1
50653 0
50654 0
50655 1
50656 0
50657 0
50658 1
50659 1
50660 1
50661 0
50662 0
50663 0
50664 0
50665 0
50666 1
50667 0
50668 1
50669 1
50670 1
50671 0
50672 1
50673 1
50674 1
50675 0
50676 0
50677 0
50678 1
50679 0
50680 1
50681 0
50682 1
50683 1
50684 0
50685 1
50686 0
50687 1
50688 1
50689 1
50690 0
50691 0
50692 1
50693 1
50694 1
50695 1
50696 0
50697 0
50698 1
50699 0
50700 0
50701 0
50702 1
50703 1
50704 0
50705 0
50706 0
50707 0
50708 1
50709 1
50710 0
50711 1
50712 0
50713 0
50714 0
50715 0
50716 0
50717 0
50718 1
50719 0
50720 1
50721 1
50722 0
50723 1
50724 0
50725 1
50726 0
50727 0
50728 0
50729 0
50730 0
50731 1
50732 0
50733 1
50734 1
50735 0
50736 0
50737 1
50738 1
50739 1
50740 0
50741 0
50742 0
50743 0
50744 1
50745 0
50746 0
50747 0
50748 0
50749 1
50750 1
50751 1
50752 0
50753 1
50754 1
50755 1
50756 0
50757 1
50758 0
50759 1
50760 0
50761 1
50762 1
50763 1
50764 0
50765 0
50766 0
50767 1
50768 1
50769 0
50770 1
50771 1
50772 1
50773 0
50774 1
50775 1
50776 0
50777 1
50778 1
50779 1
50780 0
50781 1
50782 1
50783 1
50784 0
50785 1
50786 0
50787 0
50788 1
50789 0
50790 1
50791 0
50792 0
50793 1
50794 0
50795 1
50796 1
50797 0
50798 0
50799 1
50800 0
50801 1
50802 0
50803 1
50804 0
50805 0
50806 0
50807 0
50808 1
50809 0
50810 1
50811 1
50812 1
50813 1
50814 0
50815 0
50816 1
50817 0
50818 1
50819 0
50820 1
50821 1
50822 1
50823 1
50824 0
50825 0
50826 0
50827 1
50828 0
50829 0
50830 0
50831 0
50832 0
50833 1
50834 1
50835 0
50836 0
50837 1
50838 0
50839 0
50840 0
50841 1
50842 0
50843 0
50844 1
50845 1
50846 1
50847 0
50848 1
50849 0
50850 1
50851 0
50852 1
50853 1
50854 1
50855 1
50856 1
50857 1
50858 0
50859 0
50860 0
50861 1
50862 0
50863 0
50864 0
50865 0
50866 0
50867 0
50868 1
50869 1
50870 1
50871 0
50872 1
50873 1
50874 1
50875 0
50876 1
50877 0
50878 0
50879 0
50880 1
50881 1
50882 1
50883 1
50884 1
50885 1
50886 1
50887 1
50888 1
50889 0
50890 1
50891 0
50892 1
50893 1
50894 1
50895 1
50896 1
50897 0
50898 0
50899 1
50900 0
50901 0
50902 0
50903 0
50904 1
50905 0
50906 1
50907 0
50908 1
50909 1
50910 1
50911 0
50912 1
50913 0
50914 1
50915 1
50916 1
50917 1
50918 1
50919 0
50920 0
50921 0
50922 0
50923 1
50924 0
50925 1
50926 1
50927 1
50928 1
50929 1
50930 1
50931 1
50932 1
50933 0
50934 0
50935 1
50936 0
50937 0
50938 0
50939 1
50940 1
50941 0
50942 0
50943 1
50944 1
50945 0
50946 1
50947 1
50948 0
50949 0
50950 1
50951 0
50952 1
50953 0
50954 1
50955 0
50956 0
50957 0
50958 1
50959 0
50960 0
50961 1
50962 0
50963 0
50964 0
50965 0
50966 1
50967 1
50968 1
50969 1
50970 1
50971 1
50972 0
50973 1
50974 1
50975 1
50976 0
50977 1
50978 1
50979 1
50980 0
50981 0
50982 1
50983 0
50984 1
50985 0
50986 0
50987 1
50988 1
50989 0
50990 0
50991 1
50992 0
50993 1
50994 0
50995 0
50996 0
50997 0
50998 0
50999 1
51000 0
51001 0
51002 0
51003 1
51004 0
51005 0
51006 0
51007 0
51008 1
51009 1
51010 0
51011 1
51012 1
51013 0
51014 0
51015 1
51016 1
51017 1
51018 1
51019 1
51020 0
51021 0
51022 1
51023 0
51024 0
51025 1
51026 0
51027 0
51028 1
51029 0
51030 1
51031 0
51032 0
51033 0
51034 0
51035 0
51036 1
51037 0
51038 0
51039 1
51040 1
51041 1
51042 1
51043 0
51044 1
51045 0
51046 1
51047 1
51048 1
51049 1
51050 0
51051 0
51052 1
51053 1
51054 1
51055 1
51056 0
51057 1
51058 0
51059 0
51060 0
51061 0
51062 0
51063 1
51064 0
51065 0
51066 1
51067 0
51068 0
51069 1
51070 0
51071 1
51072 0
51073 0
51074 0
51075 1
51076 1
51077 0
51078 1
51079 0
51080 1
51081 1
51082 0
51083 1
51084 1
51085 0
51086 0
51087 1
51088 1
51089 1
51090 0
51091 0
51092 1
51093 1
51094 0
51095 1
51096 0
51097 0
51098 1
51099 1
51100 1
51101 0
51102 0
51103 1
51104 1
51105 0
51106 1
51107 1
51108 0
51109 0
51110 0
51111 0
51112 1
51113 1
51114 0
51115 1
51116 1
51117 0
51118 1
51119 0
51120 0
51121 1
51122 1
51123 1
51124 1
51125 0
51126 0
51127 1
51128 0
51129 1
51130 1
51131 0
51132 0
51133 1
51134 1
51135 0
51136 1
51137 1
51138 1
51139 1
51140 1
51141 0
51142 0
51143 1
51144 1
51145 0
51146 0
51147 0
51148 1
51149 0
51150 1
51151 1
51152 1
51153 1
51154 0
51155 1
51156 0
51157 0
51158 1
51159 0
51160 1
51161 0
51162 1
51163 0
51164 0
51165 0
51166 0
51167 0
51168 0
51169 1
51170 1
51171 1
51172 0
51173 1
51174 1
51175 0
51176 1
51177 1
51178 0
51179 0
51180 0
51181 0
51182 1
51183 1
51184 0
51185 0
51186 1
51187 1
51188 1
51189 1
51190 1
51191 1
51192 0
51193 1
51194 0
51195 0
51196 1
51197 0
51198 1
51199 0
51200 1
51201 1
51202 1
51203 0
51204 0
51205 0
51206 1
51207 0
51208 0
51209 0
51210 0
51211 0
51212 1
51213 1
51214 1
51215 0
51216 1
51217 1
51218 0
51219 0
51220 1
51221 0
51222 1
51223 0
51224 0
51225 1
51226 0
51227 1
51228 0
51229 1
51230 1
51231 1
51232 1
51233 1
51234 1
51235 0
51236 1
51237 0
51238 1
51239 0
51240 1
51241 1
51242 0
51243 1
51244 0
51245 1
51246 0
51247 0
51248 1
51249 1
51250 1
51251 0
51252 1
51253 0
51254 0
51255 0
51256 1
51257 1
51258 0
51259 1
51260 0
51261 0
51262 0
51263 0
51264 1
51265 0
51266 1
51267 1
51268 0
51269 1
51270 1
51271 1
51272 1
51273 1
51274 0
51275 1
51276 1
51277 1
51278 0
51279 1
51280 0
51281 1
51282 1
51283 1
51284 0
51285 0
51286 0
51287 1
51288 0
51289 0
51290 0
51291 1
51292 1
51293 1
51294 1
51295 1
51296 0
51297 1
51298 1
51299 0
51300 0
51301 1
51302 0
51303 1
51304 0
51305 0
51306 1
51307 1
51308 1
51309 1
51310 0
51311 0
51312 1
51313 0
51314 1
51315 0
51316 0
51317 1
51318 0
51319 0
51320 1
51321 1
51322 1
51323 1
51324 0
51325 0
51326 1
51327 0
51328 1
51329 1
51330 1
51331 1
51332 0
51333 0
51334 0
51335 0
51336 1
51337 0
51338 0
51339 0
51340 1
51341 1
51342 1
51343 1
51344 1
51345 0
51346 1
51347 0
51348 1
51349 0
51350 1
51351 1
51352 0
51353 0
51354 0
51355 0
51356 0
51357 0
51358 0
51359 1
51360 1
51361 1
51362 0
51363 0
51364 0
51365 1
51366 0
51367 0
51368 1
51369 0
51370 1
51371 0
51372 0
51373 0
51374 1
51375 0
51376 1
51377 1
51378 1
51379 0
51380 0
51381 1
51382 1
51383 1
51384 1
51385 0
51386 0
51387 0
51388 1
51389 0
51390 0
51391 0
51392 1
51393 0
51394 1
51395 1
51396 0
51397 0
51398 1
51399 1
51400 1
51401 0
51402 0
51403 1
51404 1
51405 0
51406 0
51407 1
51408 0
51409 1
51410 0
51411 1
51412 0
51413 1
51414 1
51415 1
51416 1
51417 1
51418 0
51419 1
51420 1
51421 0
51422 1
51423 1
51424 0
51425 0
51426 1
51427 1
51428 0
51429 0
51430 0
51431 1
51432 0
51433 0
51434 1
51435 0
51436 1
51437 0
51438 0
51439 1
51440 0
51441 1
51442 1
51443 1
51444 0
51445 0
51446 1
51447 1
51448 1
51449 1
51450 0
51451 1
51452 1
51453 1
51454 1
51455 0
51456 1
51457 1
51458 1
51459 1
51460 0
51461 0
51462 1
51463 0
51464 1
51465 0
51466 1
51467 0
51468 0
51469 1
51470 0
51471 0
51472 1
51473 0
51474 1
51475 0
51476 1
51477 0
51478 1
51479 1
51480 1
51481 1
51482 1
51483 1
51484 0
51485 1
51486 0
51487 0
51488 0
51489 1
51490 1
51491 0
51492 1
51493 0
51494 0
51495 1
51496 0
51497 1
51498 0
51499 1
51500 0
51501 0
51502 0
51503 1
51504 1
51505 1
51506 0
51507 1
51508 1
51509 1
51510 0
51511 1
51512 0
51513 0
51514 1
51515 1
51516 0
51517 1
51518 0
51519 1
51520 1
51521 0
51522 0
51523 1
51524 0
51525 0
51526 0
51527 1
51528 1
51529 0
51530 1
51531 1
51532 1
51533 1
51534 0
51535 1
51536 1
51537 1
51538 1
51539 1
51540 1
51541 0
51542 0
51543 0
51544 0
51545 0
51546 1
51547 1
51548 0
51549 0
51550 0
51551 0
51552 1
51553 0
51554 1
51555 1
51556 1
51557 0
51558 0
51559 0
51560 0
51561 1
51562 1
51563 1
51564 0
51565 0
51566 0
51567 0
51568 1
51569 1
51570 1
51571 0
51572 0
51573 0
51574 1
51575 0
51576 1
51577 0
51578 0
51579 1
51580 1
51581 0
51582 1
51583 1
51584 1
51585 0
51586 1
51587 1
51588 1
51589 1
51590 0
51591 0
51592 0
51593 0
51594 1
51595 0
51596 0
51597 1
51598 0
51599 0
51600 0
51601 0
51602 0
51603 1
51604 1
51605 1
51606 0
51607 0
51608 1
51609 0
51610 0
51611 0
51612 1
51613 0
51614 1
51615 1
51616 1
51617 1
51618 0
51619 0
51620 0
51621 0
51622 1
51623 1
51624 1
51625 1
51626 0
51627 1
51628 0
51629 0
51630 1
51631 1
51632 1
51633 0
51634 1
51635 0
51636 1
51637 0
51638 1
51639 0
51640 0
51641 0
51642 0
51643 1
51644 1
51645 1
51646 1
51647 0
51648 0
51649 1
51650 0
51651 0
51652 1
51653 0
51654 0
51655 0
51656 1
51657 0
51658 1
51659 1
51660 0
51661 1
51662 1
51663 1
51664 0
51665 1
51666 1
51667 0
51668 0
51669 1
51670 0
51671 1
51672 1
51673 1
51674 0
51675 0
51676 1
51677 1
51678 1
51679 0
51680 1
51681 0
51682 0
51683 1
51684 1
51685 0
51686 0
51687 0
51688 0
51689 0
51690 1
51691 1
51692 0
51693 1
51694 1
51695 0
51696 0
51697 1
51698 1
51699 0
51700 1
51701 0
51702 0
51703 1
51704 1
51705 1
51706 0
51707 1
51708 0
51709 1
51710 0
51711 0
51712 1
51713 0
51714 1
51715 0
51716 1
51717 0
51718 1
51719 0
51720 1
51721 1
51722 1
51723 0
51724 1
51725 0
51726 0
51727 0
51728 0
51729 0
51730 1
51731 0
51732 0
51733 1
51734 1
51735 0
51736 0
51737 1
51738 0
51739 1
51740 1
51741 0
51742 1
51743 1
51744 0
51745 0
51746 1
51747 1
51748 1
51749 0
51750 1
51751 0
51752 1
51753 0
51754 0
51755 0
51756 1
51757 1
51758 0
51759 0
51760 0
51761 1
51762 0
51763 0
51764 0
51765 1
51766 1
51767 1
51768 1
51769 0
51770 1
51771 0
51772 0
51773 0
51774 1
51775 1
51776 0
51777 1
51778 0
51779 1
51780 1
51781 0
51782 0
51783 0
51784 0
51785 0
51786 1
51787 1
51788 0
51789 0
51790 1
51791 0
51792 1
51793 1
51794 1
51795 1
51796 1
51797 1
51798 1
51799 1
51800 0
51801 0
51802 0
51803 1
51804 0
51805 0
51806 0
51807 1
51808 0
51809 1
51810 0
51811 1
51812 1
51813 1
51814 1
51815 0
51816 1
51817 0
51818 0
51819 1
51820 1
51821 0
51822 0
51823 1
51824 0
51825 0
51826 1
51827 0
51828 1
51829 1
51830 0
51831 1
51832 0
51833 1
51834 1
51835 0
51836 1
51837 1
51838 1
51839 1
51840 1
51841 1
51842 1
51843 1
51844 1
51845 0
51846 0
51847 0
51848 1
51849 0
51850 0
51851 1
51852 1
51853 1
51854 0
51855 1
51856 0
51857 1
51858 1
51859 1
51860 0
51861 1
51862 1
51863 0
51864 0
51865 1
51866 1
51867 0
51868 0
51869 1
51870 0
51871 1
51872 1
51873 1
51874 1
51875 0
51876 1
51877 0
51878 1
51879 1
51880 1
51881 0
51882 1
51883 1
51884 1
51885 0
51886 1
51887 0
51888 1
51889 0
51890 1
51891 0
51892 1
51893 0
51894 1
51895 0
51896 0
51897 1
51898 0
51899 1
51900 0
51901 1
51902 1
51903 0
51904 1
51905 1
51906 0
51907 0
51908 0
51909 0
51910 1
51911 0
51912 1
51913 1
51914 0
51915 1
51916 0
51917 0
51918 1
51919 0
51920 0
51921 0
51922 0
51923 0
51924 0
51925 0
51926 1
51927 1
51928 1
51929 1
51930 0
51931 1
51932 0
51933 1
51934 0
51935 0
51936 0
51937 1
51938 0
51939 0
51940 0
51941 0
51942 1
51943 1
51944 0
51945 0
51946 1
51947 1
51948 0
51949 1
51950 1
51951 1
51952 1
51953 1
51954 0
51955 1
51956 0
51957 1
51958 0
51959 1
51960 0
51961 1
51962 1
51963 1
51964 0
51965 1
51966 0
51967 1
51968 0
51969 0
51970 0
51971 1
51972 1
51973 0
51974 1
51975 1
51976 1
51977 0
51978 0
51979 0
51980 1
51981 1
51982 0
51983 1
51984 0
51985 1
51986 1
51987 0
51988 0
51989 1
51990 0
51991 1
51992 1
51993 0
51994 1
51995 0
51996 0
51997 0
51998 1
51999 1
52000 1
52001 1
52002 0
52003 1
52004 0
52005 0
52006 0
52007 0
52008 0
52009 0
52010 0
52011 1
52012 1
52013 0
52014 0
52015 0
52016 1
52017 0
52018 0
52019 0
52020 1
52021 1
52022 0
52023 1
52024 1
52025 0
52026 0
52027 1
52028 0
52029 0
52030 1
52031 0
52032 0
52033 1
52034 1
52035 0
52036 1
52037 0
52038 1
52039 1
52040 1
52041 1
52042 0
52043 0
52044 1
52045 0
52046 1
52047 1
52048 1
52049 1
52050 1
52051 0
52052 0
52053 0
52054 0
52055 0
52056 1
52057 0
52058 1
52059 0
52060 0
52061 1
52062 1
52063 0
52064 1
52065 1
52066 0
52067 1
52068 1
52069 0
52070 1
52071 1
52072 1
52073 1
52074 1
52075 1
52076 1
52077 1
52078 0
52079 1
52080 1
52081 1
52082 0
52083 0
52084 1
52085 0
52086 1
52087 0
52088 1
52089 1
52090 1
52091 0
52092 0
52093 1
52094 0
52095 1
52096 0
52097 0
52098 1
52099 1
52100 1
52101 0
52102 0
52103 1
52104 1
52105 1
52106 0
52107 1
52108 0
52109 1
52110 0
52111 0
52112 0
52113 0
52114 0
52115 1
52116 1
52117 0
52118 0
52119 0
52120 1
52121 0
52122 1
52123 0
52124 1
52125 1
52126 0
52127 1
52128 1
52129 1
52130 1
52131 0
52132 1
52133 1
52134 1
52135 1
52136 1
52137 0
52138 0
52139 0
52140 1
52141 0
52142 1
52143 0
52144 0
52145 0
52146 1
52147 1
52148 1
52149 1
52150 1
52151 0
52152 1
52153 0
52154 0
52155 1
52156 1
52157 0
52158 0
52159 0
52160 1
52161 1
52162 0
52163 1
52164 1
52165 0
52166 1
52167 0
52168 0
52169 0
52170 1
52171 1
52172 1
52173 0
52174 0
52175 0
52176 0
52177 0
52178 0
52179 1
52180 0
52181 1
52182 0
52183 1
52184 0
52185 0
52186 0
52187 1
52188 1
52189 0
52190 1
52191 0
52192 0
52193 1
52194 1
52195 0
52196 1
52197 1
52198 1
52199 1
52200 0
52201 1
52202 1
52203 1
52204 0
52205 0
52206 1
52207 0
52208 1
52209 1
52210 0
52211 1
52212 1
52213 0
52214 1
52215 0
52216 0
52217 0
52218 0
52219 1
52220 1
52221 1
52222 0
52223 1
52224 1
52225 1
52226 1
52227 0
52228 0
52229 0
52230 1
52231 1
52232 0
52233 0
52234 0
52235 0
52236 1
52237 1
52238 1
52239 1
52240 0
52241 0
52242 1
52243 0
52244 0
52245 0
52246 0
52247 0
52248 1
52249 0
52250 1
52251 1
52252 1
52253 1
52254 1
52255 0
52256 1
52257 1
52258 0
52259 1
52260 1
52261 1
52262 1
52263 0
52264 0
52265 0
52266 1
52267 0
52268 0
52269 1
52270 1
52271 1
52272 1
52273 0
52274 1
52275 0
52276 0
52277 0
52278 1
52279 0
52280 1
52281 1
52282 0
52283 1
52284 1
52285 0
52286 1
52287 0
52288 0
52289 1
52290 1
52291 1
52292 0
52293 1
52294 1
52295 0
52296 1
52297 1
52298 0
52299 0
52300 1
52301 0
52302 0
52303 1
52304 0
52305 0
52306 0
52307 1
52308 1
52309 1
52310 0
52311 0
52312 1
52313 0
52314 0
52315 1
52316 1
52317 1
52318 1
52319 0
52320 0
52321 1
52322 0
52323 0
52324 1
52325 0
52326 1
52327 1
52328 0
52329 0
52330 1
52331 0
52332 0
52333 1
52334 1
52335 1
52336 0
52337 1
52338 0
52339 1
52340 0
52341 1
52342 0
52343 1
52344 1
52345 0
52346 0
52347 0
52348 1
52349 1
52350 0
52351 0
52352 1
52353 0
52354 0
52355 1
52356 0
52357 0
52358 1
52359 0
52360 0
52361 0
52362 1
52363 1
52364 1
52365 0
52366 1
52367 0
52368 0
52369 0
52370 0
52371 0
52372 0
52373 0
52374 0
52375 1
52376 0
52377 0
52378 1
52379 1
52380 0
52381 0
52382 1
52383 0
52384 0
52385 1
52386 1
52387 0
52388 1
52389 0
52390 0
52391 0
52392 0
52393 0
52394 1
52395 1
52396 1
52397 0
52398 0
52399 1
52400 0
52401 1
52402 0
52403 0
52404 1
52405 0
52406 1
52407 0
52408 1
52409 0
52410 1
52411 1
52412 1
52413 0
52414 0
52415 1
52416 0
52417 0
52418 0
52419 0
52420 1
52421 0
52422 1
52423 1
52424 1
52425 1
52426 0
52427 1
52428 1
52429 1
52430 0
52431 0
52432 0
52433 1
52434 0
52435 1
52436 0
52437 0
52438 0
52439 0
52440 1
52441 0
52442 1
52443 1
52444 1
52445 0
52446 1
52447 0
52448 0
52449 0
52450 1
52451 0
52452 1
52453 1
52454 1
52455 0
52456 0
52457 0
52458 1
52459 1
52460 1
52461 1
52462 1
52463 1
52464 1
52465 0
52466 0
52467 1
52468 0
52469 0
52470 0
52471 0
52472 1
52473 1
52474 1
52475 0
52476 0
52477 0
52478 0
52479 1
52480 1
52481 0
52482 0
52483 0
52484 1
52485 1
52486 1
52487 1
52488 0
52489 1
52490 1
52491 1
52492 1
52493 1
52494 0
52495 1
52496 0
52497 1
52498 0
52499 0
52500 0
52501 1
52502 0
52503 1
52504 1
52505 1
52506 1
52507 1
52508 1
52509 0
52510 0
52511 1
52512 1
52513 0
52514 1
52515 0
52516 1
52517 0
52518 1
52519 0
52520 0
52521 0
52522 1
52523 0
52524 1
52525 1
52526 0
52527 1
52528 0
52529 1
52530 1
52531 0
52532 1
52533 0
52534 1
52535 1
52536 0
52537 1
52538 1
52539 1
52540 0
52541 0
52542 1
52543 0
52544 0
52545 1
52546 0
52547 1
52548 1
52549 0
52550 0
52551 0
52552 1
52553 0
52554 1
52555 0
52556 1
52557 0
52558 0
52559 1
52560 1
52561 0
52562 0
52563 1
52564 1
52565 1
52566 1
52567 0
52568 0
52569 0
52570 0
52571 0
52572 0
52573 0
52574 1
52575 1
52576 0
52577 0
52578 1
52579 1
52580 1
52581 1
52582 1
52583 0
52584 1
52585 0
52586 1
52587 1
52588 0
52589 1
52590 0
52591 0
52592 1
52593 0
52594 1
52595 1
52596 0
52597 0
52598 1
52599 0
52600 1
52601 1
52602 1
52603 1
52604 0
52605 0
52606 0
52607 1
52608 1
52609 1
52610 0
52611 1
52612 1
52613 0
52614 1
52615 0
52616 0
52617 0
52618 0
52619 0
52620 0
52621 1
52622 1
52623 1
52624 0
52625 0
52626 1
52627 1
52628 1
52629 0
52630 0
52631 1
52632 0
52633 1
52634 1
52635 0
52636 0
52637 1
52638 1
52639 1
52640 1
52641 0
52642 0
52643 0
52644 0
52645 1
52646 1
52647 0
52648 0
52649 0
52650 1
52651 0
52652 1
52653 1
52654 0
52655 1
52656 1
52657 0
52658 0
52659 0
52660 0
52661 1
52662 0
52663 0
52664 1
52665 1
52666 1
52667 0
52668 1
52669 0
52670 1
52671 1
52672 0
52673 0
52674 1
52675 1
52676 0
52677 1
52678 0
52679 1
52680 1
52681 0
52682 1
52683 0
52684 0
52685 1
52686 1
52687 0
52688 1
52689 0
52690 1
52691 1
52692 0
52693 1
52694 0
52695 0
52696 0
52697 1
52698 1
52699 1
52700 1
52701 1
52702 1
52703 1
52704 0
52705 1
52706 1
52707 0
52708 0
52709 1
52710 1
52711 1
52712 1
52713 0
52714 1
52715 0
52716 0
52717 1
52718 1
52719 1
52720 0
52721 0
52722 1
52723 1
52724 0
52725 0
52726 0
52727 0
52728 1
52729 0
52730 1
52731 1
52732 1
52733 1
52734 1
52735 1
52736 0
52737 1
52738 1
52739 1
52740 1
52741 1
52742 1
52743 1
52744 1
52745 1
52746 0
52747 0
52748 1
52749 0
52750 0
52751 0
52752 0
52753 0
52754 0
52755 1
52756 0
52757 1
52758 0
52759 0
52760 1
52761 0
52762 1
52763 0
52764 0
52765 0
52766 0
52767 0
52768 1
52769 1
52770 0
52771 1
52772 0
52773 1
52774 0
52775 0
52776 0
52777 0
52778 1
52779 0
52780 0
52781 0
52782 0
52783 1
52784 0
52785 1
52786 1
52787 0
52788 0
52789 0
52790 0
52791 1
52792 0
52793 0
52794 0
52795 1
52796 0
52797 0
52798 1
52799 1
52800 0
52801 1
52802 1
52803 0
52804 0
52805 1
52806 0
52807 1
52808 0
52809 0
52810 1
52811 0
52812 0
52813 0
52814 0
52815 0
52816 1
52817 1
52818 1
52819 0
52820 1
52821 0
52822 0
52823 0
52824 1
52825 1
52826 0
52827 0
52828 0
52829 1
52830 0
52831 1
52832 1
52833 1
52834 1
52835 0
52836 0
52837 1
52838 0
52839 1
52840 1
52841 1
52842 0
52843 1
52844 1
52845 1
52846 0
52847 0
52848 0
52849 0
52850 1
52851 1
52852 1
52853 1
52854 1
52855 1
52856 1
52857 1
52858 0
52859 1
52860 1
52861 1
52862 1
52863 1
52864 1
52865 0
52866 0
52867 1
52868 0
52869 1
52870 0
52871 1
52872 0
52873 1
52874 0
52875 0
52876 1
52877 1
52878 0
52879 1
52880 0
52881 0
52882 0
52883 1
52884 1
52885 0
52886 0
52887 1
52888 0
52889 1
52890 0
52891 1
52892 1
52893 1
52894 1
52895 0
52896 0
52897 1
52898 0
52899 0
52900 0
52901 1
52902 0
52903 0
52904 0
52905 0
52906 0
52907 1
52908 0
52909 0
52910 1
52911 0
52912 0
52913 0
52914 1
52915 0
52916 0
52917 1
52918 0
52919 0
52920 1
52921 0
52922 1
52923 0
52924 0
52925 1
52926 1
52927 0
52928 1
52929 0
52930 0
52931 0
52932 1
52933 0
52934 1
52935 0
52936 0
52937 0
52938 0
52939 0
52940 1
52941 0
52942 0
52943 0
52944 0
52945 1
52946 0
52947 1
52948 1
52949 1
52950 0
52951 1
52952 0
52953 1
52954 0
52955 1
52956 0
52957 0
52958 0
52959 0
52960 0
52961 0
52962 1
52963 1
52964 0
52965 0
52966 1
52967 0
52968 0
52969 1
52970 0
52971 0
52972 0
52973 1
52974 0
52975 1
52976 0
52977 1
52978 0
52979 0
52980 0
52981 1
52982 1
52983 0
52984 0
52985 1
52986 0
52987 1
52988 0
52989 0
52990 0
52991 1
52992 0
52993 1
52994 0
52995 0
52996 0
52997 1
52998 1
52999 1
53000 0
53001 0
53002 0
53003 0
53004 1
53005 1
53006 0
53007 1
53008 0
53009 0
53010 1
53011 1
53012 1
53013 0
53014 1
53015 1
53016 1
53017 1
53018 1
53019 0
53020 1
53021 0
53022 1
53023 1
53024 1
53025 0
53026 1
53027 1
53028 1
53029 1
53030 1
53031 0
53032 0
53033 0
53034 1
53035 0
53036 0
53037 0
53038 1
53039 1
53040 1
53041 0
53042 0
53043 0
53044 0
53045 0
53046 0
53047 0
53048 1
53049 1
53050 1
53051 1
53052 0
53053 1
53054 1
53055 0
53056 0
53057 0
53058 1
53059 0
53060 1
53061 1
53062 1
53063 1
53064 0
53065 1
53066 1
53067 1
53068 0
53069 1
53070 0
53071 1
53072 1
53073 1
53074 1
53075 0
53076 0
53077 0
53078 0
53079 1
53080 0
53081 1
53082 1
53083 1
53084 1
53085 0
53086 0
53087 0
53088 0
53089 0
53090 1
53091 1
53092 1
53093 0
53094 1
53095 1
53096 0
53097 0
53098 0
53099 1
53100 1
53101 1
53102 0
53103 0
53104 1
53105 1
53106 0
53107 1
53108 1
53109 1
53110 0
53111 1
53112 1
53113 0
53114 0
53115 0
53116 0
53117 1
53118 1
53119 0
53120 0
53121 0
53122 1
53123 1
53124 1
53125 0
53126 0
53127 1
53128 0
53129 1
53130 0
53131 1
53132 1
53133 1
53134 1
53135 1
53136 1
53137 0
53138 0
53139 1
53140 1
53141 0
53142 0
53143 1
53144 1
53145 0
53146 0
53147 1
53148 0
53149 0
53150 1
53151 1
53152 0
53153 0
53154 1
53155 1
53156 0
53157 1
53158 1
53159 0
53160 0
53161 0
53162 0
53163 0
53164 1
53165 1
53166 0
53167 1
53168 1
53169 0
53170 1
53171 1
53172 0
53173 0
53174 1
53175 0
53176 1
53177 0
53178 0
53179 0
53180 1
53181 1
53182 0
53183 0
53184 1
53185 0
53186 1
53187 1
53188 0
53189 1
53190 1
53191 1
53192 0
53193 1
53194 0
53195 1
53196 1
53197 0
53198 0
53199 1
53200 1
53201 1
53202 1
53203 1
53204 1
53205 0
53206 0
53207 1
53208 1
53209 1
53210 0
53211 0
53212 0
53213 0
53214 1
53215 1
53216 0
53217 1
53218 1
53219 0
53220 1
53221 0
53222 1
53223 1
53224 0
53225 1
53226 1
53227 1
53228 0
53229 1
53230 1
53231 1
53232 0
53233 1
53234 1
53235 0
53236 1
53237 0
53238 1
53239 1
53240 0
53241 1
53242 1
53243 0
53244 1
53245 0
53246 0
53247 0
53248 0
53249 0
53250 0
53251 1
53252 0
53253 0
53254 0
53255 0
53256 1
53257 0
53258 1
53259 0
53260 1
53261 0
53262 0
53263 1
53264 1
53265 0
53266 0
53267 0
53268 0
53269 0
53270 1
53271 1
53272 1
53273 1
53274 0
53275 1
53276 0
53277 0
53278 1
53279 1
53280 0
53281 1
53282 1
53283 0
53284 1
53285 1
53286 1
53287 1
53288 0
53289 1
53290 1
53291 1
53292 0
53293 0
53294 0
53295 1
53296 1
53297 0
53298 0
53299 1
53300 0
53301 1
53302 1
53303 1
53304 1
53305 0
53306 1
53307 1
53308 0
53309 0
53310 1
53311 0
53312 0
53313 0
53314 1
53315 1
53316 1
53317 1
53318 1
53319 0
53320 0
53321 0
53322 1
53323 0
53324 0
53325 0
53326 0
53327 1
53328 0
53329 0
53330 1
53331 1
53332 0
53333 1
53334 1
53335 0
53336 1
53337 0
53338 1
53339 0
53340 1
53341 1
53342 1
53343 1
53344 1
53345 0
53346 0
53347 0
53348 1
53349 1
53350 0
53351 1
53352 1
53353 1
53354 0
53355 0
53356 0
53357 0
53358 1
53359 1
53360 0
53361 0
53362 0
53363 0
53364 1
53365 0
53366 1
53367 1
53368 0
53369 1
53370 0
53371 1
53372 1
53373 1
53374 1
53375 1
53376 1
53377 0
53378 0
53379 1
53380 0
53381 1
53382 0
53383 0
53384 1
53385 1
53386 0
53387 1
53388 0
53389 1
53390 0
53391 1
53392 0
53393 1
53394 1
53395 0
53396 0
53397 0
53398 0
53399 1
53400 0
53401 1
53402 0
53403 0
53404 1
53405 1
53406 0
53407 0
53408 1
53409 0
53410 0
53411 1
53412 1
53413 0
53414 0
53415 0
53416 0
53417 1
53418 1
53419 0
53420 1
53421 0
53422 1
53423 1
53424 0
53425 1
53426 0
53427 0
53428 0
53429 0
53430 0
53431 1
53432 0
53433 1
53434 1
53435 1
53436 0
53437 1
53438 0
53439 0
53440 1
53441 0
53442 0
53443 0
53444 1
53445 0
53446 1
53447 1
53448 0
53449 1
53450 0
53451 0
53452 0
53453 0
53454 1
53455 1
53456 0
53457 0
53458 0
53459 1
53460 1
53461 1
53462 0
53463 1
53464 0
53465 0
53466 1
53467 1
53468 1
53469 1
53470 1
53471 0
53472 0
53473 1
53474 1
53475 1
53476 1
53477 1
53478 0
53479 0
53480 0
53481 1
53482 1
53483 1
53484 0
53485 0
53486 0
53487 1
53488 0
53489 0
53490 0
53491 1
53492 1
53493 1
53494 0
53495 1
53496 1
53497 0
53498 1
53499 0
53500 0
53501 1
53502 0
53503 0
53504 1
53505 1
53506 1
53507 1
53508 0
53509 0
53510 0
53511 1
53512 1
53513 0
53514 1
53515 1
53516 0
53517 1
53518 1
53519 1
53520 1
53521 1
53522 0
53523 1
53524 1
53525 1
53526 1
53527 1
53528 0
53529 0
53530 1
53531 0
53532 1
53533 1
53534 0
53535 1
53536 1
53537 1
53538 1
53539 0
53540 1
53541 0
53542 1
53543 1
53544 0
53545 1
53546 0
53547 0
53548 1
53549 1
53550 1
53551 0
53552 1
53553 0
53554 0
53555 1
53556 0
53557 1
53558 1
53559 1
53560 0
53561 1
53562 1
53563 1
53564 0
53565 0
53566 1
53567 1
53568 0
53569 1
53570 0
53571 1
53572 0
53573 1
53574 1
53575 1
53576 1
53577 0
53578 1
53579 1
53580 0
53581 0
53582 0
53583 1
53584 1
53585 1
53586 0
53587 1
53588 1
53589 0
53590 0
53591 0
53592 0
53593 1
53594 1
53595 1
53596 1
53597 0
53598 0
53599 0
53600 0
53601 1
53602 1
53603 0
53604 0
53605 1
53606 0
53607 0
53608 1
53609 0
53610 1
53611 1
53612 0
53613 0
53614 1
53615 1
53616 0
53617 1
53618 0
53619 1
53620 1
53621 1
53622 0
53623 1
53624 0
53625 0
53626 0
53627 1
53628 1
53629 0
53630 0
53631 1
53632 1
53633 0
53634 1
53635 1
53636 1
53637 0
53638 1
53639 0
53640 1
53641 1
53642 1
53643 1
53644 0
53645 1
53646 1
53647 0
53648 1
53649 1
53650 0
53651 0
53652 0
53653 1
53654 1
53655 1
53656 1
53657 1
53658 0
53659 0
53660 1
53661 0
53662 1
53663 1
53664 0
53665 0
53666 1
53667 0
53668 1
53669 1
53670 1
53671 0
53672 0
53673 0
53674 1
53675 1
53676 0
53677 0
53678 0
53679 0
53680 1
53681 1
53682 0
53683 1
53684 1
53685 1
53686 0
53687 1
53688 0
53689 0
53690 1
53691 0
53692 0
53693 0
53694 0
53695 0
53696 0
53697 0
53698 0
53699 0
53700 1
53701 1
53702 0
53703 1
53704 0
53705 1
53706 0
53707 0
53708 0
53709 1
53710 0
53711 0
53712 0
53713 0
53714 0
53715 0
53716 0
53717 1
53718 0
53719 1
53720 0
53721 0
53722 1
53723 1
53724 0
53725 0
53726 0
53727 0
53728 1
53729 1
53730 1
53731 0
53732 0
53733 1
53734 0
53735 1
53736 0
53737 0
53738 0
53739 0
53740 1
53741 0
53742 1
53743 1
53744 1
53745 1
53746 1
53747 1
53748 0
53749 0
53750 0
53751 1
53752 0
53753 1
53754 0
53755 1
53756 1
53757 0
53758 0
53759 0
53760 0
53761 1
53762 0
53763 0
53764 0
53765 1
53766 1
53767 1
53768 0
53769 0
53770 0
53771 0
53772 1
53773 0
53774 0
53775 1
53776 1
53777 0
53778 0
53779 0
53780 0
53781 0
53782 1
53783 0
53784 0
53785 0
53786 0
53787 1
53788 0
53789 1
53790 0
53791 0
53792 1
53793 0
53794 1
53795 0
53796 0
53797 1
53798 0
53799 0
53800 0
53801 0
53802 1
53803 1
53804 0
53805 0
53806 1
53807 0
53808 1
53809 0
53810 1
53811 1
53812 0
53813 0
53814 0
53815 1
53816 0
53817 1
53818 0
53819 1
53820 1
53821 1
53822 1
53823 1
53824 0
53825 1
53826 0
53827 0
53828 0
53829 0
53830 1
53831 1
53832 0
53833 1
53834 0
53835 0
53836 0
53837 0
53838 0
53839 1
53840 0
53841 0
53842 1
53843 0
53844 1
53845 1
53846 1
53847 1
53848 1
53849 1
53850 0
53851 0
53852 0
53853 0
53854 0
53855 0
53856 1
53857 1
53858 1
53859 1
53860 0
53861 0
53862 0
53863 0
53864 0
53865 0
53866 1
53867 0
53868 0
53869 1
53870 1
53871 0
53872 0
53873 0
53874 0
53875 1
53876 1
53877 1
53878 0
53879 1
53880 0
53881 0
53882 1
53883 1
53884 0
53885 1
53886 0
53887 1
53888 0
53889 1
53890 1
53891 0
53892 1
53893 0
53894 1
53895 1
53896 0
53897 1
53898 1
53899 0
53900 0
53901 1
53902 0
53903 1
53904 1
53905 1
53906 1
53907 1
53908 1
53909 0
53910 0
53911 0
53912 1
53913 1
53914 0
53915 0
53916 0
53917 1
53918 1
53919 1
53920 0
53921 0
53922 1
53923 1
53924 1
53925 1
53926 0
53927 0
53928 1
53929 0
53930 1
53931 0
53932 0
53933 0
53934 0
53935 0
53936 0
53937 1
53938 1
53939 1
53940 0
53941 0
53942 0
53943 0
53944 0
53945 1
53946 1
53947 0
53948 1
53949 1
53950 0
53951 1
53952 0
53953 1
53954 1
53955 1
53956 0
53957 1
53958 1
53959 1
53960 0
53961 0
53962 1
53963 0
53964 1
53965 1
53966 0
53967 0
53968 0
53969 0
53970 1
53971 0
53972 1
53973 1
53974 1
53975 1
53976 1
53977 0
53978 1
53979 1
53980 1
53981 0
53982 1
53983 1
53984 0
53985 1
53986 1
53987 1
53988 0
53989 0
53990 1
53991 0
53992 0
53993 1
53994 1
53995 1
53996 0
53997 1
53998 0
53999 1
54000 1
54001 1
54002 1
54003 1
54004 1
54005 1
54006 0
54007 1
54008 0
54009 0
54010 0
54011 1
54012 1
54013 0
54014 0
54015 1
54016 0
54017 1
54018 1
54019 1
54020 0
54021 1
54022 1
54023 1
54024 0
54025 1
54026 0
54027 0
54028 1
54029 1
54030 1
54031 1
54032 0
54033 0
54034 1
54035 1
54036 0
54037 1
54038 0
54039 1
54040 1
54041 1
54042 0
54043 0
54044 0
54045 0
54046 0
54047 0
54048 0
54049 1
54050 0
54051 0
54052 0
54053 0
54054 1
54055 1
54056 1
54057 1
54058 0
54059 1
54060 1
54061 1
54062 0
54063 1
54064 0
54065 1
54066 1
54067 0
54068 1
54069 1
54070 1
54071 1
54072 1
54073 0
54074 0
54075 1
54076 1
54077 1
54078 0
54079 0
54080 0
54081 0
54082 0
54083 0
54084 0
54085 0
54086 0
54087 0
54088 0
54089 0
54090 0
54091 0
54092 0
54093 1
54094 0
54095 0
54096 0
54097 1
54098 1
54099 1
54100 1
54101 0
54102 1
54103 1
54104 0
54105 0
54106 1
54107 0
54108 1
54109 1
54110 1
54111 0
54112 1
54113 1
54114 0
54115 0
54116 0
54117 0
54118 0
54119 0
54120 1
54121 0
54122 1
54123 0
54124 1
54125 0
54126 1
54127 0
54128 0
54129 1
54130 0
54131 1
54132 1
54133 0
54134 1
54135 0
54136 0
54137 0
54138 1
54139 0
54140 1
54141 0
54142 0
54143 1
54144 1
54145 0
54146 1
54147 0
54148 0
54149 1
54150 0
54151 1
54152 1
54153 0
54154 1
54155 1
54156 0
54157 0
54158 1
54159 0
54160 0
54161 1
54162 1
54163 1
54164 1
54165 1
54166 0
54167 1
54168 0
54169 1
54170 1
54171 0
54172 0
54173 1
54174 0
54175 1
54176 1
54177 1
54178 1
54179 0
54180 1
54181 1
54182 1
54183 0
54184 0
54185 1
54186 0
54187 0
54188 1
54189 1
54190 0
54191 1
54192 0
54193 1
54194 0
54195 1
54196 1
54197 0
54198 0
54199 1
54200 1
54201 1
54202 1
54203 0
54204 0
54205 1
54206 1
54207 0
54208 0
54209 0
54210 1
54211 1
54212 1
54213 0
54214 1
54215 1
54216 0
54217 0
54218 1
54219 1
54220 0
54221 1
54222 0
54223 1
54224 1
54225 0
54226 0
54227 1
54228 0
54229 1
54230 0
54231 0
54232 0
54233 0
54234 1
54235 1
54236 0
54237 0
54238 1
54239 0
54240 1
54241 1
54242 0
54243 1
54244 0
54245 1
54246 1
54247 0
54248 1
54249 0
54250 0
54251 1
54252 1
54253 1
54254 1
54255 1
54256 1
54257 0
54258 0
54259 0
54260 1
54261 0
54262 0
54263 1
54264 1
54265 0
54266 0
54267 0
54268 1
54269 1
54270 1
54271 1
54272 1
54273 0
54274 0
54275 1
54276 1
54277 1
54278 0
54279 1
54280 0
54281 0
54282 1
54283 0
54284 1
54285 1
54286 0
54287 1
54288 1
54289 1
54290 0
54291 1
54292 1
54293 0
54294 1
54295 0
54296 0
54297 1
54298 0
54299 1
54300 0
54301 0
54302 1
54303 1
54304 1
54305 1
54306 1
54307 1
54308 0
54309 0
54310 0
54311 0
54312 1
54313 0
54314 1
54315 0
54316 0
54317 1
54318 0
54319 1
54320 0
54321 1
54322 0
54323 0
54324 0
54325 1
54326 0
54327 1
54328 0
54329 1
54330 1
54331 1
54332 1
54333 0
54334 0
54335 1
54336 0
54337 1
54338 0
54339 0
54340 1
54341 1
54342 1
54343 0
54344 1
54345 0
54346 1
54347 1
54348 0
54349 0
54350 0
54351 0
54352 1
54353 1
54354 1
54355 1
54356 0
54357 0
54358 1
54359 1
54360 0
54361 0
54362 0
54363 1
54364 0
54365 0
54366 0
54367 1
54368 1
54369 1
54370 0
54371 0
54372 1
54373 1
54374 1
54375 1
54376 1
54377 1
54378 1
54379 0
54380 0
54381 1
54382 1
54383 1
54384 0
54385 0
54386 1
54387 0
54388 0
54389 0
54390 1
54391 1
54392 1
54393 0
54394 1
54395 1
54396 0
54397 1
54398 1
54399 1
54400 1
54401 0
54402 0
54403 0
54404 0
54405 1
54406 0
54407 1
54408 0
54409 1
54410 1
54411 1
54412 1
54413 1
54414 1
54415 0
54416 1
54417 1
54418 0
54419 0
54420 1
54421 0
54422 1
54423 1
54424 1
54425 1
54426 1
54427 0
54428 1
54429 0
54430 0
54431 1
54432 1
54433 0
54434 0
54435 1
54436 0
54437 1
54438 1
54439 1
54440 1
54441 0
54442 0
54443 1
54444 1
54445 1
54446 1
54447 1
54448 0
54449 1
54450 1
54451 0
54452 1
54453 0
54454 1
54455 0
54456 1
54457 0
54458 1
54459 1
54460 1
54461 1
54462 1
54463 1
54464 0
54465 0
54466 1
54467 0
54468 0
54469 0
54470 1
54471 0
54472 0
54473 1
54474 0
54475 1
54476 0
54477 0
54478 1
54479 1
54480 0
54481 0
54482 1
54483 1
54484 0
54485 0
54486 0
54487 0
54488 1
54489 1
54490 0
54491 0
54492 0
54493 1
54494 1
54495 0
54496 0
54497 0
54498 0
54499 0
54500 0
54501 0
54502 0
54503 1
54504 1
54505 1
54506 0
54507 1
54508 0
54509 0
54510 1
54511 1
54512 1
54513 0
54514 0
54515 0
54516 0
54517 0
54518 1
54519 0
54520 0
54521 1
54522 1
54523 1
54524 0
54525 1
54526 1
54527 0
54528 0
54529 0
54530 1
54531 0
54532 1
54533 1
54534 0
54535 1
54536 0
54537 0
54538 0
54539 1
54540 1
54541 0
54542 1
54543 0
54544 1
54545 0
54546 1
54547 0
54548 0
54549 0
54550 1
54551 1
54552 1
54553 1
54554 1
54555 1
54556 0
54557 0
54558 0
54559 1
54560 0
54561 0
54562 0
54563 1
54564 1
54565 0
54566 0
54567 0
54568 1
54569 0
54570 1
54571 0
54572 1
54573 1
54574 1
54575 1
54576 0
54577 0
54578 0
54579 1
54580 1
54581 1
54582 0
54583 0
54584 0
54585 0
54586 0
54587 0
54588 0
54589 0
54590 0
54591 1
54592 1
54593 0
54594 1
54595 1
54596 0
54597 0
54598 1
54599 0
54600 1
54601 1
54602 0
54603 1
54604 0
54605 1
54606 0
54607 1
54608 0
54609 0
54610 0
54611 0
54612 1
54613 0
54614 1
54615 1
54616 0
54617 0
54618 1
54619 1
54620 1
54621 1
54622 1
54623 0
54624 1
54625 0
54626 1
54627 0
54628 0
54629 1
54630 1
54631 0
54632 0
54633 1
54634 1
54635 1
54636 0
54637 0
54638 0
54639 1
54640 0
54641 1
54642 1
54643 1
54644 0
54645 1
54646 1
54647 1
54648 0
54649 1
54650 1
54651 1
54652 0
54653 0
54654 1
54655 1
54656 1
54657 1
54658 1
54659 1
54660 1
54661 1
54662 1
54663 1
54664 1
54665 0
54666 0
54667 0
54668 0
54669 0
54670 0
54671 0
54672 1
54673 1
54674 0
54675 1
54676 0
54677 1
54678 1
54679 1
54680 0
54681 1
54682 1
54683 0
54684 1
54685 1
54686 1
54687 0
54688 0
54689 0
54690 1
54691 0
54692 1
54693 0
54694 1
54695 0
54696 0
54697 1
54698 1
54699 1
54700 0
54701 0
54702 0
54703 0
54704 0
54705 1
54706 1
54707 1
54708 1
54709 1
54710 1
54711 0
54712 1
54713 1
54714 0
54715 0
54716 0
54717 1
54718 0
54719 1
54720 1
54721 0
54722 0
54723 1
54724 0
54725 0
54726 0
54727 1
54728 0
54729 0
54730 1
54731 1
54732 0
54733 0
54734 0
54735 1
54736 1
54737 0
54738 1
54739 0
54740 0
54741 1
54742 1
54743 0
54744 1
54745 0
54746 1
54747 1
54748 1
54749 1
54750 0
54751 1
54752 0
54753 0
54754 1
54755 0
54756 1
54757 1
54758 1
54759 1
54760 0
54761 0
54762 0
54763 0
54764 1
54765 1
54766 0
54767 1
54768 1
54769 0
54770 0
54771 1
54772 1
54773 0
54774 0
54775 1
54776 0
54777 1
54778 0
54779 1
54780 0
54781 0
54782 1
54783 1
54784 0
54785 1
54786 1
54787 1
54788 0
54789 0
54790 0
54791 1
54792 1
54793 1
54794 0
54795 1
54796 0
54797 0
54798 1
54799 0
54800 0
54801 0
54802 0
54803 1
54804 0
54805 1
54806 1
54807 0
54808 0
54809 0
54810 1
54811 0
54812 0
54813 0
54814 1
54815 1
54816 0
54817 1
54818 0
54819 1
54820 0
54821 0
54822 0
54823 0
54824 1
54825 1
54826 1
54827 0
54828 0
54829 1
54830 1
54831 1
54832 1
54833 0
54834 0
54835 0
54836 1
54837 1
54838 1
54839 0
54840 1
54841 0
54842 0
54843 1
54844 1
54845 0
54846 1
54847 1
54848 1
54849 0
54850 0
54851 0
54852 0
54853 0
54854 1
54855 0
54856 0
54857 1
54858 0
54859 0
54860 1
54861 1
54862 0
54863 1
54864 0
54865 0
54866 1
54867 0
54868 1
54869 0
54870 1
54871 1
54872 1
54873 0
54874 1
54875 0
54876 1
54877 1
54878 0
54879 1
54880 0
54881 0
54882 0
54883 1
54884 1
54885 0
54886 0
54887 0
54888 0
54889 1
54890 0
54891 1
54892 0
54893 0
54894 0
54895 1
54896 0
54897 1
54898 1
54899 0
54900 1
54901 1
54902 1
54903 1
54904 1
54905 1
54906 0
54907 0
54908 0
54909 1
54910 1
54911 0
54912 1
54913 1
54914 1
54915 1
54916 1
54917 0
54918 0
54919 1
54920 1
54921 1
54922 1
54923 0
54924 0
54925 1
54926 0
54927 1
54928 1
54929 0
54930 1
54931 0
54932 1
54933 1
54934 0
54935 0
54936 1
54937 0
54938 1
54939 0
54940 1
54941 1
54942 0
54943 1
54944 1
54945 0
54946 1
54947 1
54948 0
54949 0
54950 0
54951 0
54952 1
54953 1
54954 1
54955 0
54956 1
54957 0
54958 0
54959 0
54960 1
54961 1
54962 1
54963 1
54964 1
54965 0
54966 1
54967 0
54968 1
54969 1
54970 1
54971 0
54972 0
54973 0
54974 1
54975 1
54976 0
54977 0
54978 1
54979 0
54980 0
54981 1
54982 0
54983 1
54984 1
54985 1
54986 1
54987 0
54988 0
54989 0
54990 0
54991 0
54992 0
54993 1
54994 0
54995 0
54996 0
54997 1
54998 1
54999 0
55000 0
55001 1
55002 1
55003 1
55004 1
55005 1
55006 1
55007 1
55008 0
55009 1
55010 1
55011 1
55012 0
55013 1
55014 0
55015 0
55016 0
55017 0
55018 0
55019 0
55020 1
55021 1
55022 0
55023 0
55024 1
55025 1
55026 0
55027 1
55028 1
55029 1
55030 0
55031 0
55032 0
55033 1
55034 0
55035 1
55036 0
55037 0
55038 1
55039 0
55040 1
55041 0
55042 1
55043 0
55044 1
55045 0
55046 0
55047 0
55048 1
55049 0
55050 0
55051 0
55052 0
55053 0
55054 1
55055 1
55056 1
55057 0
55058 0
55059 0
55060 0
55061 1
55062 0
55063 0
55064 1
55065 0
55066 0
55067 1
55068 1
55069 0
55070 1
55071 1
55072 0
55073 0
55074 1
55075 1
55076 0
55077 0
55078 1
55079 1
55080 1
55081 1
55082 0
55083 1
55084 1
55085 1
55086 0
55087 1
55088 0
55089 1
55090 0
55091 0
55092 1
55093 0
55094 0
55095 1
55096 1
55097 1
55098 1
55099 1
55100 1
55101 1
55102 0
55103 0
55104 0
55105 1
55106 0
55107 1
55108 1
55109 0
55110 1
55111 1
55112 1
55113 1
55114 0
55115 0
55116 0
55117 1
55118 1
55119 0
55120 1
55121 0
55122 1
55123 0
55124 0
55125 0
55126 0
55127 0
55128 0
55129 1
55130 0
55131 1
55132 1
55133 1
55134 1
55135 0
55136 0
55137 0
55138 1
55139 0
55140 0
55141 1
55142 1
55143 0
55144 1
55145 1
55146 1
55147 0
55148 0
55149 0
55150 1
55151 0
55152 0
55153 0
55154 1
55155 0
55156 1
55157 1
55158 1
55159 1
55160 0
55161 0
55162 1
55163 1
55164 0
55165 1
55166 1
55167 1
55168 0
55169 1
55170 0
55171 1
55172 0
55173 1
55174 0
55175 0
55176 0
55177 1
55178 1
55179 1
55180 0
55181 1
55182 0
55183 0
55184 1
55185 0
55186 1
55187 1
55188 1
55189 1
55190 1
55191 0
55192 0
55193 0
55194 0
55195 1
55196 0
55197 0
55198 1
55199 1
55200 0
55201 0
55202 1
55203 1
55204 1
55205 1
55206 1
55207 0
55208 1
55209 0
55210 0
55211 1
55212 0
55213 1
55214 0
55215 0
55216 1
55217 1
55218 0
55219 0
55220 0
55221 1
55222 0
55223 0
55224 0
55225 1
55226 0
55227 1
55228 0
55229 1
55230 0
55231 1
55232 1
55233 0
55234 0
55235 1
55236 0
55237 0
55238 0
55239 1
55240 1
55241 1
55242 1
55243 0
55244 0
55245 0
55246 1
55247 1
55248 1
55249 0
55250 0
55251 0
55252 1
55253 1
55254 1
55255 0
55256 1
55257 1
55258 0
55259 0
55260 0
55261 1
55262 0
55263 1
55264 0
55265 1
55266 0
55267 1
55268 0
55269 0
55270 1
55271 1
55272 0
55273 0
55274 0
55275 0
55276 1
55277 0
55278 1
55279 0
55280 1
55281 0
55282 0
55283 1
55284 0
55285 1
55286 1
55287 0
55288 1
55289 1
55290 1
55291 0
55292 0
55293 1
55294 1
55295 0
55296 0
55297 0
55298 0
55299 0
55300 1
55301 0
55302 1
55303 0
55304 0
55305 1
55306 1
55307 1
55308 1
55309 0
55310 0
55311 0
55312 0
55313 0
55314 1
55315 0
55316 1
55317 1
55318 0
55319 0
55320 1
55321 0
55322 0
55323 1
55324 0
55325 0
55326 0
55327 1
55328 0
55329 0
55330 1
55331 1
55332 1
55333 0
55334 0
55335 1
55336 1
55337 0
55338 0
55339 1
55340 0
55341 0
55342 0
55343 0
55344 1
55345 0
55346 1
55347 0
55348 1
55349 0
55350 1
55351 0
55352 0
55353 1
55354 1
55355 1
55356 0
55357 1
55358 1
55359 1
55360 0
55361 0
55362 1
55363 1
55364 0
55365 0
55366 0
55367 0
55368 1
55369 0
55370 0
55371 1
55372 1
55373 0
55374 0
55375 1
55376 0
55377 1
55378 0
55379 0
55380 0
55381 1
55382 1
55383 0
55384 1
55385 0
55386 0
55387 1
55388 0
55389 0
55390 0
55391 0
55392 1
55393 1
55394 1
55395 0
55396 0
55397 0
55398 1
55399 0
55400 1
55401 1
55402 1
55403 0
55404 0
55405 1
55406 0
55407 0
55408 1
55409 0
55410 0
55411 1
55412 0
55413 0
55414 1
55415 0
55416 0
55417 1
55418 0
55419 1
55420 1
55421 0
55422 0
55423 1
55424 1
55425 1
55426 0
55427 1
55428 0
55429 1
55430 0
55431 1
55432 1
55433 1
55434 0
55435 1
55436 1
55437 1
55438 1
55439 1
55440 1
55441 1
55442 0
55443 0
55444 1
55445 1
55446 0
55447 1
55448 0
55449 1
55450 1
55451 1
55452 1
55453 1
55454 1
55455 0
55456 0
55457 0
55458 1
55459 1
55460 1
55461 1
55462 0
55463 0
55464 0
55465 1
55466 0
55467 0
55468 1
55469 0
55470 0
55471 1
55472 0
55473 1
55474 0
55475 1
55476 0
55477 1
55478 0
55479 0
55480 1
55481 0
55482 1
55483 0
55484 0
55485 0
55486 0
55487 1
55488 1
55489 0
55490 1
55491 1
55492 1
55493 1
55494 0
55495 0
55496 1
55497 1
55498 1
55499 0
55500 1
55501 1
55502 1
55503 0
55504 0
55505 0
55506 0
55507 0
55508 1
55509 1
55510 0
55511 0
55512 0
55513 1
55514 1
55515 1
55516 1
55517 0
55518 0
55519 0
55520 1
55521 0
55522 1
55523 1
55524 0
55525 0
55526 0
55527 0
55528 0
55529 0
55530 1
55531 1
55532 1
55533 1
55534 1
55535 1
55536 1
55537 1
55538 0
55539 0
55540 1
55541 0
55542 0
55543 1
55544 1
55545 0
55546 0
55547 0
55548 0
55549 1
55550 0
55551 1
55552 1
55553 1
55554 0
55555 1
55556 0
55557 0
55558 1
55559 1
55560 1
55561 0
55562 0
55563 0
55564 1
55565 1
55566 1
55567 1
55568 0
55569 0
55570 0
55571 0
55572 0
55573 1
55574 1
55575 0
55576 0
55577 0
55578 1
55579 0
55580 0
55581 1
55582 0
55583 0
55584 1
55585 0
55586 1
55587 1
55588 1
55589 1
55590 1
55591 1
55592 0
55593 1
55594 1
55595 0
55596 1
55597 1
55598 1
55599 1
55600 0
55601 1
55602 1
55603 1
55604 1
55605 0
55606 0
55607 0
55608 1
55609 1
55610 1
55611 1
55612 1
55613 0
55614 0
55615 1
55616 1
55617 0
55618 1
55619 0
55620 1
55621 1
55622 0
55623 0
55624 0
55625 0
55626 0
55627 0
55628 0
55629 0
55630 1
55631 0
55632 0
55633 1
55634 1
55635 1
55636 0
55637 0
55638 1
55639 0
55640 1
55641 0
55642 1
55643 0
55644 1
55645 0
55646 0
55647 0
55648 1
55649 1
55650 0
55651 1
55652 0
55653 1
55654 1
55655 1
55656 0
55657 1
55658 1
55659 1
55660 0
55661 1
55662 1
55663 1
55664 1
55665 1
55666 0
55667 1
55668 1
55669 0
55670 0
55671 1
55672 0
55673 0
55674 1
55675 1
55676 1
55677 1
55678 0
55679 0
55680 1
55681 1
55682 0
55683 1
55684 1
55685 0
55686 1
55687 0
55688 0
55689 0
55690 0
55691 0
55692 0
55693 0
55694 1
55695 0
55696 0
55697 1
55698 0
55699 0
55700 0
55701 1
55702 0
55703 1
55704 0
55705 0
55706 0
55707 0
55708 0
55709 1
55710 1
55711 1
55712 0
55713 0
55714 1
55715 1
55716 0
55717 1
55718 0
55719 1
55720 1
55721 0
55722 0
55723 1
55724 1
55725 1
55726 1
55727 1
55728 0
55729 0
55730 0
55731 0
55732 1
55733 1
55734 0
55735 0
55736 0
55737 1
55738 1
55739 0
55740 1
55741 1
55742 0
55743 1
55744 1
55745 1
55746 0
55747 0
55748 0
55749 1
55750 1
55751 1
55752 0
55753 0
55754 1
55755 0
55756 1
55757 1
55758 0
55759 1
55760 1
55761 1
55762 1
55763 1
55764 1
55765 1
55766 1
55767 0
55768 0
55769 0
55770 1
55771 1
55772 1
55773 1
55774 1
55775 1
55776 0
55777 0
55778 1
55779 1
55780 1
55781 1
55782 0
55783 0
55784 1
55785 1
55786 1
55787 0
55788 1
55789 1
55790 1
55791 1
55792 0
55793 0
55794 1
55795 0
55796 0
55797 1
55798 1
55799 1
55800 0
55801 0
55802 1
55803 0
55804 0
55805 0
55806 0
55807 0
55808 0
55809 1
55810 0
55811 0
55812 0
55813 1
55814 0
55815 1
55816 1
55817 1
55818 0
55819 1
55820 1
55821 0
55822 1
55823 0
55824 0
55825 0
55826 0
55827 0
55828 1
55829 0
55830 1
55831 0
55832 0
55833 1
55834 0
55835 1
55836 1
55837 1
55838 0
55839 0
55840 0
55841 0
55842 0
55843 1
55844 1
55845 0
55846 1
55847 0
55848 0
55849 1
55850 1
55851 1
55852 0
55853 0
55854 0
55855 1
55856 0
55857 1
55858 1
55859 0
55860 0
55861 0
55862 1
55863 0
55864 1
55865 0
55866 1
55867 1
55868 0
55869 1
55870 0
55871 0
55872 1
55873 0
55874 1
55875 1
55876 1
55877 1
55878 0
55879 1
55880 0
55881 1
55882 0
55883 0
55884 0
55885 1
55886 0
55887 1
55888 0
55889 0
55890 0
55891 0
55892 1
55893 1
55894 1
55895 0
55896 1
55897 0
55898 0
55899 1
55900 1
55901 1
55902 1
55903 0
55904 0
55905 0
55906 0
55907 1
55908 0
55909 1
55910 0
55911 0
55912 1
55913 1
55914 1
55915 1
55916 0
55917 1
55918 1
55919 0
55920 1
55921 1
55922 1
55923 1
55924 1
55925 0
55926 1
55927 1
55928 0
55929 0
55930 0
55931 0
55932 1
55933 1
55934 1
55935 1
55936 1
55937 0
55938 0
55939 1
55940 1
55941 0
55942 1
55943 1
55944 0
55945 1
55946 1
55947 0
55948 1
55949 1
55950 0
55951 0
55952 0
55953 1
55954 1
55955 0
55956 0
55957 1
55958 0
55959 1
55960 0
55961 1
55962 1
55963 0
55964 1
55965 1
55966 1
55967 0
55968 1
55969 0
55970 0
55971 0
55972 1
55973 1
55974 1
55975 0
55976 1
55977 0
55978 1
55979 0
55980 1
55981 0
55982 0
55983 0
55984 1
55985 0
55986 1
55987 0
55988 1
55989 0
55990 1
55991 1
55992 0
55993 1
55994 0
55995 0
55996 0
55997 1
55998 1
55999 1
56000 0
56001 1
56002 0
56003 1
56004 1
56005 1
56006 1
56007 0
56008 1
56009 1
56010 1
56011 1
56012 0
56013 0
56014 1
56015 1
56016 1
56017 1
56018 0
56019 1
56020 1
56021 1
56022 1
56023 1
56024 1
56025 0
56026 0
56027 1
56028 1
56029 1
56030 1
56031 0
56032 1
56033 0
56034 1
56035 1
56036 0
56037 0
56038 1
56039 0
56040 0
56041 0
56042 0
56043 1
56044 1
56045 0
56046 1
56047 0
56048 1
56049 0
56050 1
56051 0
56052 0
56053 1
56054 0
56055 0
56056 1
56057 0
56058 1
56059 1
56060 1
56061 1
56062 1
56063 0
56064 1
56065 1
56066 1
56067 1
56068 0
56069 1
56070 0
56071 1
56072 1
56073 0
56074 1
56075 1
56076 1
56077 1
56078 1
56079 1
56080 0
56081 1
56082 0
56083 0
56084 1
56085 0
56086 1
56087 1
56088 1
56089 0
56090 1
56091 0
56092 1
56093 1
56094 0
56095 0
56096 1
56097 1
56098 0
56099 0
56100 1
56101 1
56102 1
56103 0
56104 1
56105 0
56106 0
56107 1
56108 0
56109 1
56110 0
56111 0
56112 0
56113 1
56114 0
56115 1
56116 0
56117 1
56118 0
56119 1
56120 0
56121 1
56122 0
56123 0
56124 1
56125 1
56126 0
56127 1
56128 1
56129 0
56130 1
56131 0
56132 0
56133 0
56134 0
56135 1
56136 1
56137 0
56138 0
56139 1
56140 0
56141 1
56142 0
56143 0
56144 0
56145 0
56146 0
56147 0
56148 1
56149 0
56150 0
56151 0
56152 0
56153 0
56154 1
56155 1
56156 1
56157 1
56158 0
56159 1
56160 0
56161 1
56162 0
56163 1
56164 1
56165 1
56166 1
56167 1
56168 0
56169 0
56170 1
56171 0
56172 1
56173 1
56174 1
56175 1
56176 1
56177 0
56178 1
56179 1
56180 0
56181 1
56182 0
56183 0
56184 1
56185 0
56186 0
56187 1
56188 0
56189 1
56190 0
56191 1
56192 1
56193 0
56194 1
56195 0
56196 0
56197 0
56198 1
56199 1
56200 0
56201 1
56202 1
56203 0
56204 0
56205 0
56206 0
56207 0
56208 0
56209 0
56210 1
56211 1
56212 0
56213 1
56214 1
56215 1
56216 1
56217 1
56218 0
56219 1
56220 1
56221 1
56222 0
56223 0
56224 0
56225 1
56226 0
56227 1
56228 1
56229 1
56230 1
56231 1
56232 1
56233 1
56234 1
56235 0
56236 1
56237 0
56238 0
56239 0
56240 1
56241 1
56242 1
56243 1
56244 0
56245 0
56246 0
56247 0
56248 1
56249 0
56250 1
56251 0
56252 1
56253 0
56254 1
56255 1
56256 1
56257 0
56258 0
56259 1
56260 1
56261 0
56262 0
56263 0
56264 0
56265 1
56266 1
56267 1
56268 1
56269 1
56270 0
56271 0
56272 0
56273 0
56274 1
56275 1
56276 0
56277 1
56278 1
56279 1
56280 1
56281 0
56282 1
56283 1
56284 0
56285 0
56286 0
56287 1
56288 0
56289 1
56290 0
56291 0
56292 0
56293 1
56294 1
56295 0
56296 1
56297 1
56298 1
56299 0
56300 1
56301 0
56302 1
56303 0
56304 1
56305 1
56306 0
56307 1
56308 1
56309 1
56310 1
56311 0
56312 1
56313 0
56314 0
56315 0
56316 0
56317 1
56318 0
56319 0
56320 1
56321 0
56322 1
56323 0
56324 0
56325 1
56326 0
56327 1
56328 0
56329 1
56330 1
56331 0
56332 1
56333 0
56334 1
56335 1
56336 0
56337 0
56338 1
56339 1
56340 0
56341 0
56342 0
56343 1
56344 1
56345 0
56346 0
56347 0
56348 0
56349 1
56350 0
56351 0
56352 0
56353 0
56354 0
56355 1
56356 1
56357 0
56358 0
56359 1
56360 1
56361 0
56362 0
56363 1
56364 0
56365 1
56366 1
56367 1
56368 0
56369 0
56370 1
56371 1
56372 0
56373 1
56374 0
56375 1
56376 1
56377 0
56378 1
56379 0
56380 1
56381 1
56382 0
56383 0
56384 0
56385 1
56386 0
56387 0
56388 1
56389 1
56390 1
56391 1
56392 0
56393 0
56394 0
56395 1
56396 0
56397 0
56398 1
56399 0
56400 1
56401 1
56402 1
56403 1
56404 1
56405 0
56406 0
56407 1
56408 0
56409 0
56410 0
56411 1
56412 0
56413 0
56414 0
56415 1
56416 1
56417 1
56418 0
56419 1
56420 0
56421 0
56422 1
56423 1
56424 0
56425 0
56426 1
56427 0
56428 1
56429 0
56430 1
56431 0
56432 0
56433 0
56434 1
56435 1
56436 0
56437 0
56438 0
56439 1
56440 1
56441 1
56442 0
56443 1
56444 1
56445 0
56446 1
56447 0
56448 1
56449 0
56450 0
56451 0
56452 0
56453 0
56454 0
56455 0
56456 0
56457 0
56458 0
56459 1
56460 0
56461 0
56462 0
56463 0
56464 0
56465 0
56466 0
56467 1
56468 1
56469 0
56470 1
56471 0
56472 1
56473 0
56474 1
56475 1
56476 0
56477 1
56478 0
56479 0
56480 1
56481 1
56482 1
56483 1
56484 0
56485 1
56486 1
56487 1
56488 0
56489 1
56490 1
56491 0
56492 0
56493 1
56494 1
56495 0
56496 0
56497 0
56498 1
56499 1
56500 0
56501 1
56502 1
56503 0
56504 0
56505 0
56506 1
56507 1
56508 1
56509 1
56510 1
56511 1
56512 0
56513 1
56514 1
56515 1
56516 0
56517 0
56518 1
56519 0
56520 0
56521 0
56522 0
56523 0
56524 1
56525 0
56526 1
56527 0
56528 0
56529 0
56530 0
56531 0
56532 1
56533 1
56534 0
56535 1
56536 1
56537 0
56538 0
56539 1
56540 0
56541 0
56542 1
56543 1
56544 0
56545 0
56546 0
56547 0
56548 0
56549 0
56550 0
56551 0
56552 1
56553 1
56554 0
56555 0
56556 1
56557 1
56558 1
56559 0
56560 1
56561 1
56562 0
56563 0
56564 1
56565 1
56566 0
56567 0
56568 0
56569 0
56570 0
56571 0
56572 0
56573 0
56574 0
56575 1
56576 1
56577 1
56578 0
56579 0
56580 1
56581 1
56582 1
56583 1
56584 0
56585 1
56586 1
56587 1
56588 0
56589 0
56590 1
56591 0
56592 1
56593 0
56594 0
56595 0
56596 1
56597 1
56598 1
56599 1
56600 1
56601 0
56602 0
56603 1
56604 0
56605 1
56606 0
56607 0
56608 1
56609 0
56610 1
56611 0
56612 0
56613 1
56614 1
56615 1
56616 1
56617 0
56618 1
56619 1
56620 1
56621 0
56622 0
56623 1
56624 1
56625 1
56626 1
56627 1
56628 0
56629 1
56630 0
56631 1
56632 0
56633 1
56634 0
56635 1
56636 0
56637 1
56638 1
56639 0
56640 1
56641 1
56642 0
56643 1
56644 1
56645 0
56646 1
56647 0
56648 1
56649 1
56650 1
56651 0
56652 1
56653 0
56654 1
56655 1
56656 0
56657 0
56658 0
56659 1
56660 0
56661 0
56662 0
56663 0
56664 1
56665 0
56666 1
56667 0
56668 1
56669 1
56670 1
56671 1
56672 1
56673 0
56674 1
56675 1
56676 1
56677 1
56678 1
56679 0
56680 1
56681 0
56682 0
56683 1
56684 0
56685 0
56686 0
56687 0
56688 1
56689 0
56690 0
56691 1
56692 0
56693 1
56694 1
56695 0
56696 1
56697 0
56698 0
56699 1
56700 1
56701 0
56702 0
56703 0
56704 0
56705 1
56706 0
56707 0
56708 1
56709 0
56710 1
56711 1
56712 1
56713 1
56714 1
56715 0
56716 1
56717 0
56718 0
56719 0
56720 1
56721 1
56722 0
56723 1
56724 1
56725 1
56726 1
56727 0
56728 1
56729 0
56730 0
56731 0
56732 0
56733 0
56734 1
56735 0
56736 1
56737 1
56738 0
56739 0
56740 0
56741 0
56742 0
56743 0
56744 0
56745 1
56746 0
56747 1
56748 0
56749 1
56750 1
56751 0
56752 0
56753 0
56754 1
56755 0
56756 0
56757 1
56758 0
56759 0
56760 0
56761 0
56762 0
56763 0
56764 0
56765 0
56766 1
56767 1
56768 0
56769 1
56770 1
56771 1
56772 1
56773 0
56774 0
56775 1
56776 0
56777 1
56778 1
56779 0
56780 1
56781 0
56782 0
56783 0
56784 0
56785 1
56786 0
56787 0
56788 0
56789 0
56790 0
56791 0
56792 1
56793 1
56794 0
56795 0
56796 0
56797 1
56798 1
56799 0
56800 1
56801 0
56802 0
56803 1
56804 0
56805 0
56806 0
56807 1
56808 0
56809 1
56810 0
56811 0
56812 1
56813 1
56814 0
56815 1
56816 1
56817 0
56818 0
56819 1
56820 1
56821 1
56822 0
56823 1
56824 0
56825 0
56826 0
56827 0
56828 0
56829 1
56830 0
56831 0
56832 0
56833 1
56834 1
56835 0
56836 1
56837 1
56838 1
56839 1
56840 1
56841 0
56842 0
56843 0
56844 0
56845 0
56846 1
56847 1
56848 1
56849 0
56850 1
56851 0
56852 1
56853 0
56854 0
56855 0
56856 0
56857 0
56858 0
56859 0
56860 0
56861 1
56862 1
56863 1
56864 0
56865 1
56866 1
56867 1
56868 0
56869 0
56870 0
56871 0
56872 0
56873 0
56874 0
56875 0
56876 1
56877 1
56878 1
56879 1
56880 0
56881 1
56882 1
56883 1
56884 1
56885 1
56886 1
56887 0
56888 1
56889 0
56890 1
56891 1
56892 1
56893 1
56894 0
56895 1
56896 0
56897 0
56898 1
56899 1
56900 1
56901 1
56902 0
56903 1
56904 1
56905 1
56906 1
56907 1
56908 1
56909 1
56910 0
56911 1
56912 0
56913 0
56914 0
56915 0
56916 0
56917 0
56918 1
56919 0
56920 0
56921 1
56922 1
56923 1
56924 1
56925 0
56926 0
56927 0
56928 0
56929 0
56930 1
56931 1
56932 0
56933 1
56934 1
56935 1
56936 0
56937 0
56938 1
56939 1
56940 1
56941 1
56942 0
56943 0
56944 0
56945 0
56946 1
56947 1
56948 1
56949 0
56950 0
56951 0
56952 0
56953 0
56954 1
56955 0
56956 0
56957 1
56958 0
56959 1
56960 1
56961 0
56962 1
56963 1
56964 0
56965 0
56966 0
56967 0
56968 1
56969 1
56970 1
56971 1
56972 1
56973 1
56974 0
56975 1
56976 0
56977 1
56978 1
56979 0
56980 0
56981 1
56982 1
56983 0
56984 1
56985 1
56986 0
56987 1
56988 1
56989 1
56990 1
56991 1
56992 0
56993 0
56994 0
56995 1
56996 0
56997 1
56998 1
56999 1
57000 1
57001 0
57002 1
57003 0
57004 1
57005 1
57006 0
57007 1
57008 0
57009 1
57010 1
57011 0
57012 1
57013 0
57014 0
57015 0
57016 1
57017 0
57018 0
57019 0
57020 1
57021 1
57022 1
57023 0
57024 0
57025 0
57026 1
57027 1
57028 1
57029 0
57030 0
57031 0
57032 0
57033 1
57034 1
57035 1
57036 0
57037 1
57038 1
57039 1
57040 1
57041 1
57042 1
57043 0
57044 0
57045 0
57046 1
57047 0
57048 0
57049 1
57050 0
57051 0
57052 1
57053 1
57054 1
57055 1
57056 0
57057 1
57058 0
57059 1
57060 1
57061 0
57062 1
57063 1
57064 1
57065 0
57066 0
57067 1
57068 1
57069 0
57070 1
57071 1
57072 0
57073 1
57074 0
57075 0
57076 1
57077 0
57078 0
57079 1
57080 0
57081 0
57082 0
57083 0
57084 0
57085 0
57086 0
57087 1
57088 1
57089 0
57090 1
57091 1
57092 0
57093 0
57094 0
57095 1
57096 1
57097 0
57098 0
57099 1
57100 1
57101 1
57102 1
57103 0
57104 0
57105 0
57106 1
57107 0
57108 1
57109 1
57110 1
57111 0
57112 1
57113 0
57114 0
57115 1
57116 1
57117 0
57118 0
57119 1
57120 1
57121 0
57122 0
57123 1
57124 1
57125 1
57126 1
57127 1
57128 0
57129 0
57130 0
57131 1
57132 1
57133 0
57134 1
57135 0
57136 1
57137 0
57138 1
57139 1
57140 1
57141 0
57142 0
57143 0
57144 1
57145 0
57146 1
57147 1
57148 0
57149 0
57150 1
57151 1
57152 0
57153 1
57154 0
57155 1
57156 0
57157 1
57158 1
57159 1
57160 0
57161 0
57162 1
57163 0
57164 0
57165 1
57166 0
57167 1
57168 0
57169 1
57170 0
57171 1
57172 1
57173 0
57174 1
57175 0
57176 1
57177 1
57178 0
57179 0
57180 0
57181 0
57182 1
57183 0
57184 1
57185 1
57186 1
57187 0
57188 1
57189 1
57190 0
57191 1
57192 1
57193 0
57194 1
57195 1
57196 0
57197 1
57198 1
57199 0
57200 1
57201 1
57202 1
57203 0
57204 1
57205 1
57206 1
57207 0
57208 0
57209 0
57210 0
57211 1
57212 0
57213 0
57214 1
57215 1
57216 1
57217 1
57218 1
57219 0
57220 1
57221 1
57222 1
57223 1
57224 1
57225 1
57226 0
57227 0
57228 0
57229 1
57230 1
57231 1
57232 0
57233 1
57234 0
57235 1
57236 0
57237 1
57238 1
57239 1
57240 1
57241 0
57242 1
57243 1
57244 1
57245 0
57246 1
57247 1
57248 0
57249 1
57250 1
57251 0
57252 1
57253 0
57254 0
57255 0
57256 0
57257 0
57258 1
57259 0
57260 0
57261 0
57262 1
57263 0
57264 1
57265 1
57266 0
57267 0
57268 0
57269 1
57270 1
57271 0
57272 1
57273 1
57274 1
57275 1
57276 0
57277 1
57278 0
57279 1
57280 0
57281 0
57282 0
57283 1
57284 1
57285 1
57286 0
57287 0
57288 0
57289 0
57290 0
57291 1
57292 1
57293 0
57294 0
57295 0
57296 0
57297 0
57298 1
57299 1
57300 0
57301 0
57302 0
57303 1
57304 0
57305 1
57306 1
57307 0
57308 0
57309 0
57310 0
57311 0
57312 1
57313 0
57314 1
57315 0
57316 1
57317 1
57318 0
57319 1
57320 0
57321 1
57322 0
57323 1
57324 1
57325 1
57326 1
57327 0
57328 1
57329 0
57330 1
57331 1
57332 0
57333 0
57334 0
57335 0
57336 0
57337 0
57338 1
57339 0
57340 0
57341 0
57342 1
57343 0
57344 0
57345 1
57346 0
57347 1
57348 1
57349 1
57350 0
57351 1
57352 0
57353 1
57354 0
57355 1
57356 1
57357 1
57358 1
57359 1
57360 0
57361 1
57362 0
57363 0
57364 1
57365 0
57366 1
57367 1
57368 1
57369 1
57370 1
57371 1
57372 1
57373 1
57374 1
57375 1
57376 0
57377 0
57378 1
57379 1
57380 0
57381 1
57382 1
57383 1
57384 1
57385 1
57386 1
57387 1
57388 0
57389 1
57390 0
57391 1
57392 1
57393 0
57394 0
57395 0
57396 1
57397 0
57398 1
57399 1
57400 0
57401 1
57402 0
57403 1
57404 0
57405 0
57406 1
57407 1
57408 0
57409 1
57410 0
57411 1
57412 1
57413 1
57414 0
57415 0
57416 1
57417 1
57418 1
57419 0
57420 0
57421 0
57422 0
57423 0
57424 1
57425 1
57426 1
57427 0
57428 1
57429 0
57430 0
57431 0
57432 0
57433 0
57434 0
57435 1
57436 1
57437 1
57438 0
57439 1
57440 0
57441 1
57442 1
57443 0
57444 1
57445 1
57446 1
57447 1
57448 0
57449 0
57450 0
57451 0
57452 1
57453 1
57454 1
57455 1
57456 1
57457 1
57458 1
57459 0
57460 0
57461 1
57462 0
57463 1
57464 0
57465 1
57466 0
57467 0
57468 0
57469 1
57470 1
57471 1
57472 1
57473 1
57474 0
57475 0
57476 0
57477 1
57478 1
57479 1
57480 1
57481 0
57482 1
57483 0
57484 0
57485 0
57486 1
57487 0
57488 1
57489 0
57490 0
57491 0
57492 0
57493 1
57494 0
57495 0
57496 0
57497 1
57498 0
57499 1
57500 1
57501 0
57502 1
57503 0
57504 0
57505 1
57506 0
57507 1
57508 1
57509 1
57510 0
57511 0
57512 1
57513 1
57514 0
57515 0
57516 0
57517 1
57518 1
57519 0
57520 0
57521 0
57522 1
57523 0
57524 0
57525 0
57526 1
57527 0
57528 0
57529 0
57530 0
57531 0
57532 1
57533 0
57534 1
57535 1
57536 0
57537 0
57538 1
57539 0
57540 1
57541 1
57542 1
57543 0
57544 1
57545 0
57546 1
57547 0
57548 1
57549 0
57550 1
57551 1
57552 0
57553 1
57554 1
57555 1
57556 1
57557 0
57558 0
57559 1
57560 0
57561 0
57562 1
57563 0
57564 0
57565 1
57566 0
57567 0
57568 0
57569 0
57570 0
57571 1
57572 0
57573 0
57574 1
57575 0
57576 1
57577 1
57578 0
57579 0
57580 0
57581 0
57582 0
57583 1
57584 0
57585 1
57586 1
57587 0
57588 0
57589 0
57590 0
57591 1
57592 1
57593 0
57594 0
57595 1
57596 1
57597 0
57598 0
57599 1
57600 0
57601 0
57602 1
57603 0
57604 0
57605 1
57606 0
57607 1
57608 0
57609 1
57610 1
57611 0
57612 0
57613 1
57614 0
57615 0
57616 0
57617 1
57618 0
57619 0
57620 0
57621 0
57622 1
57623 1
57624 1
57625 0
57626 0
57627 1
57628 1
57629 1
57630 0
57631 0
57632 0
57633 1
57634 1
57635 0
57636 0
57637 0
57638 0
57639 0
57640 1
57641 1
57642 0
57643 1
57644 0
57645 0
57646 0
57647 0
57648 1
57649 1
57650 0
57651 0
57652 0
57653 0
57654 0
57655 1
57656 0
57657 0
57658 1
57659 0
57660 0
57661 0
57662 0
57663 0
57664 1
57665 0
57666 0
57667 0
57668 0
57669 0
57670 1
57671 0
57672 1
57673 0
57674 1
57675 0
57676 1
57677 0
57678 1
57679 1
57680 0
57681 0
57682 0
57683 1
57684 0
57685 1
57686 0
57687 0
57688 0
57689 1
57690 0
57691 0
57692 0
57693 1
57694 0
57695 1
57696 0
57697 0
57698 0
57699 0
57700 1
57701 1
57702 0
57703 0
57704 1
57705 1
57706 1
57707 0
57708 1
57709 1
57710 1
57711 1
57712 0
57713 0
57714 0
57715 1
57716 0
57717 1
57718 0
57719 1
57720 0
57721 1
57722 1
57723 0
57724 0
57725 0
57726 1
57727 0
57728 0
57729 0
57730 1
57731 1
57732 1
57733 1
57734 1
57735 1
57736 1
57737 0
57738 1
57739 0
57740 1
57741 0
57742 1
57743 0
57744 0
57745 1
57746 0
57747 1
57748 0
57749 0
57750 1
57751 0
57752 1
57753 1
57754 1
57755 1
57756 0
57757 1
57758 0
57759 0
57760 0
57761 0
57762 0
57763 1
57764 1
57765 0
57766 1
57767 1
57768 1
57769 1
57770 0
57771 0
57772 0
57773 1
57774 1
57775 0
57776 0
57777 1
57778 1
57779 0
57780 1
57781 0
57782 1
57783 1
57784 0
57785 1
57786 1
57787 1
57788 1
57789 1
57790 0
57791 1
57792 0
57793 1
57794 1
57795 0
57796 1
57797 0
57798 1
57799 1
57800 1
57801 0
57802 0
57803 0
57804 0
57805 0
57806 1
57807 1
57808 1
57809 0
57810 1
57811 1
57812 1
57813 1
57814 1
57815 1
57816 1
57817 0
57818 0
57819 0
57820 0
57821 1
57822 1
57823 1
57824 1
57825 0
57826 1
57827 1
57828 1
57829 0
57830 0
57831 0
57832 1
57833 0
57834 0
57835 0
57836 1
57837 1
57838 0
57839 1
57840 0
57841 0
57842 0
57843 0
57844 0
57845 0
57846 0
57847 0
57848 0
57849 0
57850 0
57851 0
57852 1
57853 0
57854 1
57855 0
57856 0
57857 0
57858 1
57859 0
57860 1
57861 0
57862 0
57863 1
57864 0
57865 0
57866 1
57867 1
57868 0
57869 1
57870 0
57871 0
57872 1
57873 1
57874 1
57875 1
57876 0
57877 0
57878 1
57879 1
57880 1
57881 0
57882 1
57883 0
57884 0
57885 0
57886 1
57887 0
57888 1
57889 0
57890 0
57891 0
57892 1
57893 0
57894 0
57895 0
57896 0
57897 1
57898 1
57899 1
57900 0
57901 1
57902 0
57903 1
57904 1
57905 0
57906 1
57907 0
57908 0
57909 1
57910 0
57911 0
57912 1
57913 1
57914 1
57915 0
57916 0
57917 0
57918 1
57919 1
57920 0
57921 1
57922 0
57923 0
57924 1
57925 1
57926 1
57927 0
57928 1
57929 0
57930 0
57931 0
57932 0
57933 1
57934 1
57935 0
57936 0
57937 1
57938 0
57939 0
57940 1
57941 0
57942 0
57943 1
57944 1
57945 1
57946 0
57947 1
57948 0
57949 0
57950 0
57951 0
57952 1
57953 0
57954 1
57955 0
57956 0
57957 0
57958 1
57959 1
57960 1
57961 0
57962 1
57963 0
57964 1
57965 0
57966 0
57967 1
57968 0
57969 1
57970 1
57971 1
57972 1
57973 1
57974 1
57975 1
57976 0
57977 1
57978 0
57979 0
57980 1
57981 1
57982 0
57983 0
57984 0
57985 0
57986 0
57987 0
57988 0
57989 0
57990 0
57991 0
57992 0
57993 1
57994 0
57995 1
57996 1
57997 1
57998 1
57999 0
58000 0
58001 1
58002 0
58003 0
58004 0
58005 0
58006 0
58007 1
58008 1
58009 0
58010 1
58011 0
58012 0
58013 1
58014 1
58015 0
58016 0
58017 1
58018 1
58019 0
58020 1
58021 0
58022 1
58023 1
58024 1
58025 1
58026 1
58027 0
58028 1
58029 0
58030 0
58031 1
58032 1
58033 1
58034 1
58035 0
58036 1
58037 0
58038 0
58039 0
58040 0
58041 0
58042 0
58043 1
58044 0
58045 1
58046 1
58047 1
58048 0
58049 0
58050 0
58051 1
58052 1
58053 1
58054 0
58055 1
58056 0
58057 1
58058 1
58059 0
58060 0
58061 1
58062 1
58063 1
58064 0
58065 1
58066 0
58067 0
58068 1
58069 1
58070 0
58071 1
58072 0
58073 0
58074 1
58075 1
58076 0
58077 1
58078 0
58079 0
58080 1
58081 0
58082 1
58083 0
58084 0
58085 0
58086 1
58087 1
58088 0
58089 1
58090 1
58091 0
58092 1
58093 1
58094 1
58095 0
58096 1
58097 0
58098 1
58099 0
58100 0
58101 1
58102 1
58103 1
58104 0
58105 1
58106 0
58107 1
58108 0
58109 1
58110 1
58111 0
58112 1
58113 0
58114 1
58115 1
58116 1
58117 0
58118 1
58119 1
58120 0
58121 0
58122 1
58123 0
58124 0
58125 0
58126 1
58127 1
58128 0
58129 1
58130 0
58131 0
58132 1
58133 0
58134 1
58135 1
58136 1
58137 1
58138 0
58139 0
58140 1
58141 1
58142 0
58143 1
58144 0
58145 0
58146 0
58147 0
58148 0
58149 1
58150 1
58151 0
58152 0
58153 0
58154 0
58155 0
58156 0
58157 0
58158 1
58159 1
58160 1
58161 0
58162 1
58163 1
58164 1
58165 1
58166 0
58167 0
58168 1
58169 0
58170 1
58171 1
58172 0
58173 0
58174 1
58175 0
58176 0
58177 1
58178 0
58179 0
58180 1
58181 1
58182 1
58183 1
58184 1
58185 1
58186 0
58187 1
58188 1
58189 1
58190 0
58191 0
58192 0
58193 1
58194 0
58195 0
58196 1
58197 1
58198 0
58199 0
58200 1
58201 1
58202 1
58203 1
58204 0
58205 0
58206 1
58207 1
58208 1
58209 0
58210 0
58211 0
58212 1
58213 0
58214 0
58215 1
58216 0
58217 1
58218 1
58219 0
58220 1
58221 1
58222 1
58223 0
58224 0
58225 0
58226 0
58227 1
58228 0
58229 1
58230 1
58231 0
58232 1
58233 0
58234 0
58235 0
58236 0
58237 0
58238 1
58239 1
58240 1
58241 1
58242 1
58243 1
58244 0
58245 0
58246 1
58247 1
58248 0
58249 1
58250 0
58251 0
58252 0
58253 1
58254 0
58255 0
58256 1
58257 0
58258 0
58259 1
58260 1
58261 0
58262 0
58263 0
58264 1
58265 1
58266 0
58267 0
58268 0
58269 1
58270 1
58271 1
58272 0
58273 1
58274 0
58275 1
58276 1
58277 1
58278 1
58279 1
58280 1
58281 0
58282 0
58283 1
58284 1
58285 1
58286 1
58287 1
58288 0
58289 1
58290 0
58291 0
58292 1
58293 1
58294 1
58295 0
58296 0
58297 0
58298 1
58299 0
58300 0
58301 1
58302 0
58303 0
58304 1
58305 1
58306 0
58307 1
58308 1
58309 1
58310 0
58311 1
58312 1
58313 0
58314 1
58315 0
58316 1
58317 0
58318 0
58319 1
58320 1
58321 0
58322 0
58323 1
58324 0
58325 0
58326 1
58327 0
58328 0
58329 1
58330 1
58331 0
58332 0
58333 0
58334 1
58335 0
58336 1
58337 0
58338 1
58339 1
58340 0
58341 0
58342 0
58343 1
58344 1
58345 0
58346 1
58347 1
58348 1
58349 0
58350 1
58351 1
58352 1
58353 0
58354 1
58355 1
58356 1
58357 0
58358 1
58359 0
58360 1
58361 0
58362 0
58363 1
58364 1
58365 0
58366 0
58367 0
58368 1
58369 1
58370 0
58371 1
58372 0
58373 1
58374 1
58375 1
58376 0
58377 1
58378 0
58379 1
58380 1
58381 1
58382 0
58383 0
58384 0
58385 0
58386 1
58387 0
58388 0
58389 0
58390 1
58391 1
58392 1
58393 0
58394 1
58395 1
58396 0
58397 0
58398 1
58399 0
58400 1
58401 1
58402 0
58403 0
58404 1
58405 0
58406 1
58407 0
58408 0
58409 0
58410 0
58411 0
58412 0
58413 0
58414 1
58415 0
58416 0
58417 1
58418 1
58419 0
58420 1
58421 0
58422 1
58423 1
58424 1
58425 1
58426 1
58427 0
58428 0
58429 1
58430 0
58431 1
58432 0
58433 1
58434 0
58435 1
58436 1
58437 1
58438 1
58439 0
58440 0
58441 0
58442 0
58443 1
58444 1
58445 0
58446 0
58447 0
58448 0
58449 1
58450 1
58451 0
58452 1
58453 1
58454 0
58455 0
58456 1
58457 0
58458 0
58459 0
58460 1
58461 1
58462 0
58463 0
58464 1
58465 0
58466 0
58467 1
58468 1
58469 1
58470 1
58471 0
58472 1
58473 1
58474 0
58475 0
58476 0
58477 0
58478 0
58479 1
58480 1
58481 1
58482 0
58483 1
58484 0
58485 0
58486 1
58487 0
58488 0
58489 1
58490 1
58491 1
58492 1
58493 0
58494 1
58495 1
58496 1
58497 0
58498 1
58499 0
58500 0
58501 0
58502 0
58503 1
58504 1
58505 1
58506 1
58507 0
58508 0
58509 1
58510 1
58511 0
58512 1
58513 1
58514 1
58515 0
58516 0
58517 0
58518 1
58519 1
58520 0
58521 0
58522 1
58523 1
58524 1
58525 0
58526 0
58527 1
58528 0
58529 1
58530 0
58531 1
58532 1
58533 0
58534 0
58535 1
58536 1
58537 1
58538 0
58539 1
58540 0
58541 1
58542 1
58543 1
58544 0
58545 1
58546 0
58547 0
58548 0
58549 0
58550 1
58551 1
58552 1
58553 0
58554 0
58555 0
58556 0
58557 1
58558 0
58559 1
58560 0
58561 1
58562 1
58563 0
58564 0
58565 1
58566 1
58567 1
58568 1
58569 0
58570 1
58571 0
58572 0
58573 0
58574 1
58575 0
58576 0
58577 0
58578 0
58579 0
58580 0
58581 0
58582 0
58583 1
58584 1
58585 1
58586 0
58587 0
58588 0
58589 1
58590 1
58591 1
58592 1
58593 0
58594 1
58595 0
58596 1
58597 1
58598 1
58599 1
58600 0
58601 1
58602 0
58603 1
58604 1
58605 1
58606 1
58607 0
58608 1
58609 1
58610 0
58611 0
58612 1
58613 1
58614 1
58615 1
58616 1
58617 0
58618 1
58619 1
58620 1
58621 1
58622 1
58623 0
58624 0
58625 0
58626 1
58627 1
58628 0
58629 0
58630 1
58631 0
58632 0
58633 0
58634 1
58635 0
58636 1
58637 1
58638 0
58639 1
58640 1
58641 0
58642 1
58643 1
58644 1
58645 1
58646 1
58647 1
58648 0
58649 1
58650 1
58651 0
58652 1
58653 1
58654 0
58655 0
58656 1
58657 0
58658 0
58659 0
58660 0
58661 0
58662 1
58663 0
58664 0
58665 0
58666 0
58667 1
58668 0
58669 0
58670 1
58671 1
58672 1
58673 0
58674 0
58675 0
58676 1
58677 1
58678 0
58679 0
58680 1
58681 0
58682 1
58683 0
58684 1
58685 0
58686 0
58687 1
58688 0
58689 0
58690 0
58691 0
58692 1
58693 0
58694 1
58695 1
58696 1
58697 1
58698 1
58699 0
58700 0
58701 1
58702 0
58703 1
58704 1
58705 0
58706 0
58707 0
58708 1
58709 1
58710 0
58711 1
58712 0
58713 1
58714 1
58715 0
58716 0
58717 0
58718 1
58719 1
58720 0
58721 0
58722 1
58723 1
58724 0
58725 1
58726 1
58727 1
58728 1
58729 0
58730 0
58731 1
58732 1
58733 0
58734 0
58735 1
58736 0
58737 1
58738 1
58739 0
58740 1
58741 1
58742 1
58743 1
58744 0
58745 0
58746 1
58747 1
58748 1
58749 0
58750 0
58751 0
58752 1
58753 1
58754 1
58755 1
58756 0
58757 1
58758 1
58759 0
58760 1
58761 1
58762 0
58763 0
58764 1
58765 1
58766 1
58767 1
58768 0
58769 0
58770 1
58771 1
58772 1
58773 1
58774 0
58775 0
58776 0
58777 0
58778 1
58779 0
58780 1
58781 1
58782 1
58783 0
58784 0
58785 0
58786 1
58787 0
58788 1
58789 0
58790 0
58791 1
58792 1
58793 1
58794 1
58795 0
58796 1
58797 0
58798 1
58799 1
58800 1
58801 0
58802 0
58803 0
58804 0
58805 1
58806 1
58807 1
58808 0
58809 1
58810 1
58811 0
58812 0
58813 0
58814 1
58815 0
58816 0
58817 0
58818 0
58819 1
58820 0
58821 0
58822 0
58823 0
58824 0
58825 1
58826 1
58827 1
58828 1
58829 1
58830 1
58831 1
58832 1
58833 1
58834 1
58835 1
58836 0
58837 1
58838 1
58839 0
58840 1
58841 1
58842 0
58843 1
58844 0
58845 0
58846 1
58847 1
58848 0
58849 1
58850 0
58851 0
58852 1
58853 1
58854 1
58855 1
58856 1
58857 0
58858 1
58859 0
58860 0
58861 1
58862 1
58863 0
58864 1
58865 0
58866 1
58867 0
58868 0
58869 0
58870 1
58871 0
58872 0
58873 1
58874 1
58875 1
58876 0
58877 0
58878 1
58879 0
58880 1
58881 1
58882 1
58883 1
58884 1
58885 1
58886 0
58887 0
58888 1
58889 0
58890 1
58891 1
58892 0
58893 0
58894 0
58895 0
58896 0
58897 0
58898 0
58899 1
58900 1
58901 0
58902 0
58903 0
58904 1
58905 1
58906 1
58907 0
58908 1
58909 1
58910 1
58911 0
58912 0
58913 0
58914 1
58915 0
58916 1
58917 1
58918 0
58919 0
58920 0
58921 0
58922 1
58923 1
58924 1
58925 1
58926 1
58927 1
58928 1
58929 1
58930 1
58931 1
58932 0
58933 0
58934 1
58935 0
58936 0
58937 1
58938 0
58939 0
58940 1
58941 1
58942 0
58943 0
58944 1
58945 0
58946 0
58947 1
58948 1
58949 1
58950 1
58951 1
58952 0
58953 0
58954 1
58955 1
58956 1
58957 0
58958 1
58959 1
58960 1
58961 0
58962 1
58963 0
58964 0
58965 0
58966 0
58967 0
58968 1
58969 0
58970 1
58971 1
58972 1
58973 1
58974 1
58975 1
58976 0
58977 1
58978 0
58979 0
58980 0
58981 0
58982 0
58983 0
58984 0
58985 1
58986 0
58987 1
58988 0
58989 1
58990 1
58991 1
58992 0
58993 1
58994 0
58995 0
58996 1
58997 1
58998 1
58999 1
59000 0
59001 1
59002 0
59003 1
59004 0
59005 0
59006 0
59007 0
59008 0
59009 1
59010 0
59011 0
59012 0
59013 0
59014 0
59015 1
59016 1
59017 0
59018 0
59019 0
59020 0
59021 1
59022 0
59023 0
59024 1
59025 1
59026 1
59027 1
59028 0
59029 1
59030 0
59031 0
59032 1
59033 1
59034 1
59035 1
59036 1
59037 0
59038 0
59039 0
59040 0
59041 0
59042 1
59043 0
59044 0
59045 1
59046 1
59047 1
59048 1
59049 1
59050 0
59051 1
59052 0
59053 0
59054 0
59055 0
59056 0
59057 1
59058 0
59059 1
59060 0
59061 1
59062 1
59063 0
59064 1
59065 1
59066 0
59067 1
59068 0
59069 0
59070 1
59071 1
59072 0
59073 0
59074 0
59075 0
59076 0
59077 1
59078 0
59079 1
59080 1
59081 0
59082 1
59083 0
59084 1
59085 0
59086 1
59087 0
59088 1
59089 0
59090 0
59091 0
59092 0
59093 1
59094 1
59095 0
59096 0
59097 0
59098 1
59099 0
59100 1
59101 0
59102 0
59103 1
59104 0
59105 1
59106 1
59107 0
59108 0
59109 0
59110 0
59111 0
59112 1
59113 1
59114 0
59115 1
59116 1
59117 1
59118 1
59119 0
59120 1
59121 1
59122 1
59123 0
59124 1
59125 1
59126 1
59127 1
59128 1
59129 0
59130 0
59131 0
59132 0
59133 1
59134 0
59135 0
59136 0
59137 1
59138 1
59139 0
59140 1
59141 0
59142 0
59143 0
59144 1
59145 1
59146 0
59147 1
59148 1
59149 0
59150 1
59151 0
59152 1
59153 0
59154 0
59155 0
59156 1
59157 0
59158 0
59159 1
59160 0
59161 1
59162 1
59163 1
59164 1
59165 0
59166 0
59167 0
59168 1
59169 1
59170 0
59171 0
59172 1
59173 0
59174 0
59175 1
59176 1
59177 1
59178 0
59179 0
59180 1
59181 0
59182 1
59183 1
59184 0
59185 0
59186 0
59187 0
59188 0
59189 1
59190 1
59191 1
59192 1
59193 0
59194 0
59195 0
59196 1
59197 1
59198 1
59199 0
59200 1
59201 1
59202 1
59203 0
59204 0
59205 1
59206 0
59207 0
59208 1
59209 0
59210 1
59211 0
59212 0
59213 1
59214 1
59215 1
59216 0
59217 1
59218 1
59219 1
59220 0
59221 1
59222 1
59223 0
59224 1
59225 0
59226 0
59227 1
59228 1
59229 1
59230 1
59231 1
59232 1
59233 1
59234 0
59235 0
59236 0
59237 0
59238 1
59239 1
59240 0
59241 1
59242 1
59243 0
59244 1
59245 1
59246 0
59247 0
59248 0
59249 1
59250 1
59251 1
59252 0
59253 1
59254 1
59255 1
59256 1
59257 1
59258 0
59259 0
59260 1
59261 0
59262 1
59263 0
59264 0
59265 0
59266 1
59267 0
59268 0
59269 0
59270 1
59271 0
59272 0
59273 1
59274 0
59275 0
59276 1
59277 1
59278 0
59279 1
59280 0
59281 1
59282 0
59283 0
59284 1
59285 1
59286 0
59287 1
59288 1
59289 0
59290 1
59291 1
59292 1
59293 0
59294 1
59295 1
59296 0
59297 0
59298 1
59299 1
59300 1
59301 0
59302 0
59303 0
59304 1
59305 1
59306 0
59307 0
59308 1
59309 1
59310 1
59311 1
59312 0
59313 1
59314 1
59315 1
59316 1
59317 1
59318 0
59319 0
59320 0
59321 0
59322 1
59323 1
59324 1
59325 0
59326 1
59327 1
59328 1
59329 0
59330 1
59331 1
59332 1
59333 1
59334 1
59335 1
59336 1
59337 0
59338 1
59339 0
59340 1
59341 0
59342 0
59343 0
59344 0
59345 0
59346 1
59347 1
59348 1
59349 0
59350 0
59351 0
59352 0
59353 0
59354 0
59355 0
59356 1
59357 0
59358 0
59359 1
59360 0
59361 1
59362 1
59363 0
59364 0
59365 1
59366 1
59367 1
59368 1
59369 1
59370 1
59371 0
59372 1
59373 0
59374 1
59375 1
59376 0
59377 1
59378 0
59379 1
59380 0
59381 0
59382 1
59383 0
59384 0
59385 1
59386 1
59387 1
59388 0
59389 1
59390 0
59391 1
59392 1
59393 0
59394 1
59395 0
59396 1
59397 0
59398 0
59399 0
59400 0
59401 0
59402 0
59403 1
59404 1
59405 0
59406 1
59407 0
59408 0
59409 0
59410 0
59411 1
59412 0
59413 1
59414 0
59415 1
59416 0
59417 0
59418 0
59419 0
59420 0
59421 0
59422 1
59423 0
59424 0
59425 0
59426 1
59427 1
59428 1
59429 1
59430 1
59431 1
59432 0
59433 1
59434 0
59435 1
59436 0
59437 1
59438 1
59439 1
59440 1
59441 1
59442 1
59443 1
59444 0
59445 0
59446 0
59447 0
59448 1
59449 0
59450 0
59451 1
59452 0
59453 1
59454 1
59455 1
59456 0
59457 1
59458 1
59459 0
59460 0
59461 0
59462 1
59463 1
59464 0
59465 0
59466 1
59467 1
59468 0
59469 0
59470 0
59471 1
59472 1
59473 0
59474 0
59475 1
59476 1
59477 0
59478 0
59479 1
59480 1
59481 0
59482 0
59483 1
59484 0
59485 1
59486 1
59487 0
59488 1
59489 0
59490 0
59491 1
59492 0
59493 0
59494 0
59495 1
59496 1
59497 0
59498 1
59499 0
59500 1
59501 0
59502 1
59503 0
59504 1
59505 1
59506 1
59507 1
59508 0
59509 1
59510 1
59511 1
59512 1
59513 1
59514 1
59515 1
59516 1
59517 0
59518 1
59519 1
59520 0
59521 1
59522 0
59523 0
59524 0
59525 1
59526 0
59527 1
59528 1
59529 0
59530 0
59531 1
59532 0
59533 0
59534 0
59535 0
59536 1
59537 0
59538 0
59539 1
59540 1
59541 1
59542 1
59543 1
59544 0
59545 0
59546 0
59547 1
59548 0
59549 1
59550 0
59551 0
59552 1
59553 1
59554 0
59555 0
59556 1
59557 0
59558 1
59559 1
59560 0
59561 1
59562 0
59563 1
59564 0
59565 0
59566 0
59567 1
59568 0
59569 0
59570 0
59571 1
59572 1
59573 0
59574 1
59575 0
59576 0
59577 1
59578 0
59579 0
59580 1
59581 0
59582 1
59583 1
59584 0
59585 1
59586 0
59587 0
59588 1
59589 0
59590 0
59591 1
59592 1
59593 0
59594 0
59595 1
59596 1
59597 0
59598 0
59599 0
59600 1
59601 1
59602 0
59603 1
59604 0
59605 1
59606 0
59607 1
59608 1
59609 0
59610 0
59611 0
59612 1
59613 1
59614 1
59615 1
59616 1
59617 0
59618 1
59619 1
59620 1
59621 0
59622 1
59623 1
59624 0
59625 0
59626 0
59627 1
59628 0
59629 0
59630 1
59631 1
59632 1
59633 1
59634 1
59635 0
59636 0
59637 0
59638 0
59639 1
59640 1
59641 1
59642 0
59643 0
59644 0
59645 1
59646 1
59647 0
59648 0
59649 1
59650 1
59651 0
59652 0
59653 0
59654 0
59655 0
59656 0
59657 1
59658 1
59659 1
59660 1
59661 1
59662 0
59663 1
59664 0
59665 0
59666 1
59667 1
59668 1
59669 1
59670 1
59671 1
59672 1
59673 0
59674 1
59675 1
59676 0
59677 0
59678 0
59679 0
59680 0
59681 1
59682 1
59683 0
59684 0
59685 1
59686 1
59687 1
59688 0
59689 0
59690 1
59691 1
59692 0
59693 0
59694 0
59695 1
59696 1
59697 1
59698 1
59699 0
59700 0
59701 1
59702 1
59703 0
59704 1
59705 1
59706 0
59707 0
59708 0
59709 1
59710 1
59711 0
59712 1
59713 1
59714 0
59715 1
59716 0
59717 1
59718 0
59719 1
59720 0
59721 0
59722 0
59723 0
59724 0
59725 1
59726 1
59727 0
59728 1
59729 0
59730 0
59731 0
59732 0
59733 0
59734 0
59735 0
59736 1
59737 1
59738 0
59739 1
59740 1
59741 1
59742 0
59743 0
59744 0
59745 1
59746 1
59747 1
59748 1
59749 1
59750 1
59751 0
59752 0
59753 0
59754 0
59755 0
59756 1
59757 0
59758 0
59759 0
59760 0
59761 1
59762 0
59763 0
59764 0
59765 1
59766 0
59767 1
59768 1
59769 1
59770 0
59771 0
59772 1
59773 1
59774 0
59775 0
59776 1
59777 0
59778 1
59779 1
59780 0
59781 0
59782 0
59783 1
59784 1
59785 0
59786 0
59787 1
59788 1
59789 1
59790 0
59791 0
59792 0
59793 1
59794 1
59795 1
59796 1
59797 1
59798 1
59799 0
59800 1
59801 1
59802 0
59803 1
59804 0
59805 0
59806 0
59807 0
59808 1
59809 1
59810 0
59811 1
59812 0
59813 1
59814 0
59815 1
59816 1
59817 0
59818 0
59819 1
59820 0
59821 1
59822 0
59823 1
59824 1
59825 1
59826 1
59827 0
59828 1
59829 0
59830 0
59831 0
59832 1
59833 1
59834 0
59835 1
59836 1
59837 0
59838 1
59839 1
59840 0
59841 1
59842 1
59843 0
59844 1
59845 0
59846 0
59847 0
59848 0
59849 1
59850 0
59851 0
59852 0
59853 1
59854 1
59855 0
59856 0
59857 0
59858 0
59859 1
59860 0
59861 0
59862 1
59863 1
59864 0
59865 1
59866 1
59867 1
59868 0
59869 0
59870 1
59871 0
59872 0
59873 0
59874 1
59875 1
59876 0
59877 0
59878 0
59879 1
59880 0
59881 1
59882 1
59883 0
59884 0
59885 1
59886 1
59887 1
59888 1
59889 1
59890 1
59891 1
59892 1
59893 1
59894 1
59895 0
59896 0
59897 0
59898 1
59899 0
59900 1
59901 1
59902 1
59903 0
59904 1
59905 1
59906 0
59907 1
59908 1
59909 1
59910 0
59911 1
59912 0
59913 1
59914 1
59915 1
59916 1
59917 1
59918 1
59919 0
59920 1
59921 0
59922 1
59923 1
59924 1
59925 0
59926 0
59927 1
59928 1
59929 1
59930 0
59931 1
59932 1
59933 0
59934 1
59935 0
59936 0
59937 1
59938 1
59939 1
59940 0
59941 1
59942 0
59943 1
59944 1
59945 0
59946 1
59947 1
59948 0
59949 1
59950 1
59951 0
59952 0
59953 1
59954 1
59955 0
59956 1
59957 0
59958 0
59959 0
59960 1
59961 0
59962 1
59963 0
59964 1
59965 1
59966 0
59967 0
59968 1
59969 0
59970 0
59971 1
59972 0
59973 1
59974 0
59975 1
59976 0
59977 1
59978 0
59979 1
59980 0
59981 0
59982 0
59983 0
59984 0
59985 1
59986 1
59987 1
59988 1
59989 1
59990 0
59991 1
59992 1
59993 0
59994 0
59995 1
59996 1
59997 1
59998 1
59999 1
60000 1
60001 1
60002 0
60003 0
60004 1
60005 0
60006 1
60007 1
60008 1
60009 1
60010 0
60011 0
60012 1
60013 1
60014 0
60015 0
60016 1
60017 0
60018 0
60019 1
60020 1
60021 0
60022 1
60023 1
60024 0
60025 1
60026 1
60027 1
60028 1
60029 1
60030 1
60031 0
60032 0
60033 0
60034 0
60035 0
60036 0
60037 0
60038 0
60039 1
60040 1
60041 0
60042 0
60043 0
60044 0
60045 0
60046 0
60047 0
60048 0
60049 0
60050 1
60051 0
60052 0
60053 0
60054 0
60055 1
60056 0
60057 1
60058 1
60059 0
60060 1
60061 1
60062 0
60063 1
60064 0
60065 1
60066 0
60067 1
60068 1
60069 1
60070 0
60071 1
60072 0
60073 0
60074 1
60075 1
60076 0
60077 1
60078 0
60079 0
60080 0
60081 1
60082 1
60083 1
60084 1
60085 0
60086 0
60087 0
60088 1
60089 0
60090 1
60091 0
60092 1
60093 1
60094 0
60095 1
60096 1
60097 0
60098 0
60099 1
60100 0
60101 0
60102 0
60103 0
60104 1
60105 0
60106 0
60107 0
60108 1
60109 0
60110 0
60111 1
60112 0
60113 1
60114 0
60115 1
60116 1
60117 1
60118 0
60119 0
60120 1
60121 1
60122 0
60123 0
60124 1
60125 1
60126 0
60127 1
60128 0
60129 1
60130 0
60131 0
60132 1
60133 1
60134 0
60135 0
60136 1
60137 1
60138 0
60139 1
60140 1
60141 1
60142 1
60143 1
60144 1
60145 1
60146 1
60147 1
60148 1
60149 1
60150 0
60151 0
60152 1
60153 1
60154 1
60155 0
60156 0
60157 0
60158 1
60159 0
60160 1
60161 1
60162 0
60163 1
60164 1
60165 1
60166 0
60167 1
60168 0
60169 0
60170 0
60171 0
60172 0
60173 1
60174 1
60175 0
60176 1
60177 0
60178 0
60179 1
60180 0
60181 0
60182 1
60183 0
60184 0
60185 1
60186 1
60187 0
60188 0
60189 1
60190 1
60191 0
60192 1
60193 0
60194 1
60195 0
60196 1
60197 0
60198 0
60199 1
60200 1
60201 1
60202 0
60203 0
60204 1
60205 0
60206 0
60207 0
60208 1
60209 0
60210 1
60211 0
60212 0
60213 0
60214 1
60215 0
60216 0
60217 1
60218 1
60219 0
60220 0
60221 0
60222 1
60223 0
60224 1
60225 1
60226 1
60227 1
60228 1
60229 0
60230 1
60231 0
60232 0
60233 0
60234 0
60235 0
60236 0
60237 0
60238 0
60239 1
60240 1
60241 1
60242 1
60243 1
60244 0
60245 0
60246 0
60247 0
60248 0
60249 1
60250 1
60251 0
60252 1
60253 0
60254 1
60255 0
60256 1
60257 0
60258 1
60259 1
60260 0
60261 1
60262 1
60263 0
60264 0
60265 1
60266 1
60267 1
60268 1
60269 0
60270 1
60271 0
60272 1
60273 1
60274 1
60275 1
60276 1
60277 0
60278 0
60279 0
60280 1
60281 0
60282 0
60283 1
60284 0
60285 0
60286 0
60287 1
60288 0
60289 0
60290 0
60291 0
60292 1
60293 1
60294 0
60295 0
60296 0
60297 0
60298 1
60299 1
60300 0
60301 0
60302 0
60303 0
60304 1
60305 1
60306 1
60307 1
60308 0
60309 1
60310 0
60311 0
60312 0
60313 1
60314 0
60315 0
60316 1
60317 1
60318 1
60319 0
60320 0
60321 0
60322 1
60323 0
60324 0
60325 0
60326 1
60327 1
60328 0
60329 0
60330 1
60331 0
60332 0
60333 0
60334 0
60335 1
60336 0
60337 1
60338 1
60339 0
60340 1
60341 0
60342 0
60343 0
60344 1
60345 1
60346 1
60347 0
60348 0
60349 1
60350 1
60351 1
60352 1
60353 0
60354 1
60355 0
60356 0
60357 1
60358 1
60359 0
60360 1
60361 0
60362 0
60363 0
60364 0
60365 0
60366 1
60367 0
60368 0
60369 0
60370 0
60371 1
60372 1
60373 0
60374 1
60375 0
60376 1
60377 1
60378 0
60379 0
60380 0
60381 1
60382 0
60383 1
60384 0
60385 0
60386 1
60387 1
60388 1
60389 1
60390 1
60391 1
60392 1
60393 1
60394 0
60395 1
60396 0
60397 1
60398 1
60399 0
60400 0
60401 1
60402 0
60403 0
60404 1
60405 0
60406 1
60407 1
60408 1
60409 1
60410 1
60411 1
60412 1
60413 1
60414 0
60415 1
60416 1
60417 1
60418 1
60419 0
60420 1
60421 1
60422 1
60423 1
60424 1
60425 0
60426 1
60427 1
60428 1
60429 1
60430 1
60431 1
60432 0
60433 1
60434 1
60435 1
60436 0
60437 0
60438 0
60439 0
60440 1
60441 0
60442 1
60443 0
60444 0
60445 1
60446 1
60447 0
60448 1
60449 1
60450 1
60451 1
60452 0
60453 1
60454 0
60455 0
60456 1
60457 1
60458 0
60459 1
60460 0
60461 1
60462 1
60463 1
60464 0
60465 1
60466 1
60467 1
60468 1
60469 1
60470 1
60471 0
60472 0
60473 0
60474 0
60475 1
60476 0
60477 1
60478 1
60479 1
60480 0
60481 1
60482 0
60483 1
60484 1
60485 1
60486 1
60487 0
60488 1
60489 0
60490 1
60491 0
60492 1
60493 0
60494 0
60495 0
60496 1
60497 1
60498 0
60499 1
60500 1
60501 0
60502 1
60503 0
60504 0
60505 0
60506 0
60507 0
60508 1
60509 1
60510 1
60511 0
60512 1
60513 0
60514 0
60515 1
60516 1
60517 0
60518 0
60519 0
60520 1
60521 1
60522 1
60523 1
60524 0
60525 1
60526 1
60527 0
60528 0
60529 0
60530 0
60531 0
60532 0
60533 0
60534 1
60535 0
60536 0
60537 1
60538 0
60539 0
60540 1
60541 1
60542 1
60543 0
60544 1
60545 1
60546 0
60547 0
60548 0
60549 0
60550 1
60551 1
60552 0
60553 1
60554 1
60555 1
60556 1
60557 1
60558 0
60559 0
60560 1
60561 0
60562 1
60563 0
60564 1
60565 1
60566 1
60567 1
60568 1
60569 0
60570 1
60571 0
60572 1
60573 0
60574 0
60575 1
60576 0
60577 1
60578 1
60579 1
60580 0
60581 1
60582 0
60583 1
60584 0
60585 0
60586 0
60587 1
60588 0
60589 0
60590 0
60591 1
60592 0
60593 1
60594 1
60595 1
60596 1
60597 1
60598 1
60599 0
60600 1
60601 0
60602 1
60603 0
60604 0
60605 0
60606 0
60607 1
60608 0
60609 1
60610 0
60611 0
60612 1
60613 1
60614 1
60615 0
60616 1
60617 0
60618 0
60619 0
60620 0
60621 0
60622 0
60623 0
60624 1
60625 0
60626 0
60627 0
60628 0
60629 0
60630 0
60631 1
60632 0
60633 1
60634 1
60635 0
60636 0
60637 0
60638 0
60639 1
60640 0
60641 1
60642 1
60643 0
60644 0
60645 0
60646 1
60647 1
60648 0
60649 0
60650 1
60651 0
60652 1
60653 1
60654 1
60655 0
60656 0
60657 1
60658 0
60659 0
60660 1
60661 1
60662 1
60663 0
60664 0
60665 1
60666 1
60667 1
60668 1
60669 0
60670 0
60671 1
60672 1
60673 1
60674 1
60675 1
60676 0
60677 0
60678 1
60679 1
60680 1
60681 1
60682 0
60683 0
60684 0
60685 1
60686 1
60687 0
60688 0
60689 1
60690 1
60691 1
60692 0
60693 1
60694 0
60695 0
60696 1
60697 1
60698 1
60699 1
60700 0
60701 1
60702 1
60703 0
60704 0
60705 0
60706 1
60707 1
60708 1
60709 1
60710 1
60711 0
60712 1
60713 0
60714 0
60715 1
60716 0
60717 0
60718 1
60719 1
60720 1
60721 1
60722 1
60723 1
60724 0
60725 0
60726 0
60727 1
60728 1
60729 1
60730 0
60731 0
60732 1
60733 1
60734 0
60735 0
60736 1
60737 0
60738 0
60739 1
60740 0
60741 1
60742 0
60743 1
60744 1
60745 0
60746 0
60747 0
60748 1
60749 0
60750 0
60751 0
60752 0
60753 0
60754 1
60755 1
60756 1
60757 1
60758 1
60759 0
60760 1
60761 0
60762 1
60763 0
60764 1
60765 0
60766 0
60767 1
60768 1
60769 1
60770 1
60771 1
60772 1
60773 0
60774 0
60775 1
60776 1
60777 0
60778 0
60779 0
60780 1
60781 0
60782 0
60783 1
60784 1
60785 0
60786 1
60787 0
60788 1
60789 1
60790 0
60791 0
60792 0
60793 0
60794 1
60795 0
60796 0
60797 0
60798 0
60799 0
60800 1
60801 0
60802 1
60803 0
60804 0
60805 1
60806 1
60807 0
60808 0
60809 1
60810 1
60811 0
60812 1
60813 0
60814 0
60815 1
60816 1
60817 1
60818 1
60819 1
60820 1
60821 1
60822 1
60823 0
60824 0
60825 1
60826 1
60827 1
60828 0
60829 1
60830 1
60831 1
60832 1
60833 1
60834 0
60835 1
60836 1
60837 0
60838 1
60839 0
60840 0
60841 0
60842 0
60843 0
60844 0
60845 0
60846 0
60847 1
60848 0
60849 1
60850 1
60851 1
60852 1
60853 1
60854 1
60855 0
60856 0
60857 1
60858 0
60859 0
60860 1
60861 1
60862 1
60863 1
60864 1
60865 0
60866 0
60867 0
60868 0
60869 0
60870 0
60871 1
60872 0
60873 1
60874 0
60875 1
60876 1
60877 0
60878 0
60879 1
60880 0
60881 0
60882 0
60883 0
60884 1
60885 0
60886 1
60887 1
60888 1
60889 0
60890 0
60891 1
60892 0
60893 1
60894 1
60895 0
60896 1
60897 0
60898 0
60899 0
60900 1
60901 0
60902 0
60903 0
60904 0
60905 0
60906 1
60907 0
60908 1
60909 0
60910 1
60911 1
60912 1
60913 0
60914 0
60915 0
60916 0
60917 1
60918 1
60919 1
60920 1
60921 1
60922 0
60923 1
60924 0
60925 0
60926 0
60927 0
60928 1
60929 1
60930 1
60931 1
60932 1
60933 1
60934 1
60935 1
60936 1
60937 0
60938 0
60939 0
60940 1
60941 1
60942 1
60943 0
60944 0
60945 0
60946 0
60947 1
60948 0
60949 0
60950 0
60951 1
60952 1
60953 0
60954 0
60955 1
60956 0
60957 0
60958 1
60959 0
60960 1
60961 0
60962 1
60963 0
60964 0
60965 0
60966 0
60967 0
60968 1
60969 0
60970 1
60971 0
60972 0
60973 0
60974 1
60975 0
60976 1
60977 1
60978 1
60979 0
60980 1
60981 1
60982 0
60983 0
60984 1
60985 0
60986 0
60987 1
60988 1
60989 0
60990 0
60991 1
60992 1
60993 1
60994 0
60995 0
60996 1
60997 1
60998 0
60999 1
61000 1
61001 1
61002 1
61003 1
61004 1
61005 0
61006 0
61007 1
61008 1
61009 0
61010 1
61011 1
61012 0
61013 0
61014 0
61015 0
61016 0
61017 0
61018 0
61019 0
61020 0
61021 0
61022 0
61023 0
61024 1
61025 1
61026 0
61027 0
61028 1
61029 0
61030 0
61031 1
61032 1
61033 0
61034 1
61035 0
61036 1
61037 1
61038 1
61039 0
61040 1
61041 0
61042 1
61043 0
61044 1
61045 1
61046 0
61047 0
61048 1
61049 0
61050 1
61051 1
61052 1
61053 0
61054 1
61055 1
61056 1
61057 1
61058 1
61059 0
61060 1
61061 0
61062 0
61063 0
61064 1
61065 1
61066 1
61067 0
61068 1
61069 1
61070 1
61071 1
61072 0
61073 0
61074 1
61075 1
61076 1
61077 0
61078 1
61079 0
61080 0
61081 1
61082 1
61083 1
61084 0
61085 0
61086 1
61087 1
61088 1
61089 1
61090 0
61091 1
61092 0
61093 1
61094 1
61095 1
61096 0
61097 1
61098 0
61099 0
61100 1
61101 1
61102 1
61103 0
61104 1
61105 0
61106 1
61107 1
61108 1
61109 1
61110 0
61111 1
61112 0
61113 0
61114 0
61115 1
61116 0
61117 1
61118 0
61119 1
61120 1
61121 0
61122 1
61123 0
61124 0
61125 0
61126 0
61127 1
61128 1
61129 0
61130 1
61131 1
61132 1
61133 1
61134 1
61135 0
61136 1
61137 0
61138 0
61139 1
61140 1
61141 1
61142 0
61143 1
61144 1
61145 1
61146 1
61147 0
61148 0
61149 1
61150 1
61151 0
61152 1
61153 0
61154 1
61155 1
61156 0
61157 1
61158 1
61159 0
61160 0
61161 0
61162 0
61163 0
61164 0
61165 0
61166 0
61167 1
61168 1
61169 0
61170 1
61171 0
61172 1
61173 1
61174 0
61175 1
61176 1
61177 0
61178 1
61179 1
61180 0
61181 1
61182 1
61183 0
61184 0
61185 1
61186 0
61187 1
61188 1
61189 0
61190 1
61191 1
61192 0
61193 0
61194 0
61195 0
61196 0
61197 0
61198 1
61199 1
61200 1
61201 1
61202 0
61203 1
61204 0
61205 1
61206 1
61207 0
61208 0
61209 1
61210 1
61211 0
61212 0
61213 0
61214 0
61215 0
61216 0
61217 1
61218 0
61219 0
61220 1
61221 1
61222 0
61223 1
61224 0
61225 0
61226 0
61227 0
61228 1
61229 1
61230 0
61231 0
61232 1
61233 1
61234 1
61235 1
61236 1
61237 0
61238 0
61239 1
61240 1
61241 1
61242 0
61243 0
61244 0
61245 1
61246 1
61247 0
61248 1
61249 1
61250 0
61251 1
61252 0
61253 1
61254 1
61255 0
61256 0
61257 0
61258 0
61259 0
61260 1
61261 0
61262 1
61263 0
61264 0
61265 0
61266 0
61267 1
61268 0
61269 1
61270 0
61271 1
61272 0
61273 0
61274 1
61275 0
61276 0
61277 1
61278 1
61279 0
61280 1
61281 1
61282 1
61283 0
61284 0
61285 1
61286 1
61287 0
61288 0
61289 1
61290 0
61291 1
61292 0
61293 0
61294 1
61295 1
61296 1
61297 1
61298 1
61299 0
61300 1
61301 1
61302 1
61303 1
61304 0
61305 1
61306 1
61307 1
61308 0
61309 1
61310 0
61311 0
61312 0
61313 1
61314 0
61315 1
61316 0
61317 1
61318 0
61319 1
61320 1
61321 1
61322 1
61323 1
61324 0
61325 0
61326 0
61327 0
61328 0
61329 0
61330 0
61331 0
61332 1
61333 0
61334 1
61335 0
61336 1
61337 0
61338 0
61339 1
61340 0
61341 0
61342 0
61343 1
61344 1
61345 1
61346 1
61347 0
61348 0
61349 1
61350 1
61351 1
61352 1
61353 1
61354 1
61355 1
61356 1
61357 1
61358 0
61359 1
61360 1
61361 1
61362 0
61363 0
61364 0
61365 1
61366 1
61367 1
61368 1
61369 1
61370 0
61371 0
61372 0
61373 1
61374 0
61375 1
61376 0
61377 1
61378 0
61379 1
61380 0
61381 1
61382 1
61383 1
61384 1
61385 0
61386 0
61387 1
61388 0
61389 0
61390 1
61391 1
61392 1
61393 1
61394 0
61395 1
61396 1
61397 1
61398 1
61399 1
61400 0
61401 1
61402 1
61403 0
61404 0
61405 0
61406 1
61407 0
61408 1
61409 0
61410 1
61411 1
61412 1
61413 0
61414 1
61415 0
61416 1
61417 0
61418 1
61419 0
61420 1
61421 0
61422 0
61423 1
61424 1
61425 0
61426 0
61427 1
61428 1
61429 0
61430 0
61431 1
61432 0
61433 1
61434 0
61435 0
61436 0
61437 0
61438 1
61439 0
61440 0
61441 0
61442 1
61443 1
61444 0
61445 1
61446 1
61447 0
61448 0
61449 0
61450 1
61451 0
61452 1
61453 1
61454 1
61455 0
61456 1
61457 1
61458 1
61459 1
61460 1
61461 1
61462 0
61463 1
61464 1
61465 0
61466 0
61467 1
61468 1
61469 1
61470 0
61471 0
61472 1
61473 1
61474 1
61475 0
61476 1
61477 1
61478 1
61479 1
61480 1
61481 1
61482 1
61483 0
61484 1
61485 1
61486 0
61487 0
61488 0
61489 1
61490 1
61491 1
61492 1
61493 0
61494 0
61495 1
61496 1
61497 1
61498 0
61499 0
61500 1
61501 1
61502 0
61503 0
61504 0
61505 0
61506 0
61507 1
61508 1
61509 0
61510 0
61511 1
61512 1
61513 0
61514 1
61515 1
61516 0
61517 0
61518 0
61519 1
61520 1
61521 1
61522 1
61523 0
61524 1
61525 1
61526 0
61527 1
61528 0
61529 1
61530 1
61531 1
61532 1
61533 1
61534 1
61535 1
61536 1
61537 1
61538 0
61539 0
61540 1
61541 1
61542 0
61543 0
61544 0
61545 1
61546 1
61547 1
61548 1
61549 1
61550 0
61551 1
61552 0
61553 1
61554 1
61555 0
61556 0
61557 0
61558 1
61559 1
61560 0
61561 1
61562 1
61563 0
61564 0
61565 1
61566 1
61567 1
61568 1
61569 0
61570 0
61571 0
61572 0
61573 0
61574 1
61575 1
61576 1
61577 1
61578 0
61579 0
61580 1
61581 1
61582 1
61583 1
61584 1
61585 0
61586 1
61587 0
61588 1
61589 1
61590 1
61591 1
61592 1
61593 0
61594 1
61595 0
61596 0
61597 0
61598 1
61599 0
61600 1
61601 1
61602 0
61603 0
61604 0
61605 0
61606 1
61607 0
61608 1
61609 0
61610 0
61611 0
61612 1
61613 1
61614 1
61615 1
61616 1
61617 1
61618 1
61619 1
61620 0
61621 0
61622 1
61623 1
61624 0
61625 1
61626 0
61627 0
61628 1
61629 1
61630 1
61631 1
61632 0
61633 1
61634 0
61635 1
61636 1
61637 0
61638 0
61639 0
61640 1
61641 0
61642 0
61643 1
61644 0
61645 1
61646 0
61647 1
61648 1
61649 0
61650 1
61651 1
61652 0
61653 1
61654 0
61655 1
61656 1
61657 0
61658 0
61659 1
61660 0
61661 1
61662 1
61663 1
61664 0
61665 0
61666 1
61667 0
61668 1
61669 1
61670 0
61671 0
61672 1
61673 0
61674 0
61675 0
61676 0
61677 0
61678 0
61679 1
61680 1
61681 1
61682 1
61683 1
61684 1
61685 0
61686 0
61687 0
61688 1
61689 0
61690 1
61691 0
61692 0
61693 0
61694 0
61695 0
61696 0
61697 0
61698 0
61699 1
61700 1
61701 0
61702 0
61703 1
61704 0
61705 1
61706 1
61707 0
61708 1
61709 1
61710 0
61711 1
61712 1
61713 0
61714 1
61715 1
61716 1
61717 1
61718 0
61719 1
61720 0
61721 1
61722 1
61723 1
61724 1
61725 1
61726 0
61727 1
61728 1
61729 1
61730 1
61731 0
61732 0
61733 1
61734 1
61735 1
61736 0
61737 0
61738 1
61739 0
61740 1
61741 0
61742 1
61743 0
61744 0
61745 0
61746 1
61747 0
61748 1
61749 1
61750 0
61751 0
61752 1
61753 1
61754 1
61755 1
61756 0
61757 1
61758 0
61759 1
61760 0
61761 1
61762 0
61763 1
61764 0
61765 0
61766 1
61767 0
61768 0
61769 1
61770 0
61771 0
61772 1
61773 0
61774 1
61775 1
61776 1
61777 1
61778 0
61779 0
61780 1
61781 1
61782 1
61783 0
61784 1
61785 1
61786 0
61787 1
61788 0
61789 1
61790 1
61791 0
61792 1
61793 0
61794 0
61795 0
61796 0
61797 1
61798 0
61799 0
61800 1
61801 0
61802 0
61803 1
61804 1
61805 1
61806 0
61807 0
61808 0
61809 0
61810 1
61811 1
61812 1
61813 1
61814 1
61815 1
61816 0
61817 1
61818 1
61819 0
61820 1
61821 1
61822 1
61823 0
61824 1
61825 1
61826 0
61827 0
61828 0
61829 0
61830 0
61831 0
61832 0
61833 1
61834 1
61835 1
61836 1
61837 0
61838 0
61839 0
61840 0
61841 1
61842 0
61843 1
61844 1
61845 0
61846 1
61847 0
61848 1
61849 0
61850 1
61851 1
61852 1
61853 0
61854 1
61855 1
61856 0
61857 1
61858 1
61859 1
61860 1
61861 1
61862 0
61863 1
61864 0
61865 1
61866 0
61867 0
61868 1
61869 1
61870 1
61871 0
61872 0
61873 0
61874 0
61875 1
61876 0
61877 0
61878 1
61879 1
61880 1
61881 0
61882 1
61883 1
61884 0
61885 1
61886 1
61887 1
61888 0
61889 1
61890 1
61891 0
61892 1
61893 1
61894 0
61895 0
61896 1
61897 0
61898 1
61899 1
61900 1
61901 0
61902 1
61903 0
61904 0
61905 0
61906 1
61907 0
61908 0
61909 1
61910 1
61911 1
61912 1
61913 0
61914 0
61915 0
61916 0
61917 1
61918 1
61919 0
61920 1
61921 1
61922 1
61923 0
61924 1
61925 1
61926 0
61927 1
61928 0
61929 0
61930 0
61931 0
61932 1
61933 0
61934 0
61935 1
61936 1
61937 0
61938 0
61939 0
61940 1
61941 0
61942 0
61943 0
61944 1
61945 1
61946 0
61947 0
61948 0
61949 0
61950 1
61951 1
61952 1
61953 1
61954 1
61955 0
61956 1
61957 1
61958 0
61959 0
61960 0
61961 0
61962 0
61963 1
61964 0
61965 1
61966 0
61967 0
61968 1
61969 0
61970 1
61971 0
61972 1
61973 1
61974 0
61975 0
61976 1
61977 1
61978 1
61979 1
61980 1
61981 1
61982 1
61983 0
61984 1
61985 0
61986 0
61987 1
61988 0
61989 1
61990 1
61991 0
61992 1
61993 1
61994 0
61995 1
61996 1
61997 1
61998 1
61999 0
62000 1
62001 1
62002 0
62003 0
62004 1
62005 1
62006 0
62007 1
62008 0
62009 0
62010 0
62011 0
62012 1
62013 1
62014 1
62015 1
62016 1
62017 1
62018 0
62019 1
62020 0
62021 0
62022 1
62023 0
62024 0
62025 0
62026 0
62027 0
62028 1
62029 0
62030 1
62031 1
62032 1
62033 0
62034 1
62035 1
62036 0
62037 1
62038 0
62039 1
62040 0
62041 0
62042 0
62043 1
62044 1
62045 1
62046 1
62047 1
62048 1
62049 1
62050 0
62051 0
62052 0
62053 0
62054 1
62055 0
62056 1
62057 1
62058 0
62059 1
62060 1
62061 0
62062 1
62063 1
62064 0
62065 1
62066 0
62067 0
62068 1
62069 0
62070 1
62071 0
62072 0
62073 0
62074 1
62075 0
62076 0
62077 0
62078 1
62079 1
62080 1
62081 0
62082 1
62083 1
62084 1
62085 0
62086 0
62087 1
62088 1
62089 0
62090 1
62091 1
62092 0
62093 0
62094 0
62095 1
62096 0
62097 1
62098 1
62099 0
62100 1
62101 1
62102 1
62103 0
62104 0
62105 0
62106 0
62107 0
62108 1
62109 1
62110 0
62111 1
62112 1
62113 1
62114 1
62115 1
62116 1
62117 0
62118 0
62119 0
62120 1
62121 0
62122 1
62123 1
62124 0
62125 0
62126 0
62127 1
62128 1
62129 0
62130 0
62131 0
62132 1
62133 1
62134 0
62135 1
62136 0
62137 1
62138 0
62139 0
62140 0
62141 1
62142 1
62143 1
62144 0
62145 0
62146 1
62147 1
62148 1
62149 0
62150 0
62151 1
62152 1
62153 1
62154 0
62155 1
62156 0
62157 0
62158 0
62159 0
62160 0
62161 0
62162 1
62163 0
62164 0
62165 0
62166 1
62167 0
62168 0
62169 0
62170 1
62171 1
62172 0
62173 1
62174 1
62175 0
62176 1
62177 1
62178 1
62179 1
62180 0
62181 0
62182 1
62183 0
62184 1
62185 0
62186 1
62187 1
62188 0
62189 1
62190 1
62191 1
62192 1
62193 0
62194 0
62195 0
62196 1
62197 0
62198 1
62199 1
62200 1
62201 0
62202 0
62203 0
62204 0
62205 1
62206 1
62207 0
62208 0
62209 0
62210 1
62211 0
62212 0
62213 1
62214 0
62215 1
62216 1
62217 1
62218 1
62219 0
62220 1
62221 1
62222 1
62223 0
62224 1
62225 1
62226 1
62227 0
62228 1
62229 1
62230 0
62231 0
62232 1
62233 1
62234 1
62235 1
62236 0
62237 0
62238 0
62239 1
62240 1
62241 1
62242 1
62243 0
62244 0
62245 1
62246 1
62247 0
62248 0
62249 0
62250 0
62251 1
62252 0
62253 0
62254 0
62255 1
62256 1
62257 0
62258 1
62259 1
62260 1
62261 0
62262 0
62263 1
62264 1
62265 1
62266 0
62267 0
62268 0
62269 1
62270 0
62271 0
62272 0
62273 0
62274 1
62275 1
62276 1
62277 0
62278 1
62279 1
62280 0
62281 1
62282 1
62283 0
62284 1
62285 0
62286 1
62287 1
62288 1
62289 1
62290 1
62291 0
62292 1
62293 1
62294 0
62295 1
62296 0
62297 1
62298 1
62299 1
62300 1
62301 0
62302 1
62303 0
62304 1
62305 0
62306 0
62307 1
62308 0
62309 1
62310 1
62311 0
62312 1
62313 1
62314 0
62315 1
62316 0
62317 0
62318 1
62319 0
62320 1
62321 1
62322 0
62323 1
62324 1
62325 1
62326 1
62327 0
62328 1
62329 1
62330 0
62331 0
62332 0
62333 0
62334 1
62335 1
62336 1
62337 0
62338 1
62339 1
62340 1
62341 1
62342 0
62343 1
62344 1
62345 1
62346 0
62347 1
62348 1
62349 0
62350 0
62351 0
62352 0
62353 1
62354 0
62355 1
62356 0
62357 1
62358 1
62359 0
62360 0
62361 0
62362 0
62363 1
62364 1
62365 1
62366 0
62367 1
62368 1
62369 0
62370 0
62371 1
62372 0
62373 0
62374 0
62375 1
62376 0
62377 1
62378 1
62379 1
62380 1
62381 1
62382 1
62383 1
62384 1
62385 1
62386 1
62387 1
62388 0
62389 1
62390 0
62391 1
62392 1
62393 0
62394 1
62395 0
62396 0
62397 0
62398 0
62399 1
62400 1
62401 1
62402 1
62403 0
62404 0
62405 0
62406 0
62407 1
62408 0
62409 0
62410 1
62411 0
62412 1
62413 0
62414 1
62415 1
62416 1
62417 1
62418 1
62419 1
62420 1
62421 1
62422 1
62423 1
62424 1
62425 1
62426 1
62427 1
62428 1
62429 0
62430 0
62431 0
62432 1
62433 1
62434 0
62435 1
62436 0
62437 1
62438 1
62439 1
62440 0
62441 0
62442 0
62443 1
62444 1
62445 1
62446 1
62447 1
62448 0
62449 1
62450 1
62451 1
62452 1
62453 1
62454 1
62455 1
62456 0
62457 0
62458 0
62459 1
62460 0
62461 1
62462 0
62463 1
62464 0
62465 0
62466 0
62467 0
62468 1
62469 1
62470 0
62471 0
62472 1
62473 0
62474 0
62475 0
62476 1
62477 0
62478 1
62479 0
62480 1
62481 0
62482 0
62483 1
62484 1
62485 1
62486 1
62487 0
62488 0
62489 1
62490 0
62491 0
62492 0
62493 1
62494 0
62495 1
62496 0
62497 1
62498 0
62499 1
62500 1
62501 1
62502 0
62503 1
62504 0
62505 0
62506 1
62507 0
62508 1
62509 0
62510 1
62511 1
62512 0
62513 1
62514 1
62515 1
62516 1
62517 1
62518 0
62519 0
62520 0
62521 0
62522 0
62523 0
62524 0
62525 1
62526 0
62527 0
62528 1
62529 1
62530 1
62531 0
62532 1
62533 0
62534 0
62535 0
62536 0
62537 0
62538 1
62539 1
62540 1
62541 0
62542 1
62543 1
62544 1
62545 0
62546 0
62547 1
62548 1
62549 1
62550 0
62551 0
62552 1
62553 1
62554 0
62555 0
62556 1
62557 1
62558 1
62559 1
62560 0
62561 1
62562 0
62563 0
62564 1
62565 0
62566 1
62567 0
62568 0
62569 0
62570 0
62571 0
62572 0
62573 1
62574 1
62575 0
62576 0
62577 0
62578 1
62579 0
62580 1
62581 1
62582 1
62583 1
62584 1
62585 1
62586 0
62587 0
62588 0
62589 0
62590 1
62591 1
62592 1
62593 1
62594 1
62595 1
62596 0
62597 0
62598 0
62599 0
62600 0
62601 0
62602 1
62603 0
62604 0
62605 1
62606 0
62607 0
62608 1
62609 1
62610 0
62611 0
62612 0
62613 0
62614 0
62615 0
62616 1
62617 0
62618 1
62619 0
62620 0
62621 0
62622 1
62623 1
62624 0
62625 1
62626 0
62627 1
62628 0
62629 0
62630 0
62631 1
62632 0
62633 1
62634 0
62635 0
62636 1
62637 0
62638 1
62639 1
62640 0
62641 1
62642 1
62643 0
62644 0
62645 0
62646 1
62647 0
62648 1
62649 0
62650 1
62651 1
62652 0
62653 0
62654 1
62655 0
62656 1
62657 1
62658 1
62659 1
62660 1
62661 0
62662 0
62663 1
62664 0
62665 1
62666 0
62667 0
62668 1
62669 1
62670 1
62671 1
62672 1
62673 1
62674 1
62675 0
62676 0
62677 1
62678 1
62679 0
62680 1
62681 1
62682 0
62683 1
62684 0
62685 1
62686 0
62687 0
62688 0
62689 0
62690 1
62691 0
62692 1
62693 1
62694 0
62695 1
62696 0
62697 1
62698 1
62699 0
62700 0
62701 0
62702 0
62703 0
62704 0
62705 1
62706 1
62707 1
62708 0
62709 1
62710 0
62711 1
62712 0
62713 0
62714 1
62715 0
62716 0
62717 1
62718 0
62719 1
62720 0
62721 0
62722 1
62723 1
62724 1
62725 1
62726 1
62727 0
62728 0
62729 0
62730 1
62731 0
62732 0
62733 0
62734 1
62735 0
62736 0
62737 1
62738 1
62739 0
62740 1
62741 0
62742 0
62743 1
62744 0
62745 0
62746 1
62747 0
62748 0
62749 0
62750 1
62751 1
62752 0
62753 1
62754 0
62755 1
62756 1
62757 1
62758 1
62759 0
62760 1
62761 1
62762 0
62763 0
62764 0
62765 0
62766 0
62767 1
62768 0
62769 0
62770 0
62771 1
62772 0
62773 1
62774 1
62775 1
62776 1
62777 1
62778 0
62779 1
62780 1
62781 0
62782 0
62783 0
62784 1
62785 1
62786 0
62787 0
62788 0
62789 1
62790 0
62791 0
62792 1
62793 1
62794 1
62795 1
62796 0
62797 1
62798 1
62799 1
62800 1
62801 0
62802 0
62803 1
62804 0
62805 0
62806 0
62807 0
62808 1
62809 1
62810 0
62811 1
62812 1
62813 1
62814 0
62815 0
62816 1
62817 0
62818 0
62819 0
62820 0
62821 0
62822 0
62823 1
62824 1
62825 1
62826 0
62827 1
62828 0
62829 0
62830 1
62831 0
62832 1
62833 1
62834 0
62835 0
62836 0
62837 1
62838 0
62839 1
62840 1
62841 0
62842 1
62843 1
62844 0
62845 1
62846 0
62847 1
62848 1
62849 0
62850 1
62851 0
62852 0
62853 1
62854 0
62855 1
62856 0
62857 0
62858 1
62859 0
62860 1
62861 0
62862 0
62863 1
62864 0
62865 1
62866 0
62867 1
62868 0
62869 0
62870 1
62871 1
62872 1
62873 0
62874 1
62875 0
62876 1
62877 1
62878 1
62879 0
62880 0
62881 1
62882 1
62883 1
62884 1
62885 1
62886 0
62887 1
62888 1
62889 0
62890 0
62891 1
62892 1
62893 0
62894 0
62895 1
62896 1
62897 0
62898 1
62899 1
62900 0
62901 1
62902 1
62903 0
62904 1
62905 0
62906 1
62907 1
62908 0
62909 1
62910 1
62911 0
62912 0
62913 0
62914 1
62915 1
62916 0
62917 1
62918 1
62919 1
62920 1
62921 1
62922 1
62923 1
62924 1
62925 1
62926 0
62927 1
62928 1
62929 1
62930 1
62931 0
62932 0
62933 0
62934 1
62935 0
62936 1
62937 1
62938 0
62939 1
62940 0
62941 1
62942 1
62943 1
62944 1
62945 0
62946 1
62947 1
62948 1
62949 1
62950 1
62951 0
62952 1
62953 0
62954 0
62955 0
62956 0
62957 0
62958 1
62959 1
62960 0
62961 0
62962 0
62963 1
62964 1
62965 0
62966 0
62967 0
62968 1
62969 1
62970 0
62971 0
62972 1
62973 1
62974 0
62975 1
62976 0
62977 0
62978 1
62979 0
62980 0
62981 0
62982 1
62983 0
62984 0
62985 1
62986 0
62987 1
62988 0
62989 1
62990 0
62991 1
62992 0
62993 1
62994 1
62995 0
62996 0
62997 1
62998 0
62999 0
63000 1
63001 1
63002 0
63003 1
63004 1
63005 1
63006 0
63007 1
63008 0
63009 0
63010 1
63011 0
63012 1
63013 1
63014 1
63015 1
63016 0
63017 1
63018 1
63019 0
63020 1
63021 0
63022 0
63023 0
63024 1
63025 0
63026 0
63027 1
63028 0
63029 0
63030 0
63031 1
63032 1
63033 0
63034 0
63035 0
63036 1
63037 1
63038 1
63039 1
63040 0
63041 0
63042 1
63043 0
63044 0
63045 1
63046 0
63047 1
63048 0
63049 0
63050 1
63051 0
63052 1
63053 1
63054 0
63055 1
63056 0
63057 0
63058 1
63059 1
63060 1
63061 0
63062 1
63063 1
63064 1
63065 0
63066 1
63067 0
63068 0
63069 1
63070 0
63071 0
63072 1
63073 1
63074 0
63075 0
63076 1
63077 0
63078 0
63079 0
63080 1
63081 0
63082 0
63083 1
63084 0
63085 1
63086 1
63087 0
63088 0
63089 0
63090 0
63091 1
63092 0
63093 0
63094 1
63095 0
63096 1
63097 0
63098 0
63099 1
63100 1
63101 1
63102 1
63103 0
63104 0
63105 0
63106 1
63107 1
63108 1
63109 0
63110 0
63111 1
63112 0
63113 1
63114 0
63115 0
63116 0
63117 1
63118 0
63119 0
63120 1
63121 0
63122 0
63123 0
63124 1
63125 0
63126 1
63127 0
63128 1
63129 1
63130 0
63131 0
63132 1
63133 1
63134 0
63135 1
63136 1
63137 0
63138 0
63139 1
63140 0
63141 0
63142 0
63143 0
63144 1
63145 1
63146 1
63147 0
63148 1
63149 0
63150 1
63151 0
63152 0
63153 1
63154 1
63155 0
63156 0
63157 1
63158 0
63159 1
63160 1
63161 1
63162 0
63163 0
63164 0
63165 0
63166 1
63167 1
63168 1
63169 1
63170 0
63171 0
63172 1
63173 1
63174 1
63175 1
63176 0
63177 0
63178 1
63179 1
63180 0
63181 1
63182 0
63183 0
63184 1
63185 1
63186 0
63187 1
63188 1
63189 1
63190 0
63191 1
63192 1
63193 0
63194 0
63195 1
63196 1
63197 0
63198 1
63199 1
63200 1
63201 1
63202 0
63203 1
63204 1
63205 0
63206 1
63207 1
63208 1
63209 0
63210 1
63211 1
63212 1
63213 1
63214 1
63215 0
63216 1
63217 0
63218 1
63219 0
63220 1
63221 1
63222 1
63223 1
63224 0
63225 1
63226 0
63227 0
63228 1
63229 0
63230 0
63231 1
63232 0
63233 1
63234 1
63235 0
63236 0
63237 1
63238 0
63239 1
63240 1
63241 0
63242 0
63243 1
63244 1
63245 0
63246 0
63247 1
63248 0
63249 1
63250 0
63251 0
63252 1
63253 0
63254 1
63255 0
63256 0
63257 0
63258 1
63259 0
63260 0
63261 1
63262 0
63263 1
63264 0
63265 0
63266 1
63267 0
63268 0
63269 1
63270 0
63271 1
63272 1
63273 0
63274 1
63275 1
63276 1
63277 1
63278 0
63279 0
63280 0
63281 0
63282 0
63283 0
63284 0
63285 1
63286 1
63287 1
63288 0
63289 1
63290 0
63291 0
63292 0
63293 1
63294 0
63295 1
63296 0
63297 1
63298 1
63299 1
63300 1
63301 1
63302 0
63303 0
63304 1
63305 0
63306 0
63307 1
63308 0
63309 1
63310 0
63311 1
63312 1
63313 0
63314 1
63315 1
63316 1
63317 0
63318 0
63319 0
63320 0
63321 0
63322 0
63323 0
63324 0
63325 0
63326 0
63327 1
63328 1
63329 0
63330 1
63331 1
63332 1
63333 0
63334 1
63335 0
63336 1
63337 0
63338 0
63339 0
63340 0
63341 1
63342 1
63343 1
63344 1
63345 1
63346 1
63347 1
63348 0
63349 1
63350 1
63351 1
63352 0
63353 0
63354 0
63355 0
63356 0
63357 1
63358 1
63359 1
63360 0
63361 0
63362 0
63363 1
63364 0
63365 1
63366 0
63367 1
63368 0
63369 1
63370 0
63371 0
63372 0
63373 1
63374 1
63375 1
63376 0
63377 0
63378 1
63379 0
63380 1
63381 1
63382 1
63383 1
63384 1
63385 0
63386 1
63387 0
63388 1
63389 1
63390 1
63391 0
63392 0
63393 1
63394 0
63395 1
63396 1
63397 0
63398 1
63399 1
63400 1
63401 0
63402 0
63403 1
63404 0
63405 0
63406 0
63407 0
63408 1
63409 1
63410 1
63411 1
63412 1
63413 0
63414 1
63415 0
63416 0
63417 1
63418 0
63419 1
63420 1
63421 0
63422 0
63423 0
63424 0
63425 1
63426 1
63427 0
63428 1
63429 1
63430 0
63431 0
63432 0
63433 1
63434 0
63435 0
63436 0
63437 1
63438 0
63439 1
63440 0
63441 0
63442 1
63443 1
63444 1
63445 0
63446 0
63447 0
63448 0
63449 1
63450 1
63451 1
63452 0
63453 1
63454 0
63455 0
63456 0
63457 0
63458 0
63459 1
63460 0
63461 1
63462 0
63463 0
63464 0
63465 0
63466 1
63467 1
63468 0
63469 0
63470 0
63471 0
63472 0
63473 0
63474 0
63475 0
63476 1
63477 0
63478 0
63479 0
63480 1
63481 0
63482 1
63483 0
63484 1
63485 0
63486 0
63487 0
63488 0
63489 1
63490 0
63491 1
63492 0
63493 0
63494 0
63495 1
63496 0
63497 1
63498 0
63499 1
63500 0
63501 0
63502 0
63503 1
63504 0
63505 0
63506 1
63507 1
63508 0
63509 1
63510 1
63511 1
63512 1
63513 0
63514 0
63515 1
63516 1
63517 1
63518 1
63519 1
63520 0
63521 0
63522 0
63523 0
63524 0
63525 1
63526 1
63527 1
63528 1
63529 1
63530 1
63531 1
63532 1
63533 0
63534 1
63535 0
63536 0
63537 0
63538 0
63539 0
63540 1
63541 0
63542 0
63543 0
63544 0
63545 0
63546 0
63547 0
63548 0
63549 1
63550 1
63551 0
63552 0
63553 0
63554 1
63555 1
63556 0
63557 0
63558 1
63559 0
63560 1
63561 1
63562 0
63563 1
63564 0
63565 0
63566 0
63567 0
63568 0
63569 1
63570 0
63571 0
63572 1
63573 1
63574 1
63575 0
63576 0
63577 1
63578 1
63579 0
63580 1
63581 0
63582 0
63583 0
63584 1
63585 0
63586 1
63587 1
63588 0
63589 0
63590 0
63591 1
63592 0
63593 0
63594 1
63595 0
63596 0
63597 1
63598 0
63599 0
63600 0
63601 1
63602 1
63603 0
63604 0
63605 1
63606 1
63607 1
63608 1
63609 0
63610 1
63611 0
63612 0
63613 0
63614 0
63615 1
63616 0
63617 0
63618 0
63619 0
63620 1
63621 0
63622 0
63623 1
63624 0
63625 0
63626 1
63627 0
63628 0
63629 0
63630 1
63631 0
63632 1
63633 0
63634 0
63635 1
63636 0
63637 0
63638 0
63639 0
63640 0
63641 1
63642 0
63643 0
63644 0
63645 1
63646 0
63647 1
63648 0
63649 1
63650 1
63651 0
63652 0
63653 0
63654 0
63655 0
63656 0
63657 0
63658 0
63659 0
63660 1
63661 0
63662 1
63663 0
63664 1
63665 0
63666 1
63667 1
63668 0
63669 1
63670 0
63671 1
63672 0
63673 1
63674 0
63675 0
63676 0
63677 1
63678 0
63679 0
63680 1
63681 0
63682 1
63683 0
63684 1
63685 0
63686 0
63687 0
63688 0
63689 1
63690 0
63691 0
63692 0
63693 1
63694 1
63695 1
63696 1
63697 0
63698 1
63699 0
63700 1
63701 0
63702 1
63703 1
63704 0
63705 1
63706 0
63707 0
63708 0
63709 0
63710 1
63711 0
63712 1
63713 1
63714 0
63715 0
63716 0
63717 1
63718 1
63719 1
63720 0
63721 1
63722 1
63723 1
63724 0
63725 1
63726 0
63727 1
63728 1
63729 1
63730 0
63731 1
63732 0
63733 1
63734 1
63735 0
63736 1
63737 1
63738 1
63739 0
63740 0
63741 0
63742 0
63743 1
63744 1
63745 0
63746 1
63747 1
63748 0
63749 0
63750 0
63751 0
63752 1
63753 0
63754 0
63755 0
63756 0
63757 1
63758 1
63759 1
63760 1
63761 1
63762 0
63763 0
63764 0
63765 1
63766 1
63767 0
63768 1
63769 1
63770 0
63771 0
63772 0
63773 1
63774 0
63775 0
63776 1
63777 1
63778 1
63779 0
63780 1
63781 1
63782 1
63783 0
63784 0
63785 1
63786 0
63787 0
63788 0
63789 0
63790 1
63791 0
63792 0
63793 1
63794 1
63795 0
63796 1
63797 0
63798 0
63799 0
63800 1
63801 0
63802 1
63803 1
63804 1
63805 1
63806 1
63807 0
63808 0
63809 1
63810 1
63811 0
63812 1
63813 0
63814 1
63815 0
63816 0
63817 1
63818 1
63819 1
63820 0
63821 0
63822 0
63823 1
63824 0
63825 0
63826 0
63827 0
63828 0
63829 0
63830 1
63831 0
63832 0
63833 0
63834 1
63835 1
63836 0
63837 1
63838 0
63839 1
63840 1
63841 1
63842 0
63843 0
63844 1
63845 0
63846 0
63847 0
63848 0
63849 0
63850 1
63851 1
63852 0
63853 0
63854 1
63855 0
63856 1
63857 0
63858 0
63859 1
63860 1
63861 0
63862 0
63863 0
63864 0
63865 0
63866 1
63867 0
63868 0
63869 1
63870 0
63871 1
63872 0
63873 1
63874 1
63875 1
63876 0
63877 1
63878 1
63879 0
63880 1
63881 0
63882 1
63883 1
63884 0
63885 0
63886 0
63887 1
63888 0
63889 1
63890 1
63891 1
63892 0
63893 0
63894 0
63895 1
63896 1
63897 0
63898 1
63899 0
63900 1
63901 0
63902 0
63903 1
63904 0
63905 0
63906 1
63907 1
63908 0
63909 0
63910 0
63911 1
63912 1
63913 1
63914 0
63915 0
63916 0
63917 1
63918 0
63919 0
63920 1
63921 1
63922 0
63923 1
63924 0
63925 0
63926 1
63927 1
63928 0
63929 0
63930 1
63931 1
63932 1
63933 0
63934 1
63935 0
63936 0
63937 0
63938 0
63939 1
63940 0
63941 0
63942 0
63943 1
63944 1
63945 1
63946 0
63947 0
63948 1
63949 1
63950 0
63951 0
63952 1
63953 1
63954 0
63955 1
63956 1
63957 0
63958 0
63959 1
63960 1
63961 1
63962 1
63963 0
63964 1
63965 1
63966 0
63967 1
63968 1
63969 0
63970 1
63971 0
63972 1
63973 0
63974 1
63975 0
63976 0
63977 1
63978 0
63979 0
63980 0
63981 0
63982 1
63983 1
63984 0
63985 1
63986 0
63987 0
63988 1
63989 1
63990 1
63991 1
63992 1
63993 0
63994 0
63995 1
63996 0
63997 1
63998 0
63999 0
64000 0
64001 0
64002 1
64003 0
64004 0
64005 1
64006 1
64007 0
64008 0
64009 1
64010 0
64011 0
64012 0
64013 1
64014 1
64015 1
64016 0
64017 1
64018 0
64019 0
64020 1
64021 0
64022 0
64023 1
64024 0
64025 1
64026 0
64027 1
64028 0
64029 0
64030 1
64031 1
64032 0
64033 1
64034 0
64035 1
64036 0
64037 1
64038 1
64039 1
64040 1
64041 1
64042 1
64043 0
64044 1
64045 1
64046 1
64047 1
64048 0
64049 1
64050 0
64051 1
64052 0
64053 0
64054 1
64055 0
64056 0
64057 1
64058 1
64059 0
64060 1
64061 0
64062 1
64063 0
64064 1
64065 0
64066 0
64067 1
64068 0
64069 1
64070 1
64071 1
64072 1
64073 0
64074 1
64075 1
64076 1
64077 1
64078 1
64079 1
64080 0
64081 1
64082 1
64083 0
64084 1
64085 0
64086 1
64087 1
64088 1
64089 0
64090 0
64091 1
64092 1
64093 0
64094 0
64095 0
64096 1
64097 0
64098 1
64099 0
64100 1
64101 1
64102 1
64103 0
64104 0
64105 0
64106 1
64107 1
64108 0
64109 0
64110 0
64111 1
64112 0
64113 1
64114 1
64115 0
64116 1
64117 0
64118 1
64119 1
64120 0
64121 0
64122 1
64123 1
64124 1
64125 1
64126 0
64127 0
64128 0
64129 1
64130 0
64131 0
64132 1
64133 1
64134 1
64135 0
64136 0
64137 1
64138 1
64139 1
64140 1
64141 1
64142 0
64143 1
64144 0
64145 0
64146 0
64147 1
64148 0
64149 0
64150 0
64151 1
64152 0
64153 1
64154 1
64155 0
64156 0
64157 0
64158 0
64159 0
64160 0
64161 0
64162 0
64163 1
64164 1
64165 1
64166 1
64167 1
64168 1
64169 0
64170 0
64171 1
64172 0
64173 0
64174 1
64175 1
64176 0
64177 1
64178 0
64179 0
64180 0
64181 1
64182 1
64183 1
64184 0
64185 0
64186 0
64187 1
64188 1
64189 1
64190 1
64191 0
64192 0
64193 1
64194 1
64195 1
64196 1
64197 0
64198 1
64199 0
64200 1
64201 0
64202 0
64203 0
64204 1
64205 1
64206 0
64207 1
64208 0
64209 0
64210 0
64211 1
64212 1
64213 1
64214 0
64215 1
64216 0
64217 0
64218 1
64219 1
64220 1
64221 0
64222 1
64223 0
64224 0
64225 1
64226 1
64227 1
64228 1
64229 1
64230 1
64231 0
64232 1
64233 0
64234 0
64235 0
64236 1
64237 0
64238 0
64239 1
64240 1
64241 0
64242 0
64243 1
64244 1
64245 0
64246 1
64247 1
64248 1
64249 0
64250 0
64251 1
64252 0
64253 0
64254 1
64255 1
64256 0
64257 0
64258 0
64259 1
64260 1
64261 1
64262 1
64263 0
64264 0
64265 0
64266 0
64267 1
64268 0
64269 0
64270 0
64271 0
64272 1
64273 0
64274 1
64275 0
64276 0
64277 0
64278 0
64279 1
64280 0
64281 0
64282 1
64283 0
64284 1
64285 1
64286 1
64287 1
64288 0
64289 1
64290 0
64291 0
64292 1
64293 0
64294 0
64295 0
64296 0
64297 1
64298 1
64299 1
64300 1
64301 0
64302 0
64303 0
64304 0
64305 0
64306 0
64307 0
64308 1
64309 0
64310 1
64311 0
64312 0
64313 1
64314 0
64315 0
64316 1
64317 1
64318 0
64319 0
64320 0
64321 0
64322 0
64323 1
64324 0
64325 1
64326 0
64327 1
64328 0
64329 1
64330 1
64331 1
64332 0
64333 1
64334 1
64335 0
64336 1
64337 0
64338 0
64339 1
64340 1
64341 0
64342 1
64343 0
64344 1
64345 0
64346 1
64347 0
64348 0
64349 0
64350 0
64351 1
64352 1
64353 0
64354 1
64355 1
64356 1
64357 0
64358 1
64359 0
64360 1
64361 1
64362 0
64363 0
64364 0
64365 0
64366 0
64367 0
64368 0
64369 1
64370 0
64371 0
64372 0
64373 0
64374 0
64375 1
64376 1
64377 0
64378 1
64379 1
64380 0
64381 0
64382 0
64383 1
64384 0
64385 1
64386 0
64387 0
64388 1
64389 0
64390 0
64391 0
64392 1
64393 0
64394 0
64395 1
64396 0
64397 0
64398 0
64399 0
64400 1
64401 0
64402 0
64403 1
64404 1
64405 1
64406 0
64407 1
64408 1
64409 1
64410 0
64411 1
64412 1
64413 1
64414 0
64415 1
64416 1
64417 1
64418 1
64419 0
64420 0
64421 1
64422 0
64423 0
64424 0
64425 1
64426 0
64427 1
64428 1
64429 0
64430 1
64431 0
64432 1
64433 0
64434 1
64435 0
64436 0
64437 1
64438 0
64439 1
64440 0
64441 1
64442 0
64443 0
64444 1
64445 0
64446 1
64447 1
64448 0
64449 0
64450 0
64451 1
64452 0
64453 0
64454 1
64455 0
64456 1
64457 1
64458 1
64459 0
64460 0
64461 1
64462 0
64463 1
64464 1
64465 1
64466 1
64467 0
64468 1
64469 1
64470 1
64471 1
64472 0
64473 1
64474 1
64475 0
64476 0
64477 1
64478 1
64479 1
64480 0
64481 1
64482 1
64483 0
64484 0
64485 1
64486 0
64487 0
64488 0
64489 0
64490 1
64491 1
64492 0
64493 0
64494 1
64495 1
64496 0
64497 0
64498 0
64499 1
64500 1
64501 1
64502 0
64503 1
64504 0
64505 1
64506 0
64507 1
64508 0
64509 1
64510 1
64511 1
64512 0
64513 0
64514 0
64515 1
64516 1
64517 1
64518 1
64519 0
64520 0
64521 1
64522 0
64523 1
64524 0
64525 1
64526 0
64527 1
64528 0
64529 1
64530 0
64531 1
64532 1
64533 0
64534 0
64535 1
64536 1
64537 0
64538 1
64539 0
64540 0
64541 0
64542 0
64543 0
64544 0
64545 1
64546 1
64547 1
64548 1
64549 0
64550 1
64551 0
64552 0
64553 1
64554 0
64555 0
64556 0
64557 0
64558 0
64559 0
64560 1
64561 1
64562 0
64563 0
64564 0
64565 0
64566 0
64567 0
64568 1
64569 0
64570 0
64571 1
64572 0
64573 0
64574 0
64575 1
64576 1
64577 0
64578 0
64579 1
64580 0
64581 0
64582 0
64583 1
64584 0
64585 0
64586 0
64587 0
64588 0
64589 0
64590 1
64591 0
64592 1
64593 1
64594 1
64595 1
64596 1
64597 1
64598 1
64599 0
64600 1
64601 1
64602 0
64603 1
64604 0
64605 0
64606 1
64607 1
64608 1
64609 0
64610 0
64611 1
64612 1
64613 1
64614 0
64615 0
64616 1
64617 1
64618 0
64619 1
64620 0
64621 1
64622 1
64623 1
64624 1
64625 0
64626 1
64627 1
64628 1
64629 0
64630 1
64631 0
64632 0
64633 1
64634 1
64635 1
64636 0
64637 1
64638 1
64639 0
64640 1
64641 0
64642 1
64643 1
64644 1
64645 0
64646 0
64647 0
64648 0
64649 1
64650 0
64651 1
64652 0
64653 0
64654 0
64655 1
64656 1
64657 0
64658 0
64659 0
64660 0
64661 1
64662 1
64663 1
64664 0
64665 1
64666 1
64667 0
64668 1
64669 0
64670 0
64671 0
64672 1
64673 1
64674 0
64675 0
64676 0
64677 1
64678 0
64679 0
64680 1
64681 1
64682 0
64683 1
64684 1
64685 1
64686 1
64687 1
64688 0
64689 1
64690 0
64691 0
64692 0
64693 1
64694 0
64695 0
64696 1
64697 0
64698 0
64699 1
64700 0
64701 0
64702 0
64703 0
64704 0
64705 0
64706 1
64707 0
64708 1
64709 1
64710 0
64711 1
64712 1
64713 0
64714 1
64715 0
64716 0
64717 0
64718 1
64719 0
64720 1
64721 0
64722 0
64723 0
64724 1
64725 1
64726 0
64727 1
64728 0
64729 0
64730 0
64731 0
64732 0
64733 1
64734 1
64735 0
64736 1
64737 1
64738 0
64739 1
64740 1
64741 1
64742 1
64743 0
64744 1
64745 0
64746 0
64747 1
64748 1
64749 1
64750 0
64751 0
64752 0
64753 0
64754 1
64755 0
64756 1
64757 1
64758 1
64759 0
64760 1
64761 1
64762 1
64763 0
64764 1
64765 0
64766 1
64767 1
64768 1
64769 1
64770 1
64771 0
64772 1
64773 1
64774 0
64775 0
64776 1
64777 1
64778 1
64779 0
64780 1
64781 0
64782 1
64783 1
64784 0
64785 0
64786 1
64787 0
64788 0
64789 1
64790 1
64791 1
64792 0
64793 0
64794 1
64795 1
64796 0
64797 0
64798 0
64799 1
64800 0
64801 0
64802 1
64803 0
64804 0
64805 0
64806 1
64807 0
64808 1
64809 1
64810 0
64811 0
64812 0
64813 1
64814 0
64815 1
64816 1
64817 0
64818 0
64819 0
64820 0
64821 1
64822 0
64823 0
64824 1
64825 1
64826 1
64827 1
64828 1
64829 1
64830 1
64831 0
64832 0
64833 1
64834 0
64835 0
64836 1
64837 0
64838 1
64839 1
64840 0
64841 1
64842 0
64843 0
64844 0
64845 0
64846 0
64847 0
64848 1
64849 0
64850 1
64851 0
64852 1
64853 0
64854 1
64855 1
64856 1
64857 1
64858 1
64859 1
64860 1
64861 1
64862 1
64863 0
64864 1
64865 0
64866 1
64867 0
64868 1
64869 0
64870 1
64871 0
64872 0
64873 0
64874 0
64875 0
64876 0
64877 0
64878 1
64879 1
64880 1
64881 0
64882 1
64883 1
64884 0
64885 0
64886 1
64887 1
64888 1
64889 1
64890 1
64891 1
64892 0
64893 0
64894 0
64895 0
64896 0
64897 0
64898 0
64899 1
64900 0
64901 1
64902 1
64903 1
64904 0
64905 1
64906 1
64907 0
64908 0
64909 1
64910 1
64911 0
64912 1
64913 0
64914 0
64915 1
64916 0
64917 1
64918 1
64919 0
64920 0
64921 0
64922 0
64923 0
64924 0
64925 0
64926 0
64927 0
64928 0
64929 1
64930 1
64931 1
64932 1
64933 0
64934 0
64935 1
64936 0
64937 0
64938 1
64939 1
64940 0
64941 1
64942 0
64943 1
64944 1
64945 0
64946 0
64947 1
64948 1
64949 0
64950 0
64951 1
64952 0
64953 1
64954 1
64955 0
64956 0
64957 1
64958 0
64959 1
64960 1
64961 0
64962 1
64963 0
64964 1
64965 1
64966 1
64967 0
64968 0
64969 0
64970 1
64971 1
64972 1
64973 0
64974 1
64975 0
64976 1
64977 0
64978 0
64979 1
64980 1
64981 0
64982 0
64983 0
64984 1
64985 0
64986 1
64987 0
64988 0
64989 0
64990 0
64991 1
64992 1
64993 0
64994 1
64995 1
64996 0
64997 0
64998 1
64999 1
65000 1
65001 0
65002 1
65003 0
65004 0
65005 1
65006 0
65007 1
65008 0
65009 1
65010 1
65011 0
65012 1
65013 0
65014 0
65015 0
65016 1
65017 0
65018 1
65019 0
65020 1
65021 0
65022 1
65023 0
65024 0
65025 1
65026 0
65027 0
65028 1
65029 1
65030 0
65031 0
65032 1
65033 0
65034 1
65035 0
65036 0
65037 1
65038 1
65039 0
65040 1
65041 0
65042 0
65043 1
65044 1
65045 1
65046 0
65047 1
65048 1
65049 0
65050 0
65051 0
65052 0
65053 0
65054 0
65055 0
65056 0
65057 0
65058 1
65059 1
65060 0
65061 0
65062 0
65063 0
65064 1
65065 1
65066 1
65067 0
65068 1
65069 0
65070 1
65071 1
65072 1
65073 0
65074 1
65075 0
65076 1
65077 0
65078 0
65079 1
65080 0
65081 0
65082 0
65083 1
65084 0
65085 0
65086 1
65087 1
65088 0
65089 1
65090 1
65091 1
65092 0
65093 1
65094 0
65095 1
65096 1
65097 0
65098 1
65099 1
65100 0
65101 0
65102 0
65103 0
65104 1
65105 1
65106 0
65107 1
65108 0
65109 1
65110 1
65111 1
65112 0
65113 0
65114 0
65115 0
65116 1
65117 1
65118 0
65119 0
65120 1
65121 0
65122 0
65123 0
65124 1
65125 1
65126 0
65127 0
65128 0
65129 0
65130 0
65131 0
65132 1
65133 1
65134 1
65135 0
65136 0
65137 0
65138 0
65139 1
65140 1
65141 0
65142 1
65143 1
65144 1
65145 1
65146 1
65147 1
65148 0
65149 1
65150 1
65151 1
65152 1
65153 1
65154 0
65155 1
65156 0
65157 1
65158 1
65159 0
65160 0
65161 1
65162 1
65163 1
65164 0
65165 0
65166 1
65167 0
65168 1
65169 0
65170 0
65171 0
65172 0
65173 0
65174 1
65175 1
65176 0
65177 0
65178 1
65179 1
65180 0
65181 1
65182 0
65183 1
65184 0
65185 1
65186 1
65187 0
65188 0
65189 0
65190 0
65191 1
65192 1
65193 1
65194 1
65195 1
65196 0
65197 1
65198 0
65199 1
65200 0
65201 0
65202 1
65203 0
65204 0
65205 1
65206 0
65207 0
65208 0
65209 1
65210 0
65211 0
65212 0
65213 1
65214 1
65215 0
65216 1
65217 0
65218 1
65219 1
65220 0
65221 1
65222 0
65223 1
65224 1
65225 1
65226 1
65227 1
65228 0
65229 0
65230 1
65231 1
65232 1
65233 1
65234 0
65235 1
65236 0
65237 0
65238 1
65239 0
65240 0
65241 0
65242 1
65243 1
65244 0
65245 0
65246 0
65247 0
65248 1
65249 0
65250 1
65251 1
65252 1
65253 1
65254 0
65255 0
65256 1
65257 1
65258 1
65259 1
65260 0
65261 0
65262 1
65263 0
65264 0
65265 1
65266 1
65267 0
65268 0
65269 0
65270 1
65271 0
65272 0
65273 1
65274 0
65275 0
65276 1
65277 1
65278 1
65279 0
65280 0
65281 1
65282 1
65283 0
65284 1
65285 1
65286 1
65287 0
65288 0
65289 1
65290 1
65291 1
65292 0
65293 1
65294 1
65295 1
65296 1
65297 0
65298 1
65299 0
65300 0
65301 0
65302 0
65303 0
65304 0
65305 1
65306 1
65307 0
65308 1
65309 0
65310 1
65311 0
65312 0
65313 1
65314 1
65315 1
65316 1
65317 1
65318 0
65319 0
65320 1
65321 1
65322 0
65323 0
65324 1
65325 0
65326 1
65327 1
65328 1
65329 0
65330 1
65331 1
65332 0
65333 1
65334 1
65335 0
65336 0
65337 1
65338 1
65339 1
65340 0
65341 0
65342 0
65343 0
65344 1
65345 1
65346 1
65347 0
65348 0
65349 1
65350 0
65351 0
65352 1
65353 1
65354 0
65355 0
65356 1
65357 1
65358 1
65359 1
65360 0
65361 1
65362 0
65363 1
65364 1
65365 0
65366 1
65367 0
65368 0
65369 0
65370 1
65371 0
65372 1
65373 0
65374 0
65375 1
65376 0
65377 0
65378 1
65379 1
65380 1
65381 1
65382 0
65383 0
65384 0
65385 1
65386 0
65387 1
65388 0
65389 1
65390 1
65391 0
65392 0
65393 0
65394 1
65395 1
65396 1
65397 1
65398 1
65399 0
65400 0
65401 0
65402 0
65403 0
65404 0
65405 0
65406 0
65407 1
65408 0
65409 0
65410 0
65411 1
65412 0
65413 0
65414 0
65415 1
65416 1
65417 1
65418 1
65419 1
65420 1
65421 1
65422 0
65423 0
65424 1
65425 0
65426 0
65427 1
65428 0
65429 0
65430 1
65431 0
65432 1
65433 1
65434 0
65435 0
65436 1
65437 0
65438 1
65439 0
65440 0
65441 0
65442 0
65443 1
65444 1
65445 1
65446 0
65447 0
65448 0
65449 1
65450 1
65451 1
65452 1
65453 1
65454 1
65455 1
65456 1
65457 0
65458 1
65459 1
65460 0
65461 0
65462 0
65463 1
65464 0
65465 0
65466 1
65467 0
65468 0
65469 0
65470 1
65471 1
65472 0
65473 1
65474 1
65475 1
65476 1
65477 1
65478 1
65479 0
65480 0
65481 1
65482 0
65483 0
65484 1
65485 0
65486 1
65487 0
65488 0
65489 0
65490 0
65491 1
65492 1
65493 1
65494 0
65495 0
65496 1
65497 0
65498 0
65499 0
65500 1
65501 1
65502 1
65503 1
65504 0
65505 0
65506 0
65507 1
65508 0
65509 0
65510 1
65511 0
65512 1
65513 1
65514 0
65515 0
65516 1
65517 0
65518 1
65519 0
65520 1
65521 0
65522 1
65523 0
65524 0
65525 0
65526 1
65527 1
65528 1
65529 0
65530 1
65531 0
65532 1
65533 1
65534 1
65535 1
65536 1
65537 1
65538 1
65539 0
65540 0
65541 1
65542 1
65543 0
65544 1
65545 0
65546 0
65547 1
65548 0
65549 1
65550 1
65551 1
65552 0
65553 1
65554 1
65555 0
65556 0
65557 1
65558 1
65559 1
65560 1
65561 1
65562 1
65563 0
65564 1
65565 1
65566 1
65567 0
65568 0
65569 0
65570 0
65571 1
65572 1
65573 0
65574 1
65575 0
65576 0
65577 0
65578 0
65579 1
65580 0
65581 0
65582 1
65583 0
65584 0
65585 1
65586 0
65587 1
65588 0
65589 1
65590 0
65591 1
65592 1
65593 1
65594 0
65595 1
65596 0
65597 1
65598 0
65599 0
65600 1
65601 1
65602 1
65603 1
65604 0
65605 1
65606 1
65607 0
65608 1
65609 1
65610 0
65611 0
65612 1
65613 1
65614 0
65615 0
65616 1
65617 0
65618 1
65619 0
65620 0
65621 1
65622 1
65623 1
65624 0
65625 1
65626 0
65627 1
65628 0
65629 0
65630 1
65631 0
65632 0
65633 0
65634 1
65635 0
65636 1
65637 0
65638 0
65639 0
65640 0
65641 0
65642 0
65643 0
65644 0
65645 1
65646 0
65647 1
65648 1
65649 1
65650 0
65651 1
65652 1
65653 0
65654 1
65655 0
65656 0
65657 0
65658 1
65659 1
65660 0
65661 0
65662 1
65663 0
65664 1
65665 0
65666 0
65667 0
65668 0
65669 1
65670 0
65671 0
65672 1
65673 1
65674 1
65675 0
65676 1
65677 0
65678 1
65679 1
65680 1
65681 0
65682 0
65683 1
65684 0
65685 1
65686 1
65687 0
65688 0
65689 0
65690 0
65691 1
65692 1
65693 0
65694 1
65695 1
65696 1
65697 0
65698 1
65699 0
65700 1
65701 1
65702 1
65703 0
65704 1
65705 1
65706 0
65707 1
65708 1
65709 0
65710 0
65711 0
65712 1
65713 1
65714 1
65715 1
65716 0
65717 0
65718 1
65719 1
65720 0
65721 1
65722 0
65723 1
65724 1
65725 1
65726 1
65727 1
65728 0
65729 1
65730 1
65731 1
65732 1
65733 0
65734 1
65735 0
65736 0
65737 1
65738 1
65739 1
65740 0
65741 0
65742 1
65743 1
65744 1
65745 1
65746 1
65747 1
65748 0
65749 1
65750 0
65751 1
65752 1
65753 0
65754 0
65755 1
65756 0
65757 0
65758 0
65759 0
65760 0
65761 0
65762 1
65763 1
65764 0
65765 1
65766 1
65767 0
65768 0
65769 1
65770 0
65771 1
65772 0
65773 0
65774 1
65775 0
65776 1
65777 0
65778 0
65779 0
65780 0
65781 1
65782 1
65783 0
65784 0
65785 0
65786 0
65787 0
65788 1
65789 0
65790 1
65791 1
65792 1
65793 1
65794 1
65795 1
65796 0
65797 1
65798 1
65799 1
65800 0
65801 1
65802 0
65803 0
65804 0
65805 0
65806 1
65807 1
65808 0
65809 1
65810 0
65811 1
65812 0
65813 1
65814 0
65815 0
65816 0
65817 0
65818 1
65819 1
65820 1
65821 1
65822 1
65823 0
65824 0
65825 0
65826 1
65827 1
65828 1
65829 0
65830 0
65831 0
65832 0
65833 1
65834 1
65835 1
65836 1
65837 1
65838 1
65839 0
65840 0
65841 0
65842 1
65843 1
65844 1
65845 1
65846 0
65847 0
65848 1
65849 0
65850 1
65851 0
65852 0
65853 1
65854 0
65855 0
65856 0
65857 1
65858 1
65859 1
65860 0
65861 1
65862 0
65863 1
65864 1
65865 0
65866 1
65867 1
65868 1
65869 1
65870 1
65871 0
65872 1
65873 0
65874 0
65875 1
65876 1
65877 1
65878 1
65879 0
65880 0
65881 1
65882 1
65883 0
65884 0
65885 1
65886 0
65887 1
65888 1
65889 0
65890 0
65891 0
65892 0
65893 0
65894 1
65895 0
65896 1
65897 1
65898 1
65899 1
65900 0
65901 0
65902 1
65903 1
65904 1
65905 1
65906 1
65907 0
65908 0
65909 0
65910 1
65911 1
65912 0
65913 1
65914 1
65915 0
65916 1
65917 0
65918 1
65919 1
65920 1
65921 1
65922 0
65923 1
65924 0
65925 1
65926 1
65927 0
65928 0
65929 0
65930 1
65931 1
65932 0
65933 1
65934 0
65935 1
65936 1
65937 0
65938 1
65939 1
65940 0
65941 0
65942 0
65943 0
65944 1
65945 1
65946 1
65947 1
65948 0
65949 1
65950 0
65951 1
65952 1
65953 1
65954 0
65955 1
65956 0
65957 0
65958 0
65959 1
65960 1
65961 0
65962 1
65963 0
65964 0
65965 0
65966 1
65967 0
65968 1
65969 1
65970 1
65971 0
65972 0
65973 1
65974 1
65975 1
65976 0
65977 0
65978 1
65979 0
65980 0
65981 1
65982 1
65983 0
65984 0
65985 0
65986 1
65987 1
65988 0
65989 1
65990 0
65991 0
65992 0
65993 1
65994 0
65995 0
65996 1
65997 0
65998 0
65999 1
66000 0
66001 0
66002 1
66003 0
66004 1
66005 0
66006 1
66007 0
66008 1
66009 0
66010 1
66011 0
66012 1
66013 0
66014 0
66015 0
66016 0
66017 1
66018 1
66019 0
66020 1
66021 1
66022 0
66023 0
66024 0
66025 1
66026 0
66027 0
66028 1
66029 1
66030 0
66031 0
66032 1
66033 1
66034 1
66035 1
66036 1
66037 0
66038 0
66039 1
66040 1
66041 1
66042 1
66043 0
66044 1
66045 1
66046 0
66047 1
66048 1
66049 1
66050 1
66051 1
66052 1
66053 1
66054 1
66055 1
66056 0
66057 0
66058 1
66059 0
66060 1
66061 0
66062 0
66063 0
66064 1
66065 1
66066 1
66067 0
66068 0
66069 0
66070 0
66071 1
66072 0
66073 1
66074 0
66075 0
66076 1
66077 0
66078 1
66079 0
66080 0
66081 1
66082 1
66083 0
66084 0
66085 1
66086 1
66087 0
66088 1
66089 0
66090 1
66091 1
66092 0
66093 0
66094 1
66095 0
66096 0
66097 0
66098 0
66099 0
66100 1
66101 1
66102 1
66103 0
66104 1
66105 1
66106 0
66107 0
66108 0
66109 1
66110 0
66111 0
66112 1
66113 0
66114 0
66115 0
66116 0
66117 0
66118 1
66119 1
66120 1
66121 0
66122 1
66123 0
66124 1
66125 0
66126 0
66127 0
66128 1
66129 1
66130 0
66131 0
66132 1
66133 0
66134 1
66135 0
66136 1
66137 1
66138 0
66139 1
66140 0
66141 0
66142 1
66143 0
66144 1
66145 1
66146 0
66147 0
66148 0
66149 1
66150 0
66151 1
66152 0
66153 1
66154 1
66155 0
66156 0
66157 1
66158 1
66159 1
66160 1
66161 0
66162 0
66163 1
66164 0
66165 1
66166 0
66167 0
66168 0
66169 1
66170 1
66171 0
66172 1
66173 0
66174 0
66175 0
66176 0
66177 1
66178 0
66179 0
66180 1
66181 1
66182 1
66183 1
66184 1
66185 0
66186 0
66187 1
66188 0
66189 1
66190 1
66191 1
66192 0
66193 1
66194 1
66195 1
66196 0
66197 1
66198 0
66199 1
66200 1
66201 0
66202 1
66203 1
66204 1
66205 0
66206 0
66207 1
66208 1
66209 1
66210 0
66211 1
66212 0
66213 1
66214 0
66215 0
66216 0
66217 1
66218 1
66219 1
66220 1
66221 0
66222 0
66223 0
66224 1
66225 0
66226 1
66227 1
66228 0
66229 1
66230 1
66231 1
66232 1
66233 1
66234 0
66235 1
66236 1
66237 0
66238 1
66239 1
66240 0
66241 1
66242 1
66243 0
66244 0
66245 0
66246 0
66247 0
66248 0
66249 1
66250 0
66251 0
66252 1
66253 0
66254 1
66255 0
66256 0
66257 0
66258 0
66259 0
66260 1
66261 1
66262 1
66263 1
66264 1
66265 1
66266 1
66267 0
66268 1
66269 0
66270 1
66271 1
66272 1
66273 1
66274 0
66275 0
66276 1
66277 0
66278 1
66279 0
66280 1
66281 0
66282 1
66283 1
66284 0
66285 1
66286 1
66287 1
66288 1
66289 1
66290 0
66291 1
66292 1
66293 0
66294 0
66295 0
66296 1
66297 0
66298 0
66299 0
66300 1
66301 1
66302 0
66303 0
66304 0
66305 0
66306 0
66307 0
66308 1
66309 1
66310 0
66311 0
66312 1
66313 0
66314 1
66315 0
66316 0
66317 0
66318 0
66319 0
66320 1
66321 0
66322 1
66323 0
66324 1
66325 0
66326 0
66327 1
66328 1
66329 1
66330 0
66331 1
66332 0
66333 1
66334 0
66335 1
66336 0
66337 0
66338 1
66339 0
66340 0
66341 1
66342 0
66343 1
66344 0
66345 1
66346 1
66347 1
66348 0
66349 1
66350 1
66351 0
66352 0
66353 1
66354 0
66355 1
66356 1
66357 0
66358 0
66359 1
66360 1
66361 1
66362 0
66363 1
66364 0
66365 1
66366 1
66367 1
66368 1
66369 1
66370 1
66371 1
66372 1
66373 1
66374 0
66375 0
66376 0
66377 0
66378 0
66379 1
66380 0
66381 0
66382 0
66383 0
66384 0
66385 1
66386 1
66387 1
66388 1
66389 0
66390 0
66391 1
66392 0
66393 0
66394 1
66395 1
66396 1
66397 1
66398 0
66399 1
66400 0
66401 0
66402 1
66403 0
66404 0
66405 1
66406 0
66407 0
66408 0
66409 1
66410 1
66411 0
66412 0
66413 1
66414 0
66415 0
66416 1
66417 1
66418 0
66419 1
66420 0
66421 1
66422 0
66423 0
66424 1
66425 1
66426 1
66427 1
66428 1
66429 0
66430 1
66431 0
66432 0
66433 0
66434 0
66435 0
66436 0
66437 1
66438 0
66439 0
66440 0
66441 1
66442 1
66443 1
66444 0
66445 1
66446 1
66447 1
66448 0
66449 0
66450 0
66451 0
66452 0
66453 0
66454 1
66455 1
66456 0
66457 1
66458 1
66459 0
66460 0
66461 0
66462 1
66463 1
66464 1
66465 0
66466 0
66467 1
66468 1
66469 0
66470 0
66471 0
66472 0
66473 1
66474 0
66475 1
66476 0
66477 0
66478 1
66479 0
66480 0
66481 1
66482 1
66483 1
66484 1
66485 1
66486 1
66487 1
66488 1
66489 0
66490 1
66491 1
66492 1
66493 0
66494 0
66495 1
66496 1
66497 1
66498 0
66499 0
66500 1
66501 1
66502 1
66503 1
66504 0
66505 1
66506 0
66507 1
66508 0
66509 1
66510 0
66511 1
66512 1
66513 0
66514 0
66515 1
66516 1
66517 1
66518 1
66519 1
66520 1
66521 1
66522 1
66523 1
66524 0
66525 0
66526 1
66527 0
66528 0
66529 0
66530 1
66531 1
66532 1
66533 0
66534 0
66535 1
66536 0
66537 1
66538 0
66539 0
66540 0
66541 1
66542 1
66543 0
66544 1
66545 1
66546 0
66547 1
66548 0
66549 0
66550 1
66551 0
66552 1
66553 0
66554 0
66555 0
66556 0
66557 1
66558 1
66559 1
66560 0
66561 0
66562 0
66563 0
66564 0
66565 1
66566 1
66567 0
66568 1
66569 0
66570 1
66571 0
66572 1
66573 1
66574 1
66575 0
66576 1
66577 1
66578 1
66579 1
66580 1
66581 0
66582 1
66583 0
66584 0
66585 1
66586 1
66587 1
66588 0
66589 0
66590 0
66591 0
66592 1
66593 1
66594 0
66595 0
66596 1
66597 0
66598 1
66599 1
66600 1
66601 0
66602 0
66603 1
66604 0
66605 1
66606 1
66607 1
66608 1
66609 1
66610 0
66611 1
66612 0
66613 0
66614 1
66615 0
66616 0
66617 0
66618 0
66619 0
66620 1
66621 1
66622 0
66623 0
66624 1
66625 0
66626 1
66627 1
66628 0
66629 1
66630 1
66631 1
66632 0
66633 0
66634 0
66635 0
66636 1
66637 1
66638 0
66639 0
66640 0
66641 1
66642 0
66643 1
66644 1
66645 1
66646 0
66647 0
66648 0
66649 1
66650 1
66651 1
66652 1
66653 0
66654 1
66655 1
66656 1
66657 1
66658 0
66659 1
66660 0
66661 0
66662 0
66663 0
66664 1
66665 0
66666 0
66667 0
66668 0
66669 0
66670 1
66671 1
66672 0
66673 0
66674 1
66675 0
66676 0
66677 1
66678 1
66679 0
66680 1
66681 1
66682 1
66683 0
66684 1
66685 1
66686 0
66687 0
66688 1
66689 0
66690 0
66691 0
66692 0
66693 1
66694 1
66695 1
66696 0
66697 0
66698 1
66699 0
66700 0
66701 0
66702 0
66703 1
66704 1
66705 1
66706 0
66707 0
66708 0
66709 1
66710 0
66711 0
66712 1
66713 0
66714 1
66715 1
66716 0
66717 0
66718 0
66719 0
66720 1
66721 1
66722 1
66723 0
66724 0
66725 0
66726 0
66727 0
66728 0
66729 1
66730 1
66731 0
66732 0
66733 1
66734 0
66735 0
66736 0
66737 1
66738 1
66739 0
66740 0
66741 1
66742 1
66743 0
66744 1
66745 0
66746 1
66747 1
66748 0
66749 0
66750 0
66751 0
66752 0
66753 1
66754 1
66755 1
66756 0
66757 0
66758 0
66759 0
66760 0
66761 0
66762 0
66763 0
66764 1
66765 1
66766 0
66767 0
66768 0
66769 1
66770 1
66771 1
66772 0
66773 0
66774 0
66775 0
66776 0
66777 1
66778 1
66779 0
66780 0
66781 1
66782 1
66783 0
66784 0
66785 1
66786 0
66787 0
66788 1
66789 1
66790 0
66791 1
66792 1
66793 1
66794 1
66795 1
66796 0
66797 1
66798 0
66799 1
66800 0
66801 0
66802 1
66803 0
66804 1
66805 0
66806 1
66807 0
66808 1
66809 1
66810 0
66811 1
66812 1
66813 1
66814 1
66815 0
66816 0
66817 0
66818 1
66819 1
66820 0
66821 0
66822 1
66823 0
66824 0
66825 0
66826 1
66827 1
66828 0
66829 0
66830 0
66831 1
66832 1
66833 1
66834 1
66835 1
66836 0
66837 0
66838 0
66839 1
66840 1
66841 1
66842 1
66843 1
66844 1
66845 0
66846 0
66847 0
66848 0
66849 1
66850 0
66851 1
66852 0
66853 1
66854 0
66855 1
66856 1
66857 0
66858 0
66859 1
66860 1
66861 1
66862 1
66863 0
66864 0
66865 0
66866 1
66867 1
66868 1
66869 0
66870 1
66871 1
66872 1
66873 1
66874 0
66875 0
66876 0
66877 1
66878 1
66879 1
66880 0
66881 1
66882 0
66883 0
66884 1
66885 0
66886 0
66887 1
66888 0
66889 0
66890 0
66891 1
66892 0
66893 0
66894 0
66895 0
66896 0
66897 1
66898 1
66899 0
66900 1
66901 0
66902 0
66903 1
66904 1
66905 1
66906 0
66907 1
66908 1
66909 0
66910 0
66911 1
66912 1
66913 0
66914 1
66915 0
66916 1
66917 0
66918 0
66919 0
66920 0
66921 1
66922 1
66923 1
66924 0
66925 1
66926 0
66927 0
66928 1
66929 0
66930 1
66931 1
66932 0
66933 1
66934 1
66935 0
66936 1
66937 0
66938 0
66939 0
66940 0
66941 0
66942 0
66943 0
66944 1
66945 1
66946 1
66947 0
66948 0
66949 1
66950 1
66951 1
66952 1
66953 1
66954 1
66955 1
66956 0
66957 1
66958 0
66959 0
66960 1
66961 1
66962 1
66963 0
66964 0
66965 0
66966 1
66967 1
66968 1
66969 0
66970 0
66971 1
66972 0
66973 1
66974 1
66975 1
66976 0
66977 0
66978 1
66979 0
66980 1
66981 1
66982 0
66983 1
66984 0
66985 1
66986 1
66987 0
66988 0
66989 0
66990 1
66991 0
66992 0
66993 0
66994 1
66995 1
66996 1
66997 0
66998 1
66999 1
67000 0
67001 0
67002 1
67003 1
67004 1
67005 1
67006 1
67007 0
67008 0
67009 1
67010 0
67011 1
67012 1
67013 0
67014 1
67015 1
67016 1
67017 0
67018 1
67019 0
67020 1
67021 0
67022 0
67023 1
67024 1
67025 0
67026 0
67027 1
67028 0
67029 0
67030 1
67031 1
67032 0
67033 1
67034 0
67035 1
67036 1
67037 0
67038 0
67039 0
67040 0
67041 0
67042 0
67043 1
67044 1
67045 0
67046 0
67047 0
67048 0
67049 0
67050 1
67051 0
67052 0
67053 1
67054 0
67055 1
67056 0
67057 0
67058 0
67059 0
67060 0
67061 0
67062 0
67063 0
67064 0
67065 0
67066 0
67067 0
67068 1
67069 1
67070 0
67071 1
67072 0
67073 1
67074 0
67075 1
67076 1
67077 1
67078 1
67079 0
67080 0
67081 1
67082 1
67083 0
67084 1
67085 1
67086 0
67087 1
67088 1
67089 0
67090 1
67091 0
67092 1
67093 0
67094 1
67095 0
67096 0
67097 0
67098 0
67099 1
67100 0
67101 0
67102 1
67103 0
67104 0
67105 1
67106 0
67107 0
67108 0
67109 0
67110 1
67111 0
67112 0
67113 1
67114 0
67115 1
67116 1
67117 1
67118 0
67119 1
67120 1
67121 1
67122 1
67123 0
67124 1
67125 1
67126 0
67127 1
67128 1
67129 0
67130 0
67131 0
67132 1
67133 0
67134 0
67135 0
67136 1
67137 0
67138 1
67139 1
67140 1
67141 1
67142 0
67143 1
67144 0
67145 0
67146 0
67147 1
67148 0
67149 1
67150 0
67151 0
67152 0
67153 1
67154 0
67155 1
67156 0
67157 1
67158 1
67159 1
67160 0
67161 1
67162 0
67163 1
67164 0
67165 0
67166 1
67167 0
67168 0
67169 1
67170 1
67171 0
67172 1
67173 1
67174 1
67175 1
67176 1
67177 0
67178 0
67179 0
67180 1
67181 1
67182 1
67183 1
67184 1
67185 1
67186 1
67187 1
67188 1
67189 0
67190 0
67191 0
67192 1
67193 0
67194 0
67195 0
67196 1
67197 1
67198 0
67199 1
67200 1
67201 0
67202 0
67203 0
67204 1
67205 1
67206 0
67207 0
67208 1
67209 0
67210 1
67211 1
67212 1
67213 1
67214 0
67215 0
67216 0
67217 1
67218 1
67219 0
67220 0
67221 0
67222 1
67223 1
67224 0
67225 1
67226 1
67227 1
67228 0
67229 0
67230 0
67231 0
67232 1
67233 0
67234 1
67235 1
67236 0
67237 0
67238 1
67239 1
67240 0
67241 0
67242 1
67243 1
67244 0
67245 1
67246 0
67247 0
67248 1
67249 1
67250 1
67251 0
67252 1
67253 1
67254 0
67255 1
67256 1
67257 1
67258 1
67259 1
67260 1
67261 1
67262 1
67263 0
67264 1
67265 0
67266 0
67267 0
67268 1
67269 0
67270 0
67271 1
67272 1
67273 1
67274 0
67275 1
67276 1
67277 0
67278 0
67279 0
67280 1
67281 1
67282 0
67283 0
67284 0
67285 1
67286 0
67287 1
67288 1
67289 0
67290 1
67291 1
67292 0
67293 1
67294 0
67295 0
67296 1
67297 0
67298 1
67299 0
67300 0
67301 1
67302 1
67303 0
67304 1
67305 1
67306 1
67307 0
67308 0
67309 0
67310 1
67311 0
67312 0
67313 1
67314 1
67315 0
67316 0
67317 0
67318 0
67319 1
67320 0
67321 0
67322 0
67323 0
67324 1
67325 0
67326 1
67327 0
67328 0
67329 1
67330 0
67331 0
67332 0
67333 0
67334 1
67335 0
67336 0
67337 1
67338 1
67339 1
67340 0
67341 0
67342 0
67343 0
67344 0
67345 1
67346 1
67347 1
67348 1
67349 0
67350 1
67351 0
67352 1
67353 0
67354 1
67355 0
67356 1
67357 0
67358 0
67359 0
67360 0
67361 1
67362 1
67363 1
67364 0
67365 1
67366 1
67367 1
67368 0
67369 1
67370 0
67371 0
67372 0
67373 0
67374 0
67375 0
67376 1
67377 0
67378 1
67379 1
67380 1
67381 1
67382 0
67383 1
67384 1
67385 0
67386 1
67387 0
67388 1
67389 1
67390 0
67391 0
67392 0
67393 1
67394 0
67395 0
67396 1
67397 0
67398 1
67399 1
67400 1
67401 1
67402 0
67403 0
67404 0
67405 0
67406 0
67407 1
67408 0
67409 1
67410 0
67411 1
67412 1
67413 0
67414 0
67415 0
67416 0
67417 1
67418 1
67419 0
67420 0
67421 0
67422 1
67423 1
67424 1
67425 1
67426 0
67427 0
67428 0
67429 0
67430 1
67431 1
67432 0
67433 0
67434 1
67435 1
67436 0
67437 0
67438 0
67439 1
67440 1
67441 0
67442 0
67443 0
67444 0
67445 0
67446 1
67447 1
67448 1
67449 0
67450 1
67451 0
67452 1
67453 0
67454 0
67455 1
67456 0
67457 1
67458 1
67459 0
67460 0
67461 1
67462 1
67463 1
67464 1
67465 1
67466 1
67467 1
67468 1
67469 0
67470 1
67471 0
67472 0
67473 0
67474 0
67475 1
67476 0
67477 1
67478 0
67479 1
67480 0
67481 0
67482 0
67483 1
67484 1
67485 0
67486 1
67487 1
67488 1
67489 0
67490 0
67491 1
67492 0
67493 0
67494 1
67495 1
67496 0
67497 1
67498 0
67499 0
67500 1
67501 0
67502 0
67503 1
67504 0
67505 1
67506 0
67507 1
67508 1
67509 1
67510 1
67511 0
67512 0
67513 0
67514 0
67515 0
67516 1
67517 1
67518 0
67519 1
67520 0
67521 1
67522 0
67523 0
67524 1
67525 1
67526 1
67527 0
67528 1
67529 0
67530 0
67531 1
67532 1
67533 1
67534 1
67535 0
67536 1
67537 0
67538 1
67539 1
67540 0
67541 1
67542 1
67543 0
67544 1
67545 1
67546 1
67547 0
67548 1
67549 1
67550 0
67551 0
67552 1
67553 0
67554 1
67555 0
67556 1
67557 0
67558 0
67559 0
67560 1
67561 1
67562 0
67563 1
67564 1
67565 0
67566 1
67567 1
67568 1
67569 1
67570 0
67571 1
67572 0
67573 1
67574 1
67575 0
67576 1
67577 1
67578 1
67579 0
67580 0
67581 0
67582 0
67583 0
67584 0
67585 1
67586 1
67587 1
67588 1
67589 0
67590 1
67591 0
67592 1
67593 0
67594 0
67595 1
67596 1
67597 0
67598 1
67599 1
67600 0
67601 1
67602 1
67603 0
67604 1
67605 0
67606 0
67607 0
67608 1
67609 1
67610 1
67611 0
67612 0
67613 1
67614 1
67615 0
67616 0
67617 1
67618 1
67619 1
67620 0
67621 1
67622 0
67623 0
67624 1
67625 1
67626 1
67627 0
67628 0
67629 0
67630 0
67631 1
67632 0
67633 0
67634 1
67635 0
67636 1
67637 0
67638 0
67639 1
67640 1
67641 0
67642 1
67643 0
67644 0
67645 1
67646 1
67647 0
67648 0
67649 1
67650 1
67651 0
67652 1
67653 1
67654 0
67655 0
67656 0
67657 1
67658 1
67659 0
67660 1
67661 0
67662 1
67663 0
67664 1
67665 1
67666 0
67667 1
67668 1
67669 0
67670 0
67671 1
67672 0
67673 0
67674 0
67675 1
67676 0
67677 1
67678 0
67679 1
67680 1
67681 1
67682 1
67683 0
67684 1
67685 1
67686 1
67687 1
67688 0
67689 0
67690 1
67691 0
67692 1
67693 1
67694 1
67695 0
67696 0
67697 0
67698 1
67699 1
67700 1
67701 1
67702 0
67703 0
67704 1
67705 1
67706 1
67707 0
67708 0
67709 0
67710 0
67711 0
67712 1
67713 1
67714 1
67715 1
67716 1
67717 0
67718 0
67719 0
67720 1
67721 1
67722 1
67723 1
67724 0
67725 0
67726 1
67727 1
67728 0
67729 1
67730 1
67731 1
67732 0
67733 1
67734 0
67735 0
67736 0
67737 0
67738 1
67739 0
67740 1
67741 0
67742 1
67743 0
67744 1
67745 1
67746 0
67747 0
67748 0
67749 1
67750 0
67751 1
67752 0
67753 1
67754 1
67755 0
67756 1
67757 1
67758 1
67759 0
67760 1
67761 0
67762 0
67763 1
67764 1
67765 1
67766 1
67767 0
67768 0
67769 0
67770 0
67771 0
67772 0
67773 1
67774 1
67775 0
67776 1
67777 0
67778 0
67779 1
67780 1
67781 1
67782 1
67783 0
67784 0
67785 0
67786 0
67787 0
67788 1
67789 0
67790 0
67791 1
67792 1
67793 0
67794 0
67795 0
67796 1
67797 1
67798 1
67799 0
67800 0
67801 0
67802 0
67803 1
67804 1
67805 0
67806 1
67807 0
67808 1
67809 1
67810 0
67811 0
67812 0
67813 1
67814 1
67815 0
67816 1
67817 0
67818 0
67819 0
67820 1
67821 0
67822 1
67823 0
67824 0
67825 1
67826 1
67827 0
67828 0
67829 0
67830 1
67831 1
67832 1
67833 0
67834 0
67835 1
67836 1
67837 0
67838 1
67839 1
67840 0
67841 0
67842 0
67843 0
67844 0
67845 0
67846 1
67847 1
67848 1
67849 1
67850 1
67851 1
67852 0
67853 1
67854 0
67855 0
67856 1
67857 0
67858 1
67859 0
67860 0
67861 0
67862 0
67863 0
67864 1
67865 0
67866 0
67867 1
67868 0
67869 1
67870 1
67871 1
67872 0
67873 1
67874 1
67875 0
67876 1
67877 1
67878 0
67879 0
67880 0
67881 0
67882 1
67883 1
67884 1
67885 0
67886 0
67887 1
67888 1
67889 0
67890 1
67891 0
67892 1
67893 1
67894 1
67895 1
67896 1
67897 1
67898 1
67899 0
67900 1
67901 1
67902 0
67903 0
67904 0
67905 1
67906 0
67907 0
67908 0
67909 0
67910 1
67911 0
67912 1
67913 0
67914 0
67915 0
67916 0
67917 1
67918 1
67919 1
67920 0
67921 0
67922 0
67923 1
67924 0
67925 0
67926 0
67927 1
67928 1
67929 1
67930 1
67931 1
67932 1
67933 1
67934 1
67935 1
67936 0
67937 1
67938 1
67939 0
67940 0
67941 1
67942 0
67943 0
67944 1
67945 0
67946 0
67947 0
67948 1
67949 1
67950 0
67951 0
67952 1
67953 1
67954 0
67955 0
67956 1
67957 0
67958 0
67959 0
67960 1
67961 1
67962 1
67963 1
67964 0
67965 1
67966 0
67967 0
67968 0
67969 1
67970 0
67971 1
67972 1
67973 0
67974 0
67975 0
67976 1
67977 0
67978 1
67979 1
67980 1
67981 1
67982 0
67983 0
67984 1
67985 0
67986 0
67987 1
67988 1
67989 0
67990 0
67991 1
67992 1
67993 0
67994 1
67995 1
67996 1
67997 0
67998 1
67999 1
68000 0
68001 1
68002 0
68003 1
68004 1
68005 1
68006 1
68007 1
68008 1
68009 1
68010 0
68011 1
68012 0
68013 0
68014 1
68015 1
68016 1
68017 1
68018 0
68019 0
68020 0
68021 1
68022 1
68023 0
68024 1
68025 1
68026 1
68027 1
68028 1
68029 0
68030 1
68031 0
68032 0
68033 1
68034 0
68035 1
68036 1
68037 1
68038 0
68039 1
68040 1
68041 1
68042 1
68043 0
68044 0
68045 1
68046 0
68047 1
68048 1
68049 0
68050 1
68051 0
68052 1
68053 1
68054 1
68055 1
68056 1
68057 0
68058 0
68059 1
68060 0
68061 1
68062 1
68063 1
68064 0
68065 1
68066 0
68067 0
68068 0
68069 0
68070 0
68071 1
68072 0
68073 0
68074 0
68075 1
68076 0
68077 1
68078 0
68079 1
68080 0
68081 0
68082 1
68083 0
68084 0
68085 0
68086 1
68087 1
68088 0
68089 1
68090 0
68091 0
68092 1
68093 1
68094 0
68095 0
68096 0
68097 1
68098 1
68099 0
68100 1
68101 1
68102 1
68103 1
68104 0
68105 0
68106 0
68107 0
68108 0
68109 0
68110 0
68111 1
68112 0
68113 0
68114 1
68115 1
68116 0
68117 0
68118 1
68119 0
68120 1
68121 1
68122 1
68123 0
68124 0
68125 0
68126 1
68127 0
68128 0
68129 0
68130 1
68131 0
68132 1
68133 1
68134 0
68135 0
68136 0
68137 0
68138 1
68139 1
68140 1
68141 1
68142 0
68143 1
68144 1
68145 0
68146 1
68147 1
68148 1
68149 0
68150 0
68151 0
68152 0
68153 0
68154 1
68155 0
68156 0
68157 1
68158 1
68159 0
68160 1
68161 0
68162 1
68163 0
68164 1
68165 0
68166 0
68167 1
68168 1
68169 1
68170 1
68171 0
68172 0
68173 0
68174 0
68175 1
68176 0
68177 1
68178 1
68179 1
68180 1
68181 0
68182 1
68183 1
68184 1
68185 0
68186 1
68187 0
68188 0
68189 1
68190 0
68191 1
68192 0
68193 0
68194 0
68195 0
68196 0
68197 0
68198 0
68199 0
68200 1
68201 0
68202 0
68203 0
68204 0
68205 0
68206 0
68207 0
68208 0
68209 0
68210 1
68211 1
68212 0
68213 1
68214 1
68215 0
68216 1
68217 1
68218 0
68219 1
68220 0
68221 0
68222 1
68223 1
68224 0
68225 1
68226 1
68227 0
68228 1
68229 0
68230 0
68231 1
68232 1
68233 1
68234 1
68235 0
68236 1
68237 0
68238 1
68239 1
68240 1
68241 0
68242 1
68243 0
68244 1
68245 1
68246 0
68247 1
68248 0
68249 0
68250 1
68251 1
68252 1
68253 0
68254 0
68255 1
68256 1
68257 1
68258 1
68259 0
68260 0
68261 1
68262 0
68263 1
68264 1
68265 0
68266 0
68267 1
68268 0
68269 0
68270 0
68271 0
68272 1
68273 1
68274 0
68275 1
68276 1
68277 0
68278 1
68279 0
68280 0
68281 0
68282 0
68283 1
68284 1
68285 0
68286 1
68287 0
68288 0
68289 1
68290 1
68291 0
68292 0
68293 0
68294 1
68295 0
68296 0
68297 0
68298 1
68299 0
68300 0
68301 1
68302 0
68303 1
68304 1
68305 0
68306 0
68307 0
68308 1
68309 0
68310 1
68311 0
68312 0
68313 1
68314 1
68315 1
68316 0
68317 1
68318 1
68319 0
68320 1
68321 1
68322 0
68323 0
68324 0
68325 1
68326 1
68327 0
68328 0
68329 1
68330 1
68331 1
68332 0
68333 0
68334 1
68335 0
68336 0
68337 1
68338 0
68339 1
68340 1
68341 0
68342 0
68343 0
68344 0
68345 1
68346 0
68347 0
68348 0
68349 0
68350 0
68351 1
68352 1
68353 0
68354 1
68355 0
68356 0
68357 0
68358 0
68359 0
68360 1
68361 1
68362 0
68363 1
68364 0
68365 1
68366 0
68367 0
68368 1
68369 0
68370 0
68371 0
68372 0
68373 0
68374 1
68375 0
68376 0
68377 0
68378 0
68379 0
68380 0
68381 1
68382 0
68383 0
68384 0
68385 0
68386 1
68387 1
68388 1
68389 0
68390 1
68391 0
68392 1
68393 1
68394 1
68395 1
68396 0
68397 0
68398 1
68399 0
68400 1
68401 0
68402 0
68403 1
68404 0
68405 1
68406 0
68407 0
68408 0
68409 1
68410 1
68411 0
68412 1
68413 1
68414 1
68415 1
68416 1
68417 0
68418 0
68419 0
68420 1
68421 1
68422 0
68423 1
68424 1
68425 1
68426 1
68427 1
68428 1
68429 0
68430 0
68431 1
68432 1
68433 0
68434 0
68435 0
68436 1
68437 0
68438 1
68439 1
68440 0
68441 0
68442 0
68443 1
68444 0
68445 0
68446 1
68447 0
68448 1
68449 1
68450 0
68451 1
68452 1
68453 1
68454 1
68455 1
68456 1
68457 0
68458 0
68459 0
68460 0
68461 0
68462 1
68463 1
68464 1
68465 0
68466 1
68467 0
68468 0
68469 0
68470 1
68471 1
68472 1
68473 1
68474 0
68475 0
68476 0
68477 0
68478 0
68479 0
68480 0
68481 0
68482 0
68483 0
68484 0
68485 1
68486 0
68487 1
68488 0
68489 0
68490 1
68491 1
68492 0
68493 0
68494 1
68495 1
68496 1
68497 0
68498 0
68499 0
68500 0
68501 1
68502 0
68503 1
68504 1
68505 0
68506 0
68507 0
68508 0
68509 1
68510 0
68511 0
68512 1
68513 1
68514 0
68515 1
68516 1
68517 1
68518 1
68519 1
68520 0
68521 1
68522 1
68523 1
68524 0
68525 0
68526 1
68527 0
68528 1
68529 1
68530 0
68531 1
68532 0
68533 1
68534 0
68535 1
68536 0
68537 0
68538 1
68539 0
68540 0
68541 0
68542 1
68543 0
68544 0
68545 0
68546 1
68547 0
68548 1
68549 1
68550 0
68551 1
68552 0
68553 1
68554 0
68555 1
68556 1
68557 0
68558 1
68559 0
68560 0
68561 0
68562 0
68563 1
68564 1
68565 0
68566 0
68567 0
68568 0
68569 0
68570 0
68571 0
68572 1
68573 0
68574 1
68575 0
68576 1
68577 1
68578 1
68579 0
68580 0
68581 1
68582 0
68583 0
68584 0
68585 1
68586 1
68587 1
68588 0
68589 0
68590 1
68591 1
68592 0
68593 1
68594 1
68595 0
68596 1
68597 1
68598 1
68599 1
68600 1
68601 0
68602 1
68603 1
68604 0
68605 0
68606 1
68607 1
68608 1
68609 0
68610 0
68611 1
68612 0
68613 1
68614 0
68615 0
68616 1
68617 0
68618 1
68619 0
68620 0
68621 1
68622 0
68623 1
68624 1
68625 1
68626 0
68627 0
68628 0
68629 0
68630 1
68631 0
68632 0
68633 1
68634 1
68635 0
68636 0
68637 0
68638 1
68639 1
68640 0
68641 0
68642 0
68643 1
68644 0
68645 0
68646 1
68647 1
68648 0
68649 1
68650 0
68651 1
68652 0
68653 1
68654 0
68655 1
68656 1
68657 0
68658 1
68659 1
68660 1
68661 1
68662 1
68663 0
68664 0
68665 0
68666 1
68667 1
68668 1
68669 0
68670 1
68671 0
68672 1
68673 0
68674 0
68675 0
68676 0
68677 1
68678 0
68679 1
68680 0
68681 0
68682 0
68683 1
68684 1
68685 1
68686 1
68687 1
68688 0
68689 1
68690 1
68691 1
68692 1
68693 0
68694 0
68695 1
68696 1
68697 1
68698 1
68699 0
68700 0
68701 0
68702 0
68703 1
68704 1
68705 1
68706 1
68707 0
68708 1
68709 0
68710 1
68711 1
68712 0
68713 1
68714 1
68715 0
68716 0
68717 0
68718 0
68719 1
68720 0
68721 1
68722 0
68723 0
68724 0
68725 0
68726 1
68727 1
68728 1
68729 1
68730 1
68731 1
68732 1
68733 0
68734 0
68735 0
68736 0
68737 0
68738 0
68739 0
68740 1
68741 1
68742 1
68743 1
68744 0
68745 1
68746 0
68747 1
68748 1
68749 0
68750 1
68751 0
68752 0
68753 0
68754 0
68755 1
68756 0
68757 0
68758 0
68759 0
68760 1
68761 1
68762 0
68763 1
68764 0
68765 0
68766 0
68767 0
68768 0
68769 1
68770 1
68771 1
68772 0
68773 0
68774 0
68775 1
68776 0
68777 0
68778 1
68779 0
68780 0
68781 0
68782 0
68783 0
68784 0
68785 0
68786 1
68787 0
68788 0
68789 1
68790 0
68791 1
68792 0
68793 0
68794 1
68795 0
68796 0
68797 0
68798 0
68799 0
68800 0
68801 0
68802 1
68803 0
68804 0
68805 0
68806 0
68807 0
68808 0
68809 0
68810 1
68811 0
68812 1
68813 0
68814 0
68815 0
68816 1
68817 0
68818 1
68819 1
68820 1
68821 1
68822 1
68823 1
68824 0
68825 1
68826 0
68827 0
68828 0
68829 1
68830 1
68831 1
68832 0
68833 1
68834 1
68835 0
68836 0
68837 0
68838 0
68839 1
68840 1
68841 0
68842 1
68843 0
68844 0
68845 0
68846 1
68847 0
68848 1
68849 1
68850 1
68851 1
68852 1
68853 1
68854 1
68855 1
68856 1
68857 0
68858 1
68859 0
68860 1
68861 1
68862 1
68863 0
68864 1
68865 1
68866 0
68867 1
68868 1
68869 1
68870 0
68871 1
68872 0
68873 0
68874 1
68875 0
68876 1
68877 1
68878 1
68879 0
68880 0
68881 0
68882 1
68883 1
68884 1
68885 0
68886 0
68887 0
68888 0
68889 1
68890 1
68891 0
68892 0
68893 0
68894 1
68895 0
68896 0
68897 0
68898 0
68899 0
68900 0
68901 1
68902 1
68903 1
68904 0
68905 0
68906 0
68907 0
68908 0
68909 0
68910 1
68911 1
68912 1
68913 1
68914 0
68915 0
68916 0
68917 1
68918 1
68919 1
68920 0
68921 0
68922 0
68923 0
68924 0
68925 1
68926 0
68927 1
68928 0
68929 0
68930 1
68931 1
68932 0
68933 0
68934 1
68935 0
68936 0
68937 0
68938 1
68939 0
68940 1
68941 1
68942 1
68943 1
68944 1
68945 0
68946 0
68947 1
68948 1
68949 1
68950 0
68951 0
68952 1
68953 0
68954 1
68955 0
68956 1
68957 1
68958 0
68959 1
68960 0
68961 0
68962 1
68963 1
68964 0
68965 1
68966 1
68967 0
68968 1
68969 1
68970 0
68971 1
68972 1
68973 0
68974 0
68975 1
68976 0
68977 0
68978 1
68979 0
68980 0
68981 1
68982 1
68983 1
68984 1
68985 0
68986 1
68987 0
68988 1
68989 0
68990 0
68991 0
68992 0
68993 1
68994 0
68995 1
68996 0
68997 1
68998 0
68999 0
69000 1
69001 1
69002 0
69003 1
69004 0
69005 1
69006 0
69007 0
69008 0
69009 1
69010 0
69011 1
69012 1
69013 0
69014 1
69015 0
69016 1
69017 0
69018 0
69019 1
69020 1
69021 1
69022 1
69023 0
69024 1
69025 0
69026 1
69027 1
69028 1
69029 1
69030 0
69031 1
69032 0
69033 0
69034 1
69035 0
69036 1
69037 0
69038 1
69039 1
69040 0
69041 1
69042 1
69043 0
69044 0
69045 1
69046 1
69047 1
69048 1
69049 1
69050 1
69051 0
69052 1
69053 0
69054 1
69055 0
69056 0
69057 0
69058 1
69059 1
69060 0
69061 1
69062 0
69063 1
69064 0
69065 0
69066 0
69067 0
69068 1
69069 0
69070 0
69071 1
69072 0
69073 0
69074 0
69075 1
69076 0
69077 0
69078 0
69079 0
69080 1
69081 0
69082 1
69083 1
69084 0
69085 0
69086 1
69087 0
69088 0
69089 1
69090 1
69091 1
69092 1
69093 0
69094 1
69095 1
69096 0
69097 1
69098 0
69099 0
69100 1
69101 0
69102 0
69103 1
69104 0
69105 0
69106 0
69107 1
69108 1
69109 1
69110 1
69111 0
69112 1
69113 0
69114 1
69115 0
69116 1
69117 0
69118 0
69119 1
69120 0
69121 1
69122 0
69123 1
69124 0
69125 1
69126 1
69127 1
69128 0
69129 1
69130 1
69131 0
69132 1
69133 1
69134 1
69135 0
69136 0
69137 1
69138 0
69139 1
69140 1
69141 1
69142 1
69143 1
69144 1
69145 0
69146 0
69147 0
69148 1
69149 0
69150 1
69151 1
69152 0
69153 1
69154 1
69155 0
69156 0
69157 0
69158 0
69159 0
69160 1
69161 1
69162 0
69163 1
69164 1
69165 1
69166 1
69167 1
69168 1
69169 1
69170 0
69171 0
69172 0
69173 0
69174 0
69175 0
69176 1
69177 1
69178 0
69179 1
69180 1
69181 1
69182 1
69183 1
69184 1
69185 1
69186 1
69187 0
69188 1
69189 0
69190 1
69191 1
69192 0
69193 0
69194 0
69195 1
69196 1
69197 0
69198 0
69199 0
69200 1
69201 0
69202 0
69203 1
69204 0
69205 1
69206 1
69207 1
69208 0
69209 0
69210 0
69211 1
69212 0
69213 1
69214 0
69215 1
69216 1
69217 1
69218 0
69219 1
69220 0
69221 1
69222 1
69223 1
69224 0
69225 1
69226 1
69227 0
69228 0
69229 1
69230 0
69231 0
69232 1
69233 1
69234 1
69235 0
69236 1
69237 1
69238 1
69239 1
69240 1
69241 0
69242 1
69243 0
69244 0
69245 1
69246 0
69247 0
69248 1
69249 0
69250 0
69251 0
69252 0
69253 1
69254 0
69255 1
69256 1
69257 0
69258 0
69259 0
69260 0
69261 1
69262 1
69263 1
69264 1
69265 1
69266 0
69267 1
69268 1
69269 0
69270 1
69271 1
69272 1
69273 1
69274 0
69275 0
69276 1
69277 0
69278 1
69279 0
69280 0
69281 0
69282 1
69283 0
69284 0
69285 0
69286 0
69287 1
69288 1
69289 1
69290 1
69291 1
69292 0
69293 1
69294 0
69295 0
69296 0
69297 0
69298 0
69299 0
69300 0
69301 0
69302 0
69303 0
69304 0
69305 0
69306 0
69307 1
69308 0
69309 0
69310 1
69311 1
69312 1
69313 1
69314 1
69315 1
69316 1
69317 1
69318 1
69319 1
69320 1
69321 1
69322 1
69323 0
69324 0
69325 0
69326 0
69327 0
69328 1
69329 1
69330 0
69331 1
69332 0
69333 1
69334 1
69335 1
69336 0
69337 0
69338 0
69339 0
69340 0
69341 0
69342 1
69343 0
69344 1
69345 0
69346 1
69347 0
69348 1
69349 0
69350 1
69351 0
69352 1
69353 0
69354 1
69355 1
69356 0
69357 1
69358 1
69359 0
69360 0
69361 1
69362 0
69363 1
69364 1
69365 1
69366 0
69367 1
69368 1
69369 0
69370 1
69371 1
69372 1
69373 1
69374 1
69375 0
69376 0
69377 1
69378 0
69379 0
69380 0
69381 0
69382 1
69383 0
69384 0
69385 0
69386 1
69387 1
69388 0
69389 0
69390 0
69391 0
69392 0
69393 1
69394 1
69395 0
69396 1
69397 0
69398 1
69399 0
69400 1
69401 0
69402 0
69403 0
69404 1
69405 1
69406 0
69407 0
69408 1
69409 1
69410 0
69411 0
69412 0
69413 1
69414 1
69415 0
69416 1
69417 0
69418 0
69419 0
69420 0
69421 0
69422 0
69423 1
69424 0
69425 1
69426 0
69427 1
69428 1
69429 1
69430 0
69431 0
69432 0
69433 0
69434 0
69435 0
69436 0
69437 0
69438 0
69439 1
69440 1
69441 0
69442 0
69443 0
69444 1
69445 0
69446 0
69447 0
69448 0
69449 0
69450 1
69451 1
69452 1
69453 1
69454 0
69455 0
69456 0
69457 0
69458 0
69459 1
69460 1
69461 1
69462 0
69463 0
69464 0
69465 0
69466 1
69467 1
69468 1
69469 1
69470 0
69471 0
69472 0
69473 0
69474 0
69475 1
69476 1
69477 0
69478 0
69479 1
69480 0
69481 1
69482 0
69483 0
69484 1
69485 0
69486 0
69487 0
69488 1
69489 0
69490 0
69491 1
69492 0
69493 1
69494 0
69495 0
69496 1
69497 0
69498 0
69499 0
69500 0
69501 1
69502 1
69503 1
69504 0
69505 0
69506 0
69507 0
69508 1
69509 0
69510 1
69511 1
69512 0
69513 1
69514 1
69515 0
69516 1
69517 0
69518 1
69519 1
69520 0
69521 0
69522 1
69523 1
69524 1
69525 1
69526 0
69527 1
69528 1
69529 0
69530 0
69531 0
69532 0
69533 0
69534 1
69535 0
69536 0
69537 1
69538 1
69539 0
69540 0
69541 0
69542 0
69543 1
69544 1
69545 0
69546 0
69547 0
69548 0
69549 1
69550 1
69551 0
69552 1
69553 0
69554 1
69555 1
69556 0
69557 0
69558 1
69559 1
69560 0
69561 0
69562 1
69563 1
69564 1
69565 1
69566 1
69567 0
69568 0
69569 1
69570 0
69571 0
69572 1
69573 1
69574 0
69575 1
69576 1
69577 1
69578 1
69579 0
69580 0
69581 1
69582 1
69583 0
69584 0
69585 0
69586 1
69587 0
69588 1
69589 1
69590 1
69591 0
69592 0
69593 0
69594 0
69595 1
69596 1
69597 1
69598 0
69599 1
69600 1
69601 1
69602 1
69603 0
69604 1
69605 0
69606 0
69607 0
69608 0
69609 1
69610 1
69611 0
69612 1
69613 0
69614 0
69615 1
69616 0
69617 1
69618 0
69619 1
69620 1
69621 1
69622 0
69623 0
69624 0
69625 0
69626 1
69627 1
69628 1
69629 0
69630 1
69631 0
69632 1
69633 1
69634 0
69635 1
69636 0
69637 1
69638 1
69639 0
69640 0
69641 0
69642 1
69643 1
69644 1
69645 0
69646 1
69647 1
69648 0
69649 0
69650 0
69651 1
69652 0
69653 0
69654 0
69655 1
69656 0
69657 1
69658 0
69659 1
69660 0
69661 0
69662 1
69663 1
69664 1
69665 0
69666 0
69667 1
69668 1
69669 0
69670 0
69671 0
69672 0
69673 0
69674 1
69675 0
69676 1
69677 1
69678 1
69679 1
69680 0
69681 1
69682 1
69683 1
69684 1
69685 1
69686 0
69687 1
69688 0
69689 1
69690 0
69691 1
69692 1
69693 0
69694 1
69695 0
69696 1
69697 1
69698 1
69699 1
69700 1
69701 0
69702 0
69703 0
69704 0
69705 1
69706 0
69707 0
69708 1
69709 0
69710 0
69711 0
69712 0
69713 1
69714 0
69715 0
69716 0
69717 0
69718 1
69719 0
69720 0
69721 1
69722 0
69723 1
69724 1
69725 0
69726 1
69727 1
69728 1
69729 0
69730 0
69731 1
69732 1
69733 1
69734 1
69735 1
69736 1
69737 1
69738 1
69739 0
69740 1
69741 1
69742 1
69743 1
69744 1
69745 0
69746 0
69747 1
69748 1
69749 0
69750 1
69751 1
69752 1
69753 1
69754 0
69755 0
69756 1
69757 1
69758 0
69759 1
69760 0
69761 1
69762 1
69763 1
69764 0
69765 1
69766 1
69767 1
69768 1
69769 0
69770 1
69771 0
69772 0
69773 0
69774 1
69775 0
69776 1
69777 0
69778 1
69779 0
69780 0
69781 0
69782 0
69783 1
69784 0
69785 0
69786 1
69787 1
69788 0
69789 0
69790 1
69791 1
69792 0
69793 1
69794 0
69795 1
69796 0
69797 0
69798 1
69799 0
69800 0
69801 0
69802 0
69803 1
69804 1
69805 0
69806 1
69807 1
69808 1
69809 0
69810 0
69811 0
69812 1
69813 1
69814 1
69815 0
69816 1
69817 1
69818 1
69819 1
69820 1
69821 0
69822 0
69823 0
69824 1
69825 0
69826 0
69827 1
69828 1
69829 1
69830 1
69831 0
69832 1
69833 1
69834 1
69835 0
69836 0
69837 1
69838 1
69839 0
69840 0
69841 0
69842 1
69843 1
69844 1
69845 1
69846 0
69847 1
69848 0
69849 0
69850 0
69851 1
69852 0
69853 0
69854 1
69855 0
69856 1
69857 0
69858 1
69859 0
69860 0
69861 1
69862 0
69863 0
69864 0
69865 0
69866 1
69867 1
69868 0
69869 0
69870 1
69871 1
69872 1
69873 0
69874 0
69875 1
69876 0
69877 1
69878 0
69879 0
69880 0
69881 1
69882 1
69883 1
69884 1
69885 0
69886 0
69887 1
69888 1
69889 0
69890 1
69891 1
69892 0
69893 1
69894 0
69895 1
69896 0
69897 1
69898 0
69899 0
69900 0
69901 1
69902 1
69903 1
69904 1
69905 0
69906 1
69907 0
69908 0
69909 0
69910 0
69911 1
69912 1
69913 1
69914 0
69915 1
69916 0
69917 0
69918 0
69919 0
69920 1
69921 1
69922 1
69923 0
69924 1
69925 0
69926 1
69927 1
69928 1
69929 0
69930 1
69931 1
69932 1
69933 0
69934 0
69935 1
69936 0
69937 0
69938 1
69939 0
69940 1
69941 1
69942 0
69943 1
69944 1
69945 0
69946 1
69947 0
69948 1
69949 0
69950 0
69951 0
69952 0
69953 1
69954 0
69955 0
69956 1
69957 1
69958 1
69959 0
69960 0
69961 0
69962 1
69963 0
69964 1
69965 1
69966 1
69967 0
69968 1
69969 0
69970 1
69971 0
69972 1
69973 0
69974 0
69975 1
69976 0
69977 1
69978 1
69979 1
69980 1
69981 1
69982 0
69983 1
69984 0
69985 0
69986 0
69987 0
69988 0
69989 1
69990 1
69991 1
69992 0
69993 1
69994 1
69995 0
69996 1
69997 1
69998 1
69999 0
70000 0
70001 1
70002 1
70003 1
70004 0
70005 0
70006 1
70007 1
70008 0
70009 1
70010 0
70011 0
70012 1
70013 0
70014 1
70015 0
70016 1
70017 1
70018 1
70019 1
70020 1
70021 1
70022 0
70023 0
70024 1
70025 0
70026 0
70027 1
70028 1
70029 0
70030 1
70031 1
70032 0
70033 0
70034 0
70035 0
70036 1
70037 1
70038 1
70039 0
70040 0
70041 0
70042 1
70043 1
70044 1
70045 1
70046 1
70047 0
70048 1
70049 1
70050 1
70051 0
70052 1
70053 0
70054 0
70055 1
70056 1
70057 1
70058 0
70059 0
70060 1
70061 1
70062 1
70063 0
70064 0
70065 0
70066 0
70067 0
70068 0
70069 0
70070 0
70071 1
70072 1
70073 1
70074 1
70075 1
70076 1
70077 1
70078 0
70079 0
70080 0
70081 1
70082 1
70083 0
70084 1
70085 0
70086 1
70087 0
70088 1
70089 0
70090 1
70091 1
70092 1
70093 0
70094 0
70095 0
70096 1
70097 0
70098 0
70099 0
70100 0
70101 1
70102 0
70103 0
70104 0
70105 0
70106 0
70107 0
70108 0
70109 0
70110 0
70111 0
70112 0
70113 0
70114 0
70115 0
70116 0
70117 0
70118 1
70119 1
70120 1
70121 1
70122 1
70123 1
70124 1
70125 1
70126 1
70127 1
70128 1
70129 1
70130 1
70131 1
70132 1
70133 1
70134 0
70135 1
70136 1
70137 0
70138 1
70139 0
70140 1
70141 1
70142 0
70143 0
70144 1
70145 0
70146 0
70147 0
70148 0
70149 1
70150 1
70151 1
70152 1
70153 0
70154 1
70155 1
70156 0
70157 0
70158 0
70159 1
70160 0
70161 0
70162 1
70163 0
70164 0
70165 1
70166 1
70167 1
70168 0
70169 1
70170 0
70171 0
70172 0
70173 1
70174 0
70175 1
70176 1
70177 0
70178 0
70179 0
70180 0
70181 0
70182 1
70183 0
70184 1
70185 1
70186 0
70187 1
70188 1
70189 1
70190 0
70191 0
70192 1
70193 1
70194 1
70195 0
70196 0
70197 0
70198 1
70199 1
70200 1
70201 1
70202 0
70203 0
70204 0
70205 1
70206 1
70207 0
70208 1
70209 0
70210 0
70211 0
70212 0
70213 1
70214 1
70215 0
70216 1
70217 0
70218 0
70219 0
70220 0
70221 1
70222 0
70223 1
70224 0
70225 0
70226 1
70227 1
70228 0
70229 1
70230 0
70231 0
70232 0
70233 1
70234 0
70235 0
70236 0
70237 1
70238 0
70239 0
70240 1
70241 0
70242 0
70243 0
70244 1
70245 0
70246 0
70247 0
70248 0
70249 0
70250 0
70251 1
70252 0
70253 0
70254 1
70255 0
70256 0
70257 0
70258 0
70259 1
70260 1
70261 0
70262 0
70263 0
70264 0
70265 1
70266 0
70267 0
70268 0
70269 1
70270 0
70271 1
70272 1
70273 1
70274 1
70275 1
70276 0
70277 0
70278 0
70279 1
70280 0
70281 0
70282 0
70283 1
70284 1
70285 0
70286 0
70287 1
70288 0
70289 1
70290 1
70291 1
70292 1
70293 0
70294 1
70295 0
70296 1
70297 0
70298 1
70299 0
70300 1
70301 0
70302 1
70303 1
70304 0
70305 0
70306 0
70307 1
70308 0
70309 0
70310 0
70311 0
70312 0
70313 0
70314 0
70315 0
70316 0
70317 0
70318 1
70319 1
70320 0
70321 1
70322 1
70323 0
70324 0
70325 0
70326 1
70327 0
70328 1
70329 1
70330 1
70331 1
70332 1
70333 1
70334 1
70335 1
70336 0
70337 0
70338 1
70339 1
70340 0
70341 1
70342 0
70343 1
70344 1
70345 0
70346 0
70347 1
70348 1
70349 0
70350 0
70351 0
70352 1
70353 0
70354 1
70355 1
70356 0
70357 0
70358 1
70359 1
70360 1
70361 0
70362 1
70363 0
70364 0
70365 1
70366 1
70367 1
70368 1
70369 1
70370 1
70371 1
70372 1
70373 0
70374 0
70375 0
70376 0
70377 1
70378 1
70379 0
70380 0
70381 1
70382 1
70383 0
70384 1
70385 0
70386 1
70387 0
70388 1
70389 0
70390 0
70391 0
70392 1
70393 1
70394 1
70395 0
70396 1
70397 1
70398 1
70399 1
70400 1
70401 1
70402 1
70403 0
70404 0
70405 1
70406 1
70407 1
70408 0
70409 0
70410 1
70411 1
70412 0
70413 0
70414 0
70415 1
70416 1
70417 0
70418 1
70419 0
70420 0
70421 1
70422 1
70423 1
70424 1
70425 0
70426 1
70427 0
70428 1
70429 0
70430 0
70431 1
70432 0
70433 1
70434 0
70435 1
70436 1
70437 0
70438 0
70439 1
70440 1
70441 0
70442 0
70443 0
70444 0
70445 0
70446 0
70447 0
70448 0
70449 1
70450 0
70451 0
70452 0
70453 0
70454 1
70455 0
70456 1
70457 0
70458 1
70459 1
70460 0
70461 0
70462 1
70463 1
70464 1
70465 0
70466 0
70467 0
70468 0
70469 1
70470 0
70471 1
70472 0
70473 0
70474 1
70475 1
70476 0
70477 0
70478 1
70479 1
70480 0
70481 0
70482 0
70483 1
70484 0
70485 0
70486 1
70487 0
70488 1
70489 1
70490 0
70491 1
70492 0
70493 1
70494 1
70495 0
70496 1
70497 0
70498 0
70499 0
70500 1
70501 1
70502 1
70503 0
70504 1
70505 1
70506 0
70507 0
70508 1
70509 0
70510 1
70511 0
70512 0
70513 0
70514 0
70515 0
70516 1
70517 0
70518 0
70519 1
70520 1
70521 0
70522 1
70523 0
70524 1
70525 1
70526 1
70527 0
70528 0
70529 1
70530 1
70531 0
70532 1
70533 0
70534 0
70535 1
70536 0
70537 1
70538 1
70539 0
70540 0
70541 1
70542 1
70543 0
70544 1
70545 0
70546 1
70547 0
70548 1
70549 0
70550 1
70551 1
70552 1
70553 1
70554 0
70555 0
70556 0
70557 0
70558 1
70559 0
70560 0
70561 0
70562 1
70563 0
70564 0
70565 1
70566 0
70567 1
70568 0
70569 0
70570 0
70571 0
70572 0
70573 1
70574 1
70575 0
70576 1
70577 1
70578 0
70579 1
70580 1
70581 0
70582 0
70583 0
70584 1
70585 0
70586 0
70587 1
70588 1
70589 1
70590 0
70591 0
70592 0
70593 0
70594 0
70595 0
70596 1
70597 1
70598 1
70599 0
70600 0
70601 0
70602 1
70603 1
70604 0
70605 0
70606 0
70607 1
70608 0
70609 1
70610 1
70611 1
70612 0
70613 1
70614 0
70615 1
70616 0
70617 0
70618 0
70619 1
70620 0
70621 1
70622 0
70623 0
70624 0
70625 1
70626 0
70627 0
70628 0
70629 1
70630 0
70631 0
70632 1
70633 1
70634 0
70635 1
70636 0
70637 1
70638 0
70639 1
70640 1
70641 0
70642 0
70643 0
70644 0
70645 0
70646 1
70647 0
70648 0
70649 0
70650 1
70651 0
70652 1
70653 0
70654 0
70655 1
70656 0
70657 1
70658 1
70659 0
70660 1
70661 0
70662 1
70663 1
70664 1
70665 0
70666 1
70667 1
70668 1
70669 0
70670 0
70671 0
70672 1
70673 0
70674 1
70675 1
70676 0
70677 1
70678 1
70679 1
70680 0
70681 0
70682 0
70683 1
70684 1
70685 0
70686 1
70687 0
70688 1
70689 0
70690 0
70691 0
70692 0
70693 1
70694 1
70695 0
70696 0
70697 1
70698 1
70699 1
70700 0
70701 0
70702 0
70703 0
70704 1
70705 1
70706 0
70707 1
70708 1
70709 1
70710 1
70711 0
70712 1
70713 0
70714 1
70715 0
70716 0
70717 1
70718 1
70719 1
70720 0
70721 0
70722 0
70723 1
70724 0
70725 1
70726 0
70727 0
70728 0
70729 1
70730 1
70731 1
70732 1
70733 0
70734 0
70735 0
70736 0
70737 1
70738 0
70739 0
70740 0
70741 1
70742 0
70743 1
70744 1
70745 0
70746 0
70747 0
70748 1
70749 0
70750 1
70751 0
70752 1
70753 0
70754 0
70755 0
70756 1
70757 0
70758 1
70759 0
70760 0
70761 1
70762 1
70763 0
70764 0
70765 1
70766 1
70767 0
70768 1
70769 1
70770 1
70771 0
70772 0
70773 0
70774 1
70775 1
70776 0
70777 1
70778 0
70779 0
70780 1
70781 1
70782 1
70783 1
70784 1
70785 0
70786 0
70787 0
70788 1
70789 0
70790 0
70791 1
70792 1
70793 0
70794 1
70795 1
70796 1
70797 1
70798 1
70799 1
70800 1
70801 0
70802 0
70803 0
70804 0
70805 1
70806 1
70807 0
70808 1
70809 0
70810 1
70811 0
70812 0
70813 0
70814 0
70815 1
70816 0
70817 1
70818 0
70819 0
70820 1
70821 0
70822 1
70823 0
70824 0
70825 0
70826 0
70827 1
70828 0
70829 0
70830 1
70831 1
70832 0
70833 1
70834 1
70835 0
70836 1
70837 1
70838 0
70839 0
70840 0
70841 0
70842 1
70843 1
70844 1
70845 1
70846 1
70847 0
70848 0
70849 0
70850 0
70851 0
70852 0
70853 1
70854 1
70855 1
70856 0
70857 1
70858 1
70859 0
70860 0
70861 1
70862 1
70863 0
70864 0
70865 0
70866 0
70867 1
70868 1
70869 1
70870 1
70871 1
70872 0
70873 1
70874 1
70875 1
70876 1
70877 0
70878 0
70879 0
70880 1
70881 0
70882 1
70883 0
70884 1
70885 1
70886 1
70887 0
70888 0
70889 0
70890 1
70891 0
70892 1
70893 1
70894 0
70895 1
70896 0
70897 0
70898 0
70899 1
70900 1
70901 1
70902 0
70903 1
70904 0
70905 0
70906 1
70907 0
70908 1
70909 0
70910 1
70911 1
70912 1
70913 0
70914 0
70915 1
70916 0
70917 1
70918 0
70919 1
70920 0
70921 0
70922 1
70923 1
70924 1
70925 1
70926 0
70927 0
70928 1
70929 1
70930 0
70931 1
70932 0
70933 0
70934 1
70935 0
70936 0
70937 1
70938 0
70939 0
70940 0
70941 0
70942 0
70943 1
70944 1
70945 0
70946 1
70947 0
70948 1
70949 0
70950 1
70951 0
70952 1
70953 0
70954 0
70955 0
70956 1
70957 1
70958 1
70959 0
70960 0
70961 0
70962 1
70963 0
70964 1
70965 0
70966 1
70967 0
70968 1
70969 1
70970 1
70971 1
70972 0
70973 1
70974 0
70975 0
70976 0
70977 1
70978 1
70979 1
70980 0
70981 0
70982 1
70983 1
70984 0
70985 1
70986 1
70987 1
70988 0
70989 0
70990 1
70991 0
70992 1
70993 0
70994 0
70995 1
70996 0
70997 1
70998 1
70999 0
71000 0
71001 1
71002 0
71003 0
71004 0
71005 1
71006 0
71007 0
71008 1
71009 0
71010 0
71011 0
71012 1
71013 1
71014 1
71015 1
71016 0
71017 1
71018 1
71019 1
71020 0
71021 1
71022 1
71023 1
71024 0
71025 1
71026 1
71027 1
71028 1
71029 1
71030 0
71031 0
71032 0
71033 1
71034 0
71035 1
71036 0
71037 1
71038 1
71039 0
71040 0
71041 1
71042 1
71043 0
71044 1
71045 0
71046 1
71047 1
71048 0
71049 0
71050 1
71051 1
71052 1
71053 0
71054 1
71055 0
71056 0
71057 0
71058 1
71059 0
71060 0
71061 1
71062 1
71063 1
71064 1
71065 1
71066 0
71067 1
71068 0
71069 0
71070 0
71071 1
71072 1
71073 0
71074 0
71075 1
71076 0
71077 0
71078 1
71079 1
71080 0
71081 0
71082 1
71083 1
71084 0
71085 0
71086 1
71087 0
71088 0
71089 1
71090 1
71091 1
71092 0
71093 1
71094 1
71095 0
71096 0
71097 0
71098 0
71099 0
71100 0
71101 1
71102 1
71103 1
71104 0
71105 1
71106 0
71107 0
71108 0
71109 1
71110 0
71111 0
71112 0
71113 0
71114 1
71115 1
71116 0
71117 0
71118 1
71119 0
71120 0
71121 1
71122 1
71123 1
71124 0
71125 0
71126 1
71127 1
71128 0
71129 1
71130 1
71131 0
71132 0
71133 1
71134 1
71135 1
71136 0
71137 1
71138 0
71139 1
71140 0
71141 1
71142 1
71143 0
71144 0
71145 0
71146 0
71147 0
71148 0
71149 1
71150 0
71151 0
71152 0
71153 0
71154 1
71155 1
71156 1
71157 1
71158 0
71159 0
71160 0
71161 0
71162 0
71163 1
71164 1
71165 1
71166 1
71167 0
71168 1
71169 0
71170 0
71171 1
71172 0
71173 0
71174 1
71175 0
71176 1
71177 1
71178 1
71179 1
71180 1
71181 0
71182 0
71183 0
71184 0
71185 1
71186 1
71187 1
71188 0
71189 1
71190 0
71191 0
71192 0
71193 0
71194 1
71195 0
71196 1
71197 1
71198 0
71199 0
71200 0
71201 1
71202 0
71203 0
71204 1
71205 1
71206 1
71207 0
71208 1
71209 1
71210 0
71211 1
71212 1
71213 1
71214 1
71215 0
71216 0
71217 0
71218 1
71219 0
71220 1
71221 1
71222 0
71223 1
71224 1
71225 0
71226 1
71227 1
71228 1
71229 1
71230 0
71231 1
71232 0
71233 1
71234 0
71235 1
71236 1
71237 1
71238 1
71239 0
71240 1
71241 0
71242 1
71243 1
71244 1
71245 0
71246 1
71247 1
71248 0
71249 1
71250 0
71251 1
71252 1
71253 0
71254 1
71255 1
71256 1
71257 1
71258 1
71259 1
71260 0
71261 1
71262 1
71263 1
71264 1
71265 1
71266 1
71267 1
71268 0
71269 1
71270 1
71271 1
71272 1
71273 1
71274 1
71275 1
71276 0
71277 0
71278 0
71279 0
71280 1
71281 0
71282 0
71283 0
71284 0
71285 0
71286 0
71287 1
71288 0
71289 1
71290 0
71291 0
71292 0
71293 1
71294 0
71295 1
71296 0
71297 1
71298 0
71299 1
71300 0
71301 0
71302 1
71303 1
71304 0
71305 1
71306 0
71307 1
71308 1
71309 1
71310 0
71311 1
71312 1
71313 0
71314 0
71315 1
71316 0
71317 1
71318 0
71319 1
71320 1
71321 1
71322 1
71323 0
71324 1
71325 1
71326 1
71327 0
71328 0
71329 0
71330 0
71331 0
71332 0
71333 0
71334 1
71335 1
71336 0
71337 1
71338 1
71339 1
71340 1
71341 0
71342 0
71343 0
71344 1
71345 0
71346 1
71347 1
71348 1
71349 1
71350 0
71351 1
71352 0
71353 0
71354 1
71355 1
71356 1
71357 1
71358 0
71359 0
71360 0
71361 0
71362 1
71363 1
71364 1
71365 0
71366 0
71367 1
71368 1
71369 0
71370 1
71371 1
71372 1
71373 0
71374 1
71375 0
71376 0
71377 1
71378 1
71379 0
71380 0
71381 0
71382 1
71383 1
71384 1
71385 0
71386 0
71387 0
71388 1
71389 1
71390 1
71391 0
71392 1
71393 0
71394 1
71395 1
71396 0
71397 1
71398 0
71399 0
71400 1
71401 1
71402 0
71403 1
71404 0
71405 0
71406 0
71407 0
71408 1
71409 1
71410 1
71411 1
71412 1
71413 0
71414 0
71415 0
71416 0
71417 1
71418 1
71419 1
71420 1
71421 1
71422 0
71423 1
71424 1
71425 0
71426 0
71427 1
71428 1
71429 0
71430 0
71431 0
71432 0
71433 0
71434 0
71435 1
71436 0
71437 1
71438 1
71439 0
71440 0
71441 0
71442 1
71443 1
71444 1
71445 0
71446 1
71447 0
71448 0
71449 0
71450 0
71451 0
71452 1
71453 0
71454 1
71455 1
71456 1
71457 0
71458 1
71459 1
71460 0
71461 0
71462 1
71463 0
71464 0
71465 0
71466 1
71467 0
71468 1
71469 0
71470 0
71471 1
71472 0
71473 0
71474 0
71475 1
71476 1
71477 0
71478 0
71479 0
71480 1
71481 1
71482 1
71483 0
71484 0
71485 1
71486 1
71487 0
71488 0
71489 1
71490 0
71491 1
71492 1
71493 0
71494 0
71495 1
71496 0
71497 0
71498 1
71499 0
71500 0
71501 0
71502 1
71503 1
71504 1
71505 1
71506 0
71507 0
71508 0
71509 1
71510 1
71511 0
71512 0
71513 1
71514 0
71515 0
71516 1
71517 0
71518 1
71519 0
71520 1
71521 1
71522 0
71523 1
71524 1
71525 0
71526 1
71527 1
71528 0
71529 1
71530 0
71531 0
71532 1
71533 1
71534 1
71535 0
71536 1
71537 0
71538 1
71539 0
71540 0
71541 0
71542 0
71543 0
71544 1
71545 0
71546 1
71547 1
71548 0
71549 1
71550 0
71551 0
71552 1
71553 1
71554 1
71555 0
71556 0
71557 1
71558 0
71559 1
71560 0
71561 1
71562 1
71563 0
71564 0
71565 0
71566 0
71567 0
71568 0
71569 0
71570 0
71571 1
71572 0
71573 1
71574 1
71575 0
71576 1
71577 0
71578 1
71579 0
71580 0
71581 1
71582 0
71583 1
71584 0
71585 1
71586 0
71587 1
71588 0
71589 0
71590 0
71591 0
71592 1
71593 1
71594 1
71595 1
71596 0
71597 1
71598 0
71599 1
71600 0
71601 1
71602 0
71603 0
71604 0
71605 1
71606 1
71607 1
71608 0
71609 0
71610 1
71611 1
71612 1
71613 1
71614 0
71615 0
71616 1
71617 1
71618 1
71619 0
71620 1
71621 0
71622 0
71623 1
71624 1
71625 0
71626 0
71627 1
71628 1
71629 0
71630 0
71631 0
71632 1
71633 1
71634 0
71635 0
71636 1
71637 0
71638 0
71639 1
71640 1
71641 1
71642 0
71643 1
71644 0
71645 1
71646 0
71647 0
71648 1
71649 0
71650 1
71651 1
71652 1
71653 0
71654 1
71655 1
71656 1
71657 0
71658 0
71659 0
71660 0
71661 0
71662 0
71663 0
71664 0
71665 0
71666 0
71667 0
71668 0
71669 1
71670 1
71671 1
71672 0
71673 0
71674 0
71675 1
71676 1
71677 0
71678 1
71679 0
71680 1
71681 1
71682 1
71683 0
71684 0
71685 1
71686 0
71687 1
71688 1
71689 0
71690 1
71691 0
71692 0
71693 1
71694 1
71695 0
71696 1
71697 1
71698 0
71699 0
71700 0
71701 1
71702 0
71703 0
71704 0
71705 1
71706 0
71707 0
71708 1
71709 1
71710 1
71711 0
71712 1
71713 0
71714 1
71715 1
71716 1
71717 1
71718 1
71719 0
71720 0
71721 0
71722 0
71723 0
71724 1
71725 0
71726 1
71727 1
71728 1
71729 1
71730 0
71731 0
71732 0
71733 1
71734 0
71735 1
71736 1
71737 0
71738 0
71739 0
71740 0
71741 1
71742 1
71743 0
71744 1
71745 1
71746 0
71747 1
71748 0
71749 1
71750 1
71751 1
71752 0
71753 0
71754 1
71755 1
71756 0
71757 1
71758 1
71759 0
71760 0
71761 0
71762 1
71763 1
71764 0
71765 0
71766 0
71767 1
71768 1
71769 0
71770 1
71771 1
71772 0
71773 1
71774 1
71775 0
71776 1
71777 1
71778 0
71779 0
71780 0
71781 0
71782 0
71783 1
71784 0
71785 1
71786 0
71787 0
71788 1
71789 1
71790 1
71791 0
71792 0
71793 1
71794 0
71795 0
71796 1
71797 0
71798 1
71799 0
71800 0
71801 1
71802 1
71803 0
71804 0
71805 1
71806 1
71807 1
71808 1
71809 0
71810 0
71811 1
71812 1
71813 0
71814 1
71815 0
71816 0
71817 0
71818 1
71819 0
71820 0
71821 0
71822 1
71823 1
71824 0
71825 1
71826 1
71827 0
71828 1
71829 0
71830 0
71831 0
71832 0
71833 1
71834 0
71835 0
71836 0
71837 0
71838 0
71839 1
71840 0
71841 0
71842 1
71843 0
71844 1
71845 1
71846 0
71847 1
71848 1
71849 1
71850 1
71851 0
71852 0
71853 1
71854 1
71855 0
71856 1
71857 0
71858 0
71859 0
71860 0
71861 1
71862 0
71863 0
71864 1
71865 0
71866 1
71867 0
71868 0
71869 0
71870 0
71871 0
71872 1
71873 0
71874 0
71875 0
71876 1
71877 1
71878 1
71879 0
71880 0
71881 1
71882 0
71883 1
71884 0
71885 1
71886 0
71887 0
71888 1
71889 0
71890 1
71891 0
71892 1
71893 1
71894 1
71895 0
71896 0
71897 0
71898 1
71899 1
71900 1
71901 1
71902 0
71903 1
71904 0
71905 1
71906 1
71907 0
71908 1
71909 0
71910 1
71911 1
71912 0
71913 0
71914 1
71915 1
71916 0
71917 1
71918 1
71919 0
71920 1
71921 0
71922 0
71923 0
71924 1
71925 0
71926 1
71927 0
71928 0
71929 1
71930 1
71931 1
71932 1
71933 0
71934 0
71935 0
71936 0
71937 1
71938 1
71939 0
71940 1
71941 0
71942 0
71943 1
71944 0
71945 0
71946 1
71947 0
71948 0
71949 0
71950 1
71951 0
71952 1
71953 0
71954 0
71955 0
71956 0
71957 1
71958 0
71959 0
71960 0
71961 0
71962 1
71963 0
71964 1
71965 0
71966 1
71967 0
71968 0
71969 0
71970 1
71971 0
71972 1
71973 1
71974 1
71975 0
71976 0
71977 1
71978 1
71979 0
71980 0
71981 0
71982 0
71983 1
71984 1
71985 0
71986 1
71987 1
71988 1
71989 0
71990 1
71991 1
71992 0
71993 0
71994 1
71995 1
71996 0
71997 0
71998 0
71999 0
72000 0
72001 1
72002 1
72003 1
72004 1
72005 0
72006 1
72007 1
72008 1
72009 1
72010 0
72011 0
72012 0
72013 1
72014 0
72015 1
72016 1
72017 1
72018 0
72019 1
72020 0
72021 1
72022 1
72023 0
72024 0
72025 1
72026 1
72027 1
72028 1
72029 0
72030 1
72031 0
72032 0
72033 1
72034 1
72035 0
72036 1
72037 1
72038 0
72039 0
72040 1
72041 1
72042 0
72043 0
72044 1
72045 0
72046 1
72047 1
72048 1
72049 0
72050 0
72051 0
72052 0
72053 0
72054 0
72055 0
72056 0
72057 1
72058 0
72059 1
72060 1
72061 1
72062 0
72063 0
72064 0
72065 1
72066 1
72067 0
72068 0
72069 0
72070 0
72071 0
72072 0
72073 0
72074 1
72075 1
72076 0
72077 1
72078 0
72079 1
72080 1
72081 0
72082 1
72083 0
72084 1
72085 1
72086 1
72087 0
72088 1
72089 1
72090 0
72091 1
72092 0
72093 1
72094 0
72095 0
72096 0
72097 0
72098 0
72099 1
72100 1
72101 1
72102 1
72103 1
72104 0
72105 0
72106 0
72107 1
72108 0
72109 1
72110 1
72111 1
72112 0
72113 1
72114 1
72115 1
72116 0
72117 0
72118 1
72119 1
72120 0
72121 0
72122 1
72123 0
72124 0
72125 1
72126 1
72127 0
72128 1
72129 0
72130 0
72131 1
72132 0
72133 1
72134 0
72135 0
72136 0
72137 0
72138 0
72139 0
72140 1
72141 0
72142 1
72143 1
72144 0
72145 1
72146 0
72147 0
72148 0
72149 0
72150 1
72151 1
72152 0
72153 1
72154 1
72155 0
72156 1
72157 1
72158 1
72159 1
72160 1
72161 0
72162 1
72163 0
72164 0
72165 1
72166 0
72167 0
72168 0
72169 1
72170 0
72171 1
72172 0
72173 0
72174 1
72175 0
72176 0
72177 1
72178 0
72179 1
72180 1
72181 0
72182 1
72183 0
72184 0
72185 0
72186 0
72187 1
72188 1
72189 0
72190 0
72191 1
72192 0
72193 0
72194 1
72195 1
72196 0
72197 1
72198 0
72199 0
72200 0
72201 1
72202 1
72203 0
72204 1
72205 1
72206 1
72207 0
72208 0
72209 0
72210 1
72211 0
72212 1
72213 0
72214 0
72215 0
72216 0
72217 0
72218 1
72219 0
72220 1
72221 1
72222 0
72223 0
72224 1
72225 0
72226 1
72227 0
72228 1
72229 0
72230 1
72231 1
72232 0
72233 1
72234 0
72235 1
72236 1
72237 1
72238 1
72239 0
72240 1
72241 1
72242 1
72243 0
72244 1
72245 1
72246 0
72247 0
72248 0
72249 1
72250 0
72251 1
72252 1
72253 0
72254 1
72255 1
72256 1
72257 1
72258 1
72259 1
72260 0
72261 1
72262 1
72263 0
72264 1
72265 0
72266 1
72267 0
72268 0
72269 0
72270 0
72271 0
72272 0
72273 1
72274 1
72275 1
72276 1
72277 0
72278 0
72279 0
72280 1
72281 0
72282 1
72283 1
72284 1
72285 0
72286 1
72287 1
72288 0
72289 0
72290 0
72291 0
72292 1
72293 0
72294 0
72295 1
72296 0
72297 1
72298 1
72299 1
72300 1
72301 0
72302 1
72303 1
72304 1
72305 1
72306 1
72307 0
72308 0
72309 0
72310 1
72311 1
72312 0
72313 1
72314 0
72315 1
72316 0
72317 0
72318 0
72319 1
72320 1
72321 0
72322 1
72323 1
72324 0
72325 1
72326 0
72327 1
72328 0
72329 1
72330 0
72331 1
72332 1
72333 1
72334 1
72335 0
72336 1
72337 0
72338 0
72339 1
72340 0
72341 1
72342 1
72343 0
72344 0
72345 0
72346 0
72347 0
72348 0
72349 1
72350 1
72351 1
72352 1
72353 0
72354 1
72355 1
72356 0
72357 0
72358 0
72359 0
72360 1
72361 0
72362 1
72363 1
72364 0
72365 1
72366 0
72367 1
72368 1
72369 0
72370 0
72371 1
72372 1
72373 0
72374 0
72375 1
72376 0
72377 0
72378 1
72379 0
72380 1
72381 0
72382 1
72383 0
72384 0
72385 1
72386 0
72387 1
72388 0
72389 1
72390 0
72391 0
72392 1
72393 1
72394 1
72395 1
72396 1
72397 0
72398 1
72399 0
72400 1
72401 1
72402 1
72403 1
72404 1
72405 1
72406 0
72407 1
72408 1
72409 1
72410 0
72411 1
72412 1
72413 1
72414 0
72415 1
72416 0
72417 1
72418 0
72419 1
72420 0
72421 0
72422 1
72423 0
72424 0
72425 0
72426 1
72427 1
72428 0
72429 0
72430 0
72431 0
72432 1
72433 1
72434 0
72435 0
72436 1
72437 1
72438 0
72439 0
72440 1
72441 1
72442 0
72443 0
72444 1
72445 1
72446 0
72447 0
72448 0
72449 1
72450 0
72451 1
72452 1
72453 0
72454 1
72455 1
72456 1
72457 0
72458 0
72459 1
72460 1
72461 0
72462 0
72463 1
72464 1
72465 0
72466 0
72467 1
72468 1
72469 1
72470 0
72471 0
72472 0
72473 0
72474 0
72475 1
72476 0
72477 0
72478 0
72479 0
72480 1
72481 0
72482 0
72483 1
72484 1
72485 0
72486 0
72487 0
72488 0
72489 0
72490 1
72491 1
72492 1
72493 1
72494 0
72495 0
72496 1
72497 1
72498 1
72499 0
72500 1
72501 0
72502 1
72503 1
72504 1
72505 0
72506 0
72507 1
72508 1
72509 0
72510 0
72511 0
72512 1
72513 1
72514 0
72515 1
72516 1
72517 0
72518 0
72519 1
72520 0
72521 0
72522 0
72523 1
72524 1
72525 1
72526 0
72527 0
72528 0
72529 0
72530 0
72531 0
72532 0
72533 0
72534 0
72535 0
72536 0
72537 1
72538 1
72539 1
72540 1
72541 0
72542 0
72543 0
72544 1
72545 1
72546 0
72547 1
72548 0
72549 1
72550 1
72551 1
72552 0
72553 1
72554 0
72555 0
72556 1
72557 0
72558 1
72559 0
72560 1
72561 0
72562 0
72563 0
72564 0
72565 1
72566 1
72567 0
72568 1
72569 1
72570 1
72571 1
72572 0
72573 1
72574 0
72575 0
72576 1
72577 1
72578 0
72579 0
72580 0
72581 0
72582 1
72583 0
72584 1
72585 0
72586 1
72587 1
72588 0
72589 0
72590 0
72591 1
72592 1
72593 0
72594 1
72595 0
72596 0
72597 1
72598 0
72599 0
72600 0
72601 0
72602 1
72603 0
72604 0
72605 1
72606 0
72607 0
72608 0
72609 0
72610 0
72611 1
72612 1
72613 0
72614 0
72615 1
72616 1
72617 0
72618 0
72619 0
72620 0
72621 0
72622 1
72623 1
72624 1
72625 0
72626 1
72627 1
72628 0
72629 0
72630 0
72631 0
72632 0
72633 0
72634 1
72635 0
72636 1
72637 1
72638 0
72639 0
72640 1
72641 1
72642 0
72643 1
72644 1
72645 0
72646 0
72647 1
72648 0
72649 1
72650 0
72651 0
72652 1
72653 1
72654 0
72655 0
72656 1
72657 0
72658 1
72659 1
72660 0
72661 0
72662 1
72663 0
72664 1
72665 0
72666 0
72667 1
72668 0
72669 1
72670 1
72671 0
72672 1
72673 0
72674 0
72675 0
72676 1
72677 1
72678 0
72679 1
72680 0
72681 0
72682 0
72683 0
72684 1
72685 1
72686 0
72687 0
72688 0
72689 1
72690 1
72691 0
72692 0
72693 0
72694 0
72695 1
72696 1
72697 0
72698 0
72699 1
72700 0
72701 1
72702 1
72703 1
72704 1
72705 1
72706 1
72707 0
72708 1
72709 0
72710 0
72711 0
72712 0
72713 1
72714 1
72715 1
72716 0
72717 0
72718 1
72719 0
72720 0
72721 1
72722 0
72723 1
72724 1
72725 0
72726 1
72727 0
72728 0
72729 1
72730 0
72731 1
72732 1
72733 0
72734 1
72735 0
72736 0
72737 1
72738 0
72739 1
72740 0
72741 0
72742 1
72743 0
72744 0
72745 0
72746 0
72747 1
72748 0
72749 1
72750 1
72751 1
72752 0
72753 1
72754 0
72755 1
72756 1
72757 1
72758 0
72759 0
72760 0
72761 0
72762 0
72763 1
72764 1
72765 1
72766 1
72767 1
72768 1
72769 0
72770 0
72771 0
72772 1
72773 0
72774 0
72775 0
72776 0
72777 0
72778 1
72779 0
72780 0
72781 0
72782 1
72783 0
72784 1
72785 0
72786 0
72787 0
72788 1
72789 1
72790 0
72791 0
72792 0
72793 1
72794 1
72795 0
72796 1
72797 0
72798 1
72799 0
72800 1
72801 1
72802 1
72803 0
72804 1
72805 0
72806 0
72807 1
72808 0
72809 1
72810 1
72811 1
72812 1
72813 0
72814 0
72815 0
72816 1
72817 0
72818 0
72819 0
72820 0
72821 0
72822 0
72823 0
72824 1
72825 0
72826 1
72827 0
72828 1
72829 0
72830 0
72831 0
72832 1
72833 1
72834 1
72835 0
72836 1
72837 1
72838 0
72839 1
72840 0
72841 1
72842 0
72843 0
72844 1
72845 0
72846 1
72847 1
72848 0
72849 0
72850 0
72851 0
72852 0
72853 1
72854 0
72855 1
72856 0
72857 1
72858 0
72859 0
72860 0
72861 1
72862 1
72863 0
72864 0
72865 1
72866 1
72867 1
72868 0
72869 1
72870 0
72871 1
72872 0
72873 1
72874 1
72875 1
72876 1
72877 1
72878 0
72879 1
72880 1
72881 1
72882 1
72883 1
72884 1
72885 1
72886 0
72887 0
72888 1
72889 0
72890 1
72891 1
72892 1
72893 1
72894 1
72895 1
72896 1
72897 1
72898 0
72899 0
72900 1
72901 0
72902 1
72903 0
72904 1
72905 1
72906 1
72907 0
72908 0
72909 0
72910 0
72911 0
72912 0
72913 1
72914 0
72915 0
72916 1
72917 1
72918 0
72919 0
72920 1
72921 1
72922 1
72923 0
72924 0
72925 0
72926 1
72927 0
72928 0
72929 1
72930 0
72931 1
72932 0
72933 0
72934 1
72935 1
72936 0
72937 0
72938 0
72939 0
72940 0
72941 1
72942 1
72943 1
72944 0
72945 0
72946 0
72947 0
72948 1
72949 1
72950 0
72951 1
72952 0
72953 0
72954 0
72955 1
72956 1
72957 0
72958 1
72959 0
72960 0
72961 1
72962 0
72963 1
72964 1
72965 1
72966 0
72967 0
72968 1
72969 1
72970 1
72971 1
72972 1
72973 1
72974 1
72975 0
72976 0
72977 1
72978 0
72979 1
72980 0
72981 1
72982 1
72983 0
72984 1
72985 0
72986 1
72987 1
72988 0
72989 0
72990 0
72991 0
72992 0
72993 0
72994 0
72995 0
72996 0
72997 1
72998 1
72999 0
73000 1
73001 1
73002 1
73003 0
73004 0
73005 0
73006 0
73007 0
73008 0
73009 0
73010 0
73011 0
73012 1
73013 0
73014 0
73015 1
73016 1
73017 1
73018 0
73019 0
73020 0
73021 1
73022 1
73023 0
73024 1
73025 0
73026 1
73027 1
73028 0
73029 0
73030 0
73031 1
73032 0
73033 1
73034 1
73035 1
73036 1
73037 0
73038 1
73039 1
73040 0
73041 0
73042 1
73043 1
73044 1
73045 1
73046 0
73047 0
73048 0
73049 1
73050 0
73051 0
73052 0
73053 1
73054 1
73055 0
73056 0
73057 0
73058 0
73059 1
73060 0
73061 0
73062 0
73063 1
73064 0
73065 0
73066 1
73067 1
73068 1
73069 1
73070 1
73071 0
73072 0
73073 1
73074 0
73075 0
73076 0
73077 1
73078 0
73079 1
73080 0
73081 0
73082 0
73083 1
73084 1
73085 0
73086 1
73087 0
73088 1
73089 0
73090 1
73091 1
73092 1
73093 1
73094 1
73095 0
73096 0
73097 0
73098 0
73099 0
73100 1
73101 1
73102 1
73103 0
73104 0
73105 1
73106 1
73107 0
73108 1
73109 0
73110 0
73111 1
73112 1
73113 1
73114 1
73115 0
73116 0
73117 1
73118 0
73119 1
73120 0
73121 0
73122 0
73123 0
73124 1
73125 1
73126 0
73127 1
73128 1
73129 1
73130 0
73131 1
73132 1
73133 1
73134 1
73135 0
73136 0
73137 0
73138 1
73139 0
73140 1
73141 0
73142 0
73143 1
73144 0
73145 1
73146 0
73147 1
73148 1
73149 1
73150 1
73151 1
73152 0
73153 1
73154 0
73155 1
73156 1
73157 0
73158 0
73159 0
73160 1
73161 1
73162 1
73163 1
73164 0
73165 0
73166 1
73167 1
73168 1
73169 1
73170 0
73171 0
73172 1
73173 0
73174 0
73175 0
73176 1
73177 0
73178 1
73179 1
73180 0
73181 0
73182 1
73183 0
73184 0
73185 0
73186 0
73187 0
73188 1
73189 1
73190 0
73191 1
73192 1
73193 0
73194 1
73195 1
73196 1
73197 0
73198 1
73199 0
73200 1
73201 1
73202 0
73203 0
73204 1
73205 0
73206 1
73207 1
73208 0
73209 1
73210 0
73211 1
73212 1
73213 0
73214 1
73215 1
73216 1
73217 0
73218 0
73219 0
73220 1
73221 1
73222 0
73223 0
73224 0
73225 1
73226 1
73227 1
73228 1
73229 1
73230 1
73231 0
73232 0
73233 0
73234 1
73235 0
73236 0
73237 1
73238 1
73239 1
73240 0
73241 0
73242 1
73243 0
73244 0
73245 1
73246 1
73247 1
73248 0
73249 0
73250 0
73251 1
73252 1
73253 1
73254 1
73255 1
73256 0
73257 0
73258 1
73259 0
73260 0
73261 1
73262 1
73263 1
73264 0
73265 0
73266 0
73267 1
73268 0
73269 0
73270 0
73271 1
73272 0
73273 1
73274 1
73275 1
73276 0
73277 0
73278 1
73279 1
73280 1
73281 1
73282 1
73283 0
73284 1
73285 1
73286 1
73287 1
73288 1
73289 0
73290 1
73291 1
73292 0
73293 1
73294 0
73295 0
73296 1
73297 0
73298 1
73299 1
73300 0
73301 0
73302 1
73303 0
73304 0
73305 1
73306 1
73307 1
73308 1
73309 1
73310 0
73311 1
73312 1
73313 0
73314 0
73315 0
73316 0
73317 1
73318 1
73319 1
73320 0
73321 1
73322 0
73323 0
73324 1
73325 1
73326 1
73327 1
73328 1
73329 0
73330 1
73331 0
73332 0
73333 1
73334 0
73335 0
73336 1
73337 1
73338 0
73339 1
73340 1
73341 1
73342 0
73343 0
73344 0
73345 0
73346 0
73347 1
73348 1
73349 1
73350 0
73351 0
73352 1
73353 1
73354 1
73355 1
73356 0
73357 1
73358 0
73359 0
73360 0
73361 1
73362 0
73363 0
73364 1
73365 1
73366 0
73367 0
73368 0
73369 0
73370 0
73371 0
73372 1
73373 1
73374 1
73375 0
73376 0
73377 0
73378 1
73379 0
73380 0
73381 1
73382 1
73383 1
73384 0
73385 1
73386 0
73387 1
73388 0
73389 1
73390 0
73391 1
73392 0
73393 0
73394 1
73395 1
73396 1
73397 0
73398 1
73399 1
73400 0
73401 1
73402 1
73403 1
73404 0
73405 1
73406 0
73407 0
73408 0
73409 1
73410 1
73411 1
73412 1
73413 1
73414 0
73415 1
73416 1
73417 0
73418 0
73419 1
73420 1
73421 1
73422 0
73423 1
73424 1
73425 0
73426 1
73427 1
73428 0
73429 1
73430 1
73431 1
73432 0
73433 1
73434 1
73435 1
73436 1
73437 0
73438 1
73439 0
73440 0
73441 0
73442 0
73443 0
73444 1
73445 0
73446 0
73447 1
73448 1
73449 0
73450 1
73451 1
73452 0
73453 0
73454 0
73455 0
73456 1
73457 0
73458 1
73459 1
73460 0
73461 1
73462 1
73463 1
73464 0
73465 1
73466 1
73467 1
73468 0
73469 0
73470 0
73471 0
73472 0
73473 1
73474 1
73475 0
73476 1
73477 1
73478 0
73479 1
73480 1
73481 0
73482 1
73483 1
73484 0
73485 1
73486 1
73487 1
73488 1
73489 0
73490 0
73491 1
73492 0
73493 1
73494 1
73495 1
73496 1
73497 0
73498 0
73499 0
73500 1
73501 0
73502 1
73503 0
73504 1
73505 1
73506 0
73507 1
73508 0
73509 1
73510 0
73511 0
73512 0
73513 0
73514 0
73515 0
73516 0
73517 0
73518 1
73519 1
73520 0
73521 0
73522 0
73523 1
73524 0
73525 1
73526 1
73527 1
73528 0
73529 1
73530 1
73531 0
73532 1
73533 1
73534 0
73535 1
73536 0
73537 1
73538 1
73539 1
73540 0
73541 1
73542 1
73543 1
73544 1
73545 0
73546 0
73547 0
73548 0
73549 0
73550 0
73551 1
73552 0
73553 1
73554 1
73555 1
73556 0
73557 1
73558 0
73559 1
73560 1
73561 0
73562 0
73563 0
73564 1
73565 0
73566 1
73567 0
73568 0
73569 1
73570 0
73571 1
73572 1
73573 0
73574 1
73575 1
73576 1
73577 1
73578 0
73579 1
73580 0
73581 1
73582 0
73583 0
73584 0
73585 1
73586 0
73587 1
73588 1
73589 1
73590 0
73591 1
73592 1
73593 0
73594 1
73595 0
73596 1
73597 0
73598 1
73599 0
73600 1
73601 0
73602 0
73603 1
73604 1
73605 1
73606 1
73607 0
73608 1
73609 1
73610 0
73611 0
73612 0
73613 1
73614 0
73615 0
73616 0
73617 1
73618 0
73619 0
73620 0
73621 1
73622 1
73623 0
73624 1
73625 1
73626 1
73627 1
73628 1
73629 0
73630 1
73631 1
73632 1
73633 0
73634 1
73635 0
73636 0
73637 1
73638 0
73639 0
73640 1
73641 1
73642 1
73643 0
73644 1
73645 0
73646 1
73647 1
73648 1
73649 1
73650 0
73651 1
73652 1
73653 1
73654 0
73655 0
73656 1
73657 1
73658 1
73659 0
73660 0
73661 0
73662 1
73663 0
73664 1
73665 0
73666 0
73667 1
73668 1
73669 0
73670 0
73671 1
73672 1
73673 1
73674 1
73675 1
73676 1
73677 0
73678 0
73679 0
73680 0
73681 0
73682 1
73683 1
73684 0
73685 0
73686 1
73687 1
73688 1
73689 1
73690 1
73691 1
73692 0
73693 1
73694 1
73695 1
73696 1
73697 1
73698 1
73699 0
73700 0
73701 1
73702 1
73703 1
73704 0
73705 0
73706 0
73707 0
73708 0
73709 0
73710 1
73711 1
73712 1
73713 1
73714 1
73715 1
73716 1
73717 1
73718 1
73719 0
73720 0
73721 0
73722 0
73723 1
73724 0
73725 0
73726 0
73727 1
73728 0
73729 0
73730 0
73731 0
73732 1
73733 1
73734 0
73735 0
73736 0
73737 1
73738 0
73739 0
73740 1
73741 0
73742 1
73743 0
73744 1
73745 1
73746 0
73747 0
73748 0
73749 1
73750 0
73751 1
73752 0
73753 0
73754 0
73755 0
73756 1
73757 1
73758 1
73759 0
73760 1
73761 1
73762 1
73763 1
73764 0
73765 1
73766 1
73767 0
73768 0
73769 1
73770 0
73771 0
73772 1
73773 0
73774 0
73775 1
73776 0
73777 0
73778 1
73779 0
73780 0
73781 0
73782 0
73783 0
73784 1
73785 1
73786 1
73787 0
73788 0
73789 0
73790 1
73791 1
73792 1
73793 1
73794 0
73795 0
73796 1
73797 0
73798 1
73799 1
73800 1
73801 0
73802 1
73803 1
73804 1
73805 1
73806 0
73807 1
73808 0
73809 0
73810 1
73811 0
73812 0
73813 0
73814 1
73815 1
73816 0
73817 1
73818 1
73819 1
73820 0
73821 1
73822 1
73823 1
73824 1
73825 0
73826 1
73827 0
73828 1
73829 1
73830 1
73831 1
73832 0
73833 1
73834 1
73835 1
73836 0
73837 1
73838 0
73839 1
73840 1
73841 0
73842 1
73843 0
73844 0
73845 0
73846 1
73847 0
73848 1
73849 1
73850 0
73851 0
73852 1
73853 1
73854 0
73855 1
73856 1
73857 1
73858 0
73859 1
73860 0
73861 1
73862 1
73863 0
73864 1
73865 0
73866 1
73867 0
73868 1
73869 1
73870 1
73871 1
73872 0
73873 0
73874 1
73875 0
73876 1
73877 0
73878 0
73879 0
73880 1
73881 1
73882 1
73883 1
73884 1
73885 1
73886 0
73887 0
73888 0
73889 0
73890 1
73891 1
73892 1
73893 1
73894 1
73895 0
73896 0
73897 1
73898 0
73899 1
73900 1
73901 0
73902 0
73903 0
73904 1
73905 0
73906 1
73907 0
73908 0
73909 0
73910 0
73911 0
73912 1
73913 1
73914 0
73915 1
73916 1
73917 1
73918 0
73919 0
73920 0
73921 1
73922 1
73923 0
73924 1
73925 1
73926 0
73927 0
73928 1
73929 0
73930 0
73931 1
73932 0
73933 1
73934 1
73935 1
73936 0
73937 0
73938 0
73939 0
73940 1
73941 0
73942 1
73943 0
73944 1
73945 0
73946 1
73947 1
73948 1
73949 1
73950 0
73951 0
73952 1
73953 0
73954 0
73955 0
73956 1
73957 1
73958 1
73959 0
73960 0
73961 0
73962 0
73963 1
73964 1
73965 0
73966 1
73967 1
73968 1
73969 0
73970 0
73971 0
73972 0
73973 0
73974 1
73975 0
73976 0
73977 0
73978 0
73979 1
73980 1
73981 0
73982 0
73983 0
73984 0
73985 1
73986 1
73987 1
73988 0
73989 1
73990 0
73991 0
73992 1
73993 0
73994 0
73995 1
73996 1
73997 0
73998 1
73999 0
74000 1
74001 0
74002 1
74003 1
74004 0
74005 1
74006 0
74007 0
74008 1
74009 0
74010 1
74011 1
74012 1
74013 0
74014 0
74015 0
74016 0
74017 0
74018 1
74019 0
74020 1
74021 0
74022 0
74023 1
74024 0
74025 1
74026 0
74027 0
74028 0
74029 1
74030 1
74031 1
74032 1
74033 0
74034 1
74035 0
74036 1
74037 0
74038 0
74039 1
74040 0
74041 0
74042 0
74043 0
74044 0
74045 0
74046 1
74047 0
74048 0
74049 1
74050 0
74051 0
74052 1
74053 1
74054 0
74055 1
74056 0
74057 1
74058 0
74059 1
74060 0
74061 1
74062 0
74063 1
74064 1
74065 0
74066 0
74067 1
74068 1
74069 1
74070 0
74071 0
74072 0
74073 1
74074 1
74075 0
74076 0
74077 0
74078 0
74079 1
74080 0
74081 0
74082 1
74083 1
74084 0
74085 0
74086 1
74087 1
74088 1
74089 0
74090 1
74091 0
74092 1
74093 1
74094 0
74095 0
74096 1
74097 1
74098 0
74099 0
74100 1
74101 0
74102 1
74103 0
74104 0
74105 0
74106 0
74107 0
74108 1
74109 1
74110 1
74111 1
74112 1
74113 0
74114 1
74115 0
74116 1
74117 1
74118 1
74119 0
74120 0
74121 1
74122 0
74123 0
74124 1
74125 0
74126 0
74127 1
74128 0
74129 1
74130 1
74131 1
74132 0
74133 1
74134 0
74135 1
74136 1
74137 0
74138 0
74139 0
74140 0
74141 0
74142 0
74143 1
74144 0
74145 1
74146 0
74147 1
74148 0
74149 0
74150 0
74151 0
74152 0
74153 0
74154 1
74155 1
74156 1
74157 1
74158 1
74159 1
74160 1
74161 1
74162 0
74163 1
74164 0
74165 1
74166 0
74167 1
74168 1
74169 0
74170 0
74171 0
74172 0
74173 1
74174 0
74175 1
74176 0
74177 1
74178 0
74179 0
74180 0
74181 1
74182 0
74183 0
74184 0
74185 1
74186 0
74187 1
74188 1
74189 0
74190 0
74191 1
74192 1
74193 0
74194 1
74195 0
74196 1
74197 1
74198 1
74199 1
74200 0
74201 1
74202 1
74203 0
74204 0
74205 1
74206 1
74207 0
74208 0
74209 0
74210 1
74211 1
74212 0
74213 0
74214 0
74215 1
74216 0
74217 1
74218 0
74219 1
74220 0
74221 0
74222 1
74223 1
74224 0
74225 1
74226 1
74227 1
74228 0
74229 1
74230 0
74231 0
74232 0
74233 1
74234 0
74235 0
74236 1
74237 1
74238 1
74239 0
74240 0
74241 1
74242 0
74243 0
74244 0
74245 0
74246 0
74247 1
74248 0
74249 1
74250 0
74251 1
74252 1
74253 1
74254 0
74255 1
74256 1
74257 1
74258 0
74259 0
74260 0
74261 1
74262 1
74263 1
74264 0
74265 1
74266 1
74267 0
74268 1
74269 0
74270 0
74271 1
74272 0
74273 1
74274 1
74275 1
74276 1
74277 0
74278 1
74279 1
74280 0
74281 0
74282 0
74283 0
74284 1
74285 1
74286 1
74287 1
74288 1
74289 1
74290 0
74291 0
74292 1
74293 0
74294 1
74295 0
74296 0
74297 1
74298 1
74299 1
74300 1
74301 0
74302 1
74303 1
74304 1
74305 1
74306 0
74307 0
74308 1
74309 1
74310 0
74311 1
74312 1
74313 1
74314 1
74315 1
74316 0
74317 0
74318 0
74319 1
74320 0
74321 1
74322 1
74323 0
74324 0
74325 0
74326 1
74327 0
74328 1
74329 1
74330 0
74331 1
74332 1
74333 1
74334 0
74335 1
74336 0
74337 1
74338 0
74339 1
74340 1
74341 0
74342 1
74343 0
74344 0
74345 0
74346 0
74347 0
74348 1
74349 0
74350 1
74351 0
74352 0
74353 0
74354 0
74355 0
74356 1
74357 0
74358 1
74359 0
74360 1
74361 1
74362 1
74363 0
74364 0
74365 1
74366 1
74367 1
74368 0
74369 0
74370 1
74371 0
74372 1
74373 1
74374 0
74375 1
74376 0
74377 0
74378 1
74379 0
74380 1
74381 1
74382 0
74383 0
74384 1
74385 1
74386 1
74387 1
74388 0
74389 0
74390 0
74391 1
74392 0
74393 1
74394 1
74395 0
74396 1
74397 0
74398 1
74399 0
74400 1
74401 0
74402 0
74403 0
74404 0
74405 0
74406 1
74407 0
74408 1
74409 0
74410 0
74411 1
74412 1
74413 0
74414 0
74415 0
74416 0
74417 0
74418 0
74419 0
74420 1
74421 0
74422 1
74423 0
74424 0
74425 1
74426 0
74427 1
74428 1
74429 1
74430 0
74431 1
74432 0
74433 1
74434 0
74435 1
74436 1
74437 0
74438 1
74439 1
74440 1
74441 0
74442 1
74443 0
74444 1
74445 1
74446 1
74447 1
74448 1
74449 0
74450 1
74451 0
74452 1
74453 1
74454 1
74455 0
74456 0
74457 0
74458 1
74459 0
74460 1
74461 1
74462 1
74463 0
74464 0
74465 0
74466 1
74467 0
74468 1
74469 1
74470 1
74471 0
74472 1
74473 0
74474 0
74475 1
74476 0
74477 1
74478 0
74479 0
74480 1
74481 0
74482 0
74483 1
74484 0
74485 0
74486 1
74487 0
74488 1
74489 1
74490 0
74491 0
74492 0
74493 0
74494 1
74495 1
74496 0
74497 1
74498 0
74499 1
74500 1
74501 1
74502 1
74503 0
74504 1
74505 0
74506 0
74507 1
74508 1
74509 1
74510 0
74511 1
74512 0
74513 1
74514 1
74515 1
74516 0
74517 0
74518 0
74519 0
74520 1
74521 0
74522 1
74523 0
74524 1
74525 1
74526 0
74527 0
74528 0
74529 0
74530 0
74531 1
74532 0
74533 1
74534 0
74535 0
74536 1
74537 0
74538 0
74539 0
74540 1
74541 1
74542 1
74543 0
74544 0
74545 0
74546 1
74547 0
74548 0
74549 0
74550 1
74551 1
74552 0
74553 0
74554 0
74555 1
74556 1
74557 0
74558 1
74559 1
74560 0
74561 0
74562 0
74563 1
74564 0
74565 0
74566 0
74567 1
74568 1
74569 0
74570 1
74571 0
74572 0
74573 0
74574 1
74575 1
74576 1
74577 0
74578 0
74579 1
74580 1
74581 1
74582 0
74583 0
74584 0
74585 0
74586 1
74587 1
74588 0
74589 1
74590 0
74591 1
74592 0
74593 1
74594 1
74595 1
74596 1
74597 1
74598 1
74599 0
74600 0
74601 0
74602 0
74603 1
74604 1
74605 1
74606 0
74607 1
74608 1
74609 1
74610 1
74611 1
74612 0
74613 0
74614 1
74615 0
74616 0
74617 0
74618 0
74619 0
74620 0
74621 0
74622 0
74623 0
74624 0
74625 1
74626 0
74627 1
74628 1
74629 0
74630 1
74631 0
74632 0
74633 1
74634 0
74635 1
74636 1
74637 1
74638 1
74639 0
74640 0
74641 1
74642 0
74643 0
74644 0
74645 1
74646 0
74647 0
74648 1
74649 1
74650 0
74651 1
74652 1
74653 1
74654 1
74655 0
74656 1
74657 0
74658 0
74659 1
74660 0
74661 0
74662 1
74663 1
74664 0
74665 0
74666 1
74667 0
74668 1
74669 0
74670 1
74671 0
74672 0
74673 0
74674 0
74675 0
74676 0
74677 0
74678 1
74679 0
74680 1
74681 0
74682 1
74683 1
74684 0
74685 0
74686 1
74687 0
74688 1
74689 0
74690 0
74691 1
74692 0
74693 1
74694 0
74695 1
74696 0
74697 1
74698 0
74699 0
74700 1
74701 1
74702 0
74703 1
74704 1
74705 0
74706 0
74707 0
74708 0
74709 0
74710 1
74711 0
74712 0
74713 1
74714 1
74715 1
74716 1
74717 0
74718 1
74719 0
74720 0
74721 1
74722 0
74723 1
74724 0
74725 0
74726 1
74727 0
74728 1
74729 1
74730 1
74731 1
74732 1
74733 0
74734 0
74735 1
74736 0
74737 0
74738 1
74739 1
74740 0
74741 1
74742 0
74743 0
74744 1
74745 1
74746 1
74747 1
74748 1
74749 0
74750 0
74751 1
74752 1
74753 1
74754 0
74755 1
74756 0
74757 0
74758 0
74759 0
74760 0
74761 0
74762 0
74763 1
74764 1
74765 1
74766 1
74767 0
74768 1
74769 0
74770 0
74771 0
74772 1
74773 1
74774 0
74775 1
74776 1
74777 0
74778 0
74779 1
74780 0
74781 1
74782 0
74783 1
74784 0
74785 0
74786 1
74787 1
74788 0
74789 1
74790 0
74791 1
74792 1
74793 0
74794 1
74795 1
74796 0
74797 1
74798 1
74799 0
74800 0
74801 1
74802 0
74803 0
74804 0
74805 1
74806 0
74807 0
74808 0
74809 1
74810 1
74811 0
74812 1
74813 0
74814 0
74815 1
74816 1
74817 0
74818 1
74819 1
74820 0
74821 1
74822 0
74823 1
74824 0
74825 0
74826 0
74827 0
74828 0
74829 1
74830 0
74831 1
74832 0
74833 1
74834 0
74835 1
74836 0
74837 1
74838 0
74839 0
74840 1
74841 1
74842 1
74843 1
74844 1
74845 0
74846 1
74847 1
74848 1
74849 1
74850 1
74851 1
74852 1
74853 0
74854 1
74855 1
74856 0
74857 0
74858 1
74859 0
74860 0
74861 0
74862 1
74863 0
74864 1
74865 1
74866 0
74867 0
74868 1
74869 1
74870 1
74871 0
74872 1
74873 1
74874 1
74875 1
74876 1
74877 1
74878 1
74879 0
74880 0
74881 0
74882 1
74883 0
74884 0
74885 0
74886 1
74887 0
74888 0
74889 1
74890 0
74891 0
74892 1
74893 1
74894 1
74895 1
74896 0
74897 1
74898 1
74899 0
74900 0
74901 0
74902 1
74903 1
74904 0
74905 1
74906 1
74907 1
74908 1
74909 1
74910 0
74911 1
74912 1
74913 0
74914 0
74915 1
74916 0
74917 0
74918 0
74919 1
74920 1
74921 1
74922 0
74923 1
74924 0
74925 0
74926 0
74927 0
74928 1
74929 1
74930 1
74931 1
74932 0
74933 0
74934 0
74935 0
74936 0
74937 0
74938 1
74939 0
74940 1
74941 1
74942 0
74943 0
74944 1
74945 0
74946 1
74947 0
74948 0
74949 0
74950 0
74951 0
74952 1
74953 1
74954 0
74955 0
74956 0
74957 0
74958 0
74959 0
74960 1
74961 1
74962 0
74963 1
74964 0
74965 0
74966 1
74967 1
74968 0
74969 1
74970 0
74971 0
74972 1
74973 0
74974 0
74975 0
74976 0
74977 0
74978 0
74979 1
74980 1
74981 0
74982 1
74983 1
74984 1
74985 1
74986 1
74987 1
74988 0
74989 0
74990 1
74991 0
74992 1
74993 1
74994 0
74995 0
74996 1
74997 1
74998 0
74999 1
75000 0
75001 0
75002 0
75003 1
75004 0
75005 1
75006 1
75007 0
75008 1
75009 1
75010 0
75011 1
75012 1
75013 1
75014 0
75015 0
75016 0
75017 0
75018 0
75019 1
75020 1
75021 0
75022 0
75023 0
75024 0
75025 0
75026 0
75027 1
75028 0
75029 0
75030 0
75031 0
75032 1
75033 0
75034 1
75035 0
75036 0
75037 1
75038 1
75039 1
75040 0
75041 1
75042 1
75043 1
75044 0
75045 1
75046 0
75047 0
75048 0
75049 0
75050 1
75051 0
75052 1
75053 1
75054 1
75055 1
75056 1
75057 0
75058 0
75059 1
75060 1
75061 1
75062 1
75063 1
75064 0
75065 1
75066 0
75067 0
75068 0
75069 1
75070 1
75071 1
75072 0
75073 1
75074 0
75075 0
75076 1
75077 1
75078 0
75079 0
75080 0
75081 1
75082 0
75083 0
75084 0
75085 0
75086 0
75087 0
75088 0
75089 0
75090 1
75091 0
75092 1
75093 0
75094 0
75095 0
75096 1
75097 0
75098 0
75099 0
75100 1
75101 1
75102 1
75103 0
75104 0
75105 0
75106 0
75107 0
75108 1
75109 0
75110 0
75111 0
75112 1
75113 0
75114 0
75115 1
75116 1
75117 0
75118 1
75119 1
75120 1
75121 0
75122 0
75123 0
75124 0
75125 1
75126 1
75127 1
75128 1
75129 0
75130 0
75131 1
75132 0
75133 1
75134 1
75135 1
75136 1
75137 1
75138 0
75139 0
75140 1
75141 1
75142 0
75143 0
75144 0
75145 0
75146 0
75147 0
75148 1
75149 1
75150 1
75151 1
75152 0
75153 0
75154 0
75155 0
75156 1
75157 0
75158 0
75159 1
75160 1
75161 1
75162 0
75163 0
75164 1
75165 1
75166 0
75167 1
75168 1
75169 1
75170 1
75171 1
75172 0
75173 0
75174 1
75175 1
75176 1
75177 1
75178 1
75179 0
75180 0
75181 0
75182 0
75183 0
75184 0
75185 0
75186 0
75187 0
75188 0
75189 0
75190 0
75191 0
75192 1
75193 1
75194 0
75195 0
75196 0
75197 1
75198 1
75199 0
75200 1
75201 0
75202 1
75203 1
75204 1
75205 0
75206 0
75207 0
75208 0
75209 1
75210 0
75211 1
75212 1
75213 1
75214 0
75215 0
75216 0
75217 1
75218 1
75219 0
75220 1
75221 0
75222 0
75223 0
75224 1
75225 0
75226 0
75227 0
75228 0
75229 0
75230 1
75231 0
75232 0
75233 0
75234 0
75235 0
75236 1
75237 0
75238 0
75239 0
75240 0
75241 1
75242 0
75243 0
75244 0
75245 1
75246 1
75247 0
75248 0
75249 1
75250 0
75251 0
75252 0
75253 0
75254 0
75255 1
75256 0
75257 1
75258 0
75259 1
75260 0
75261 0
75262 1
75263 0
75264 0
75265 0
75266 0
75267 0
75268 0
75269 0
75270 1
75271 0
75272 1
75273 1
75274 1
75275 0
75276 1
75277 1
75278 1
75279 1
75280 1
75281 0
75282 1
75283 0
75284 1
75285 0
75286 0
75287 0
75288 0
75289 1
75290 0
75291 1
75292 1
75293 1
75294 1
75295 0
75296 1
75297 0
75298 1
75299 1
75300 0
75301 1
75302 1
75303 0
75304 1
75305 0
75306 1
75307 1
75308 0
75309 0
75310 0
75311 1
75312 0
75313 1
75314 0
75315 0
75316 0
75317 1
75318 1
75319 0
75320 0
75321 0
75322 0
75323 1
75324 0
75325 0
75326 1
75327 1
75328 1
75329 1
75330 1
75331 1
75332 0
75333 0
75334 1
75335 1
75336 0
75337 0
75338 1
75339 0
75340 1
75341 0
75342 0
75343 0
75344 0
75345 1
75346 1
75347 1
75348 1
75349 1
75350 1
75351 0
75352 1
75353 0
75354 1
75355 1
75356 1
75357 0
75358 0
75359 1
75360 0
75361 1
75362 0
75363 0
75364 1
75365 1
75366 0
75367 0
75368 0
75369 1
75370 0
75371 0
75372 1
75373 1
75374 0
75375 0
75376 0
75377 1
75378 0
75379 0
75380 1
75381 1
75382 0
75383 1
75384 0
75385 0
75386 0
75387 0
75388 0
75389 1
75390 1
75391 0
75392 0
75393 1
75394 1
75395 0
75396 1
75397 1
75398 0
75399 1
75400 0
75401 1
75402 0
75403 0
75404 0
75405 1
75406 0
75407 1
75408 1
75409 1
75410 0
75411 0
75412 0
75413 1
75414 1
75415 0
75416 1
75417 1
75418 0
75419 1
75420 1
75421 1
75422 1
75423 0
75424 0
75425 0
75426 1
75427 0
75428 0
75429 0
75430 1
75431 1
75432 1
75433 0
75434 0
75435 1
75436 1
75437 0
75438 0
75439 0
75440 0
75441 0
75442 0
75443 1
75444 0
75445 0
75446 1
75447 0
75448 0
75449 1
75450 1
75451 1
75452 0
75453 0
75454 0
75455 1
75456 0
75457 0
75458 1
75459 0
75460 0
75461 0
75462 1
75463 0
75464 0
75465 1
75466 1
75467 1
75468 0
75469 1
75470 0
75471 0
75472 0
75473 0
75474 0
75475 0
75476 0
75477 0
75478 1
75479 1
75480 1
75481 0
75482 1
75483 0
75484 0
75485 0
75486 1
75487 1
75488 0
75489 1
75490 1
75491 0
75492 0
75493 0
75494 0
75495 1
75496 1
75497 1
75498 0
75499 1
75500 0
75501 1
75502 0
75503 0
75504 0
75505 0
75506 0
75507 1
75508 1
75509 1
75510 0
75511 1
75512 1
75513 1
75514 0
75515 1
75516 1
75517 1
75518 1
75519 0
75520 1
75521 1
75522 1
75523 0
75524 0
75525 0
75526 0
75527 1
75528 1
75529 0
75530 0
75531 0
75532 0
75533 0
75534 1
75535 0
75536 1
75537 0
75538 1
75539 0
75540 1
75541 0
75542 0
75543 1
75544 0
75545 0
75546 1
75547 0
75548 0
75549 0
75550 0
75551 0
75552 1
75553 0
75554 0
75555 0
75556 0
75557 1
75558 0
75559 1
75560 1
75561 0
75562 1
75563 0
75564 1
75565 1
75566 0
75567 1
75568 1
75569 1
75570 1
75571 0
75572 1
75573 1
75574 0
75575 0
75576 0
75577 1
75578 0
75579 0
75580 0
75581 0
75582 0
75583 0
75584 1
75585 1
75586 0
75587 1
75588 0
75589 1
75590 1
75591 1
75592 1
75593 0
75594 1
75595 1
75596 0
75597 1
75598 0
75599 0
75600 1
75601 0
75602 1
75603 1
75604 1
75605 0
75606 1
75607 0
75608 0
75609 0
75610 0
75611 1
75612 0
75613 0
75614 0
75615 1
75616 1
75617 0
75618 0
75619 1
75620 1
75621 1
75622 1
75623 0
75624 1
75625 1
75626 1
75627 0
75628 1
75629 1
75630 1
75631 0
75632 0
75633 1
75634 0
75635 0
75636 0
75637 0
75638 1
75639 1
75640 1
75641 0
75642 1
75643 0
75644 1
75645 1
75646 0
75647 0
75648 1
75649 1
75650 1
75651 1
75652 1
75653 0
75654 0
75655 1
75656 1
75657 1
75658 0
75659 1
75660 1
75661 0
75662 1
75663 0
75664 1
75665 0
75666 1
75667 0
75668 1
75669 1
75670 1
75671 0
75672 1
75673 0
75674 1
75675 1
75676 0
75677 1
75678 0
75679 1
75680 0
75681 0
75682 0
75683 1
75684 1
75685 0
75686 1
75687 0
75688 1
75689 1
75690 1
75691 1
75692 1
75693 0
75694 1
75695 0
75696 0
75697 0
75698 1
75699 1
75700 0
75701 0
75702 0
75703 0
75704 0
75705 1
75706 1
75707 0
75708 0
75709 0
75710 1
75711 1
75712 0
75713 0
75714 0
75715 0
75716 0
75717 1
75718 0
75719 1
75720 1
75721 0
75722 0
75723 0
75724 0
75725 0
75726 0
75727 1
75728 0
75729 1
75730 1
75731 0
75732 1
75733 1
75734 1
75735 1
75736 1
75737 0
75738 1
75739 0
75740 0
75741 0
75742 0
75743 0
75744 1
75745 0
75746 1
75747 1
75748 0
75749 1
75750 1
75751 1
75752 1
75753 1
75754 1
75755 0
75756 0
75757 1
75758 0
75759 0
75760 1
75761 1
75762 1
75763 0
75764 1
75765 0
75766 0
75767 0
75768 1
75769 1
75770 1
75771 1
75772 0
75773 1
75774 0
75775 0
75776 0
75777 1
75778 1
75779 1
75780 0
75781 1
75782 0
75783 1
75784 0
75785 0
75786 1
75787 1
75788 1
75789 1
75790 0
75791 0
75792 1
75793 0
75794 0
75795 1
75796 1
75797 0
75798 0
75799 1
75800 0
75801 1
75802 0
75803 0
75804 1
75805 0
75806 0
75807 1
75808 1
75809 1
75810 1
75811 1
75812 0
75813 0
75814 0
75815 0
75816 0
75817 1
75818 0
75819 1
75820 1
75821 0
75822 1
75823 1
75824 1
75825 1
75826 0
75827 0
75828 1
75829 1
75830 1
75831 1
75832 0
75833 1
75834 1
75835 0
75836 0
75837 1
75838 0
75839 1
75840 0
75841 0
75842 0
75843 0
75844 1
75845 1
75846 0
75847 1
75848 0
75849 1
75850 1
75851 1
75852 0
75853 0
75854 0
75855 1
75856 1
75857 0
75858 0
75859 1
75860 1
75861 0
75862 0
75863 0
75864 1
75865 1
75866 1
75867 0
75868 0
75869 1
75870 0
75871 0
75872 1
75873 0
75874 1
75875 0
75876 0
75877 0
75878 0
75879 1
75880 0
75881 0
75882 1
75883 0
75884 1
75885 1
75886 0
75887 0
75888 0
75889 1
75890 0
75891 0
75892 1
75893 0
75894 0
75895 1
75896 1
75897 0
75898 1
75899 1
75900 0
75901 0
75902 0
75903 0
75904 0
75905 1
75906 1
75907 0
75908 0
75909 0
75910 1
75911 1
75912 1
75913 1
75914 1
75915 0
75916 1
75917 1
75918 1
75919 0
75920 0
75921 1
75922 0
75923 1
75924 0
75925 1
75926 0
75927 1
75928 1
75929 0
75930 1
75931 1
75932 0
75933 0
75934 1
75935 1
75936 0
75937 0
75938 1
75939 1
75940 1
75941 1
75942 1
75943 1
75944 1
75945 0
75946 1
75947 1
75948 0
75949 1
75950 0
75951 1
75952 0
75953 1
75954 0
75955 1
75956 0
75957 1
75958 1
75959 0
75960 1
75961 1
75962 1
75963 0
75964 0
75965 0
75966 0
75967 0
75968 1
75969 1
75970 1
75971 1
75972 1
75973 0
75974 1
75975 0
75976 1
75977 0
75978 0
75979 1
75980 1
75981 0
75982 1
75983 1
75984 1
75985 0
75986 0
75987 0
75988 0
75989 0
75990 0
75991 1
75992 1
75993 0
75994 0
75995 1
75996 1
75997 0
75998 0
75999 1
76000 1
76001 0
76002 1
76003 0
76004 0
76005 0
76006 0
76007 0
76008 1
76009 1
76010 0
76011 1
76012 1
76013 1
76014 1
76015 1
76016 0
76017 1
76018 1
76019 0
76020 1
76021 1
76022 0
76023 0
76024 1
76025 0
76026 0
76027 1
76028 0
76029 1
76030 0
76031 1
76032 1
76033 0
76034 0
76035 1
76036 0
76037 1
76038 0
76039 1
76040 0
76041 0
76042 1
76043 1
76044 1
76045 0
76046 0
76047 0
76048 0
76049 1
76050 0
76051 1
76052 1
76053 0
76054 1
76055 0
76056 0
76057 1
76058 0
76059 1
76060 0
76061 0
76062 0
76063 1
76064 0
76065 1
76066 0
76067 0
76068 1
76069 0
76070 0
76071 0
76072 1
76073 0
76074 0
76075 0
76076 1
76077 1
76078 1
76079 0
76080 1
76081 1
76082 1
76083 1
76084 0
76085 0
76086 1
76087 0
76088 1
76089 0
76090 0
76091 0
76092 0
76093 0
76094 0
76095 0
76096 0
76097 0
76098 1
76099 0
76100 0
76101 1
76102 1
76103 0
76104 1
76105 0
76106 1
76107 0
76108 0
76109 0
76110 0
76111 1
76112 0
76113 0
76114 0
76115 1
76116 0
76117 1
76118 1
76119 1
76120 0
76121 1
76122 1
76123 1
76124 0
76125 1
76126 1
76127 0
76128 1
76129 0
76130 1
76131 0
76132 1
76133 0
76134 0
76135 0
76136 1
76137 0
76138 0
76139 0
76140 1
76141 0
76142 0
76143 1
76144 0
76145 1
76146 1
76147 1
76148 0
76149 0
76150 0
76151 0
76152 0
76153 1
76154 1
76155 1
76156 1
76157 0
76158 0
76159 1
76160 1
76161 0
76162 0
76163 0
76164 1
76165 1
76166 1
76167 1
76168 1
76169 1
76170 1
76171 0
76172 1
76173 0
76174 0
76175 1
76176 1
76177 0
76178 0
76179 1
76180 1
76181 0
76182 1
76183 0
76184 1
76185 0
76186 1
76187 1
76188 0
76189 1
76190 1
76191 1
76192 1
76193 0
76194 1
76195 1
76196 1
76197 0
76198 1
76199 1
76200 1
76201 0
76202 1
76203 0
76204 0
76205 1
76206 0
76207 0
76208 1
76209 0
76210 0
76211 0
76212 0
76213 0
76214 0
76215 1
76216 0
76217 0
76218 1
76219 1
76220 1
76221 1
76222 0
76223 1
76224 1
76225 1
76226 0
76227 1
76228 0
76229 1
76230 0
76231 1
76232 0
76233 1
76234 0
76235 0
76236 1
76237 0
76238 0
76239 0
76240 0
76241 1
76242 1
76243 1
76244 1
76245 0
76246 0
76247 1
76248 1
76249 0
76250 1
76251 0
76252 0
76253 1
76254 1
76255 1
76256 1
76257 1
76258 1
76259 0
76260 1
76261 0
76262 0
76263 1
76264 1
76265 0
76266 1
76267 0
76268 0
76269 0
76270 0
76271 1
76272 0
76273 1
76274 0
76275 1
76276 0
76277 1
76278 0
76279 0
76280 1
76281 0
76282 1
76283 0
76284 0
76285 1
76286 0
76287 0
76288 1
76289 1
76290 1
76291 1
76292 0
76293 1
76294 0
76295 1
76296 1
76297 1
76298 1
76299 1
76300 0
76301 1
76302 1
76303 0
76304 0
76305 0
76306 0
76307 1
76308 1
76309 0
76310 1
76311 1
76312 1
76313 0
76314 0
76315 1
76316 1
76317 1
76318 1
76319 1
76320 0
76321 1
76322 0
76323 0
76324 0
76325 0
76326 1
76327 1
76328 1
76329 0
76330 1
76331 1
76332 0
76333 1
76334 0
76335 0
76336 0
76337 0
76338 0
76339 1
76340 0
76341 0
76342 0
76343 0
76344 1
76345 0
76346 1
76347 0
76348 0
76349 0
76350 0
76351 0
76352 1
76353 0
76354 0
76355 0
76356 0
76357 0
76358 1
76359 0
76360 1
76361 1
76362 0
76363 0
76364 1
76365 1
76366 1
76367 1
76368 0
76369 1
76370 0
76371 0
76372 0
76373 0
76374 1
76375 1
76376 1
76377 1
76378 0
76379 0
76380 1
76381 0
76382 0
76383 0
76384 0
76385 1
76386 0
76387 1
76388 1
76389 1
76390 1
76391 1
76392 0
76393 1
76394 0
76395 1
76396 1
76397 1
76398 0
76399 1
76400 1
76401 0
76402 0
76403 1
76404 1
76405 1
76406 1
76407 0
76408 0
76409 1
76410 0
76411 0
76412 0
76413 1
76414 1
76415 1
76416 0
76417 1
76418 0
76419 0
76420 1
76421 1
76422 0
76423 1
76424 1
76425 0
76426 0
76427 1
76428 0
76429 1
76430 1
76431 1
76432 1
76433 1
76434 1
76435 1
76436 0
76437 1
76438 1
76439 0
76440 1
76441 1
76442 1
76443 0
76444 0
76445 0
76446 0
76447 1
76448 1
76449 0
76450 1
76451 0
76452 1
76453 1
76454 1
76455 0
76456 0
76457 1
76458 1
76459 1
76460 0
76461 1
76462 1
76463 1
76464 0
76465 1
76466 1
76467 1
76468 1
76469 1
76470 1
76471 0
76472 0
76473 0
76474 0
76475 0
76476 1
76477 0
76478 1
76479 1
76480 0
76481 0
76482 1
76483 1
76484 0
76485 0
76486 0
76487 0
76488 1
76489 1
76490 1
76491 0
76492 0
76493 1
76494 0
76495 0
76496 0
76497 0
76498 0
76499 1
76500 1
76501 0
76502 0
76503 0
76504 1
76505 0
76506 0
76507 1
76508 0
76509 1
76510 1
76511 0
76512 0
76513 0
76514 1
76515 1
76516 1
76517 1
76518 0
76519 0
76520 0
76521 0
76522 0
76523 1
76524 1
76525 1
76526 0
76527 1
76528 1
76529 1
76530 1
76531 0
76532 1
76533 1
76534 1
76535 1
76536 1
76537 0
76538 1
76539 0
76540 0
76541 1
76542 0
76543 1
76544 0
76545 0
76546 1
76547 0
76548 0
76549 0
76550 1
76551 1
76552 0
76553 0
76554 1
76555 1
76556 0
76557 1
76558 1
76559 1
76560 0
76561 0
76562 0
76563 0
76564 1
76565 0
76566 0
76567 1
76568 0
76569 0
76570 0
76571 0
76572 0
76573 0
76574 0
76575 0
76576 1
76577 0
76578 1
76579 0
76580 1
76581 0
76582 0
76583 0
76584 0
76585 1
76586 0
76587 1
76588 0
76589 1
76590 1
76591 0
76592 1
76593 0
76594 0
76595 0
76596 1
76597 1
76598 0
76599 0
76600 0
76601 1
76602 0
76603 1
76604 1
76605 0
76606 0
76607 0
76608 0
76609 1
76610 0
76611 1
76612 0
76613 1
76614 1
76615 0
76616 0
76617 1
76618 1
76619 0
76620 0
76621 1
76622 1
76623 1
76624 0
76625 0
76626 1
76627 1
76628 1
76629 1
76630 0
76631 1
76632 1
76633 1
76634 0
76635 1
76636 1
76637 0
76638 0
76639 0
76640 0
76641 0
76642 1
76643 0
76644 0
76645 0
76646 1
76647 1
76648 0
76649 0
76650 1
76651 1
76652 1
76653 0
76654 1
76655 1
76656 0
76657 0
76658 1
76659 0
76660 0
76661 1
76662 0
76663 0
76664 1
76665 1
76666 0
76667 0
76668 0
76669 0
76670 1
76671 0
76672 0
76673 0
76674 1
76675 1
76676 0
76677 0
76678 0
76679 0
76680 1
76681 1
76682 1
76683 0
76684 1
76685 0
76686 1
76687 0
76688 1
76689 0
76690 1
76691 1
76692 1
76693 1
76694 0
76695 1
76696 1
76697 0
76698 1
76699 1
76700 1
76701 0
76702 0
76703 0
76704 1
76705 0
76706 1
76707 1
76708 0
76709 0
76710 0
76711 1
76712 0
76713 0
76714 0
76715 1
76716 1
76717 1
76718 1
76719 0
76720 1
76721 1
76722 1
76723 0
76724 0
76725 0
76726 0
76727 0
76728 1
76729 1
76730 1
76731 1
76732 0
76733 1
76734 1
76735 1
76736 0
76737 1
76738 1
76739 0
76740 1
76741 1
76742 0
76743 0
76744 0
76745 0
76746 0
76747 1
76748 1
76749 0
76750 0
76751 1
76752 1
76753 0
76754 1
76755 0
76756 1
76757 1
76758 1
76759 1
76760 1
76761 1
76762 0
76763 1
76764 1
76765 0
76766 1
76767 1
76768 1
76769 0
76770 1
76771 0
76772 0
76773 1
76774 1
76775 0
76776 1
76777 0
76778 1
76779 0
76780 1
76781 0
76782 0
76783 1
76784 0
76785 0
76786 1
76787 1
76788 1
76789 1
76790 0
76791 0
76792 1
76793 1
76794 1
76795 1
76796 0
76797 0
76798 0
76799 1
76800 0
76801 0
76802 0
76803 0
76804 1
76805 0
76806 1
76807 0
76808 0
76809 1
76810 1
76811 0
76812 1
76813 1
76814 1
76815 0
76816 1
76817 0
76818 1
76819 1
76820 0
76821 0
76822 0
76823 1
76824 1
76825 0
76826 0
76827 1
76828 1
76829 1
76830 0
76831 1
76832 1
76833 0
76834 1
76835 1
76836 0
76837 0
76838 0
76839 0
76840 1
76841 0
76842 1
76843 1
76844 0
76845 0
76846 1
76847 1
76848 1
76849 1
76850 1
76851 1
76852 1
76853 0
76854 1
76855 1
76856 1
76857 1
76858 1
76859 1
76860 1
76861 1
76862 1
76863 1
76864 0
76865 0
76866 0
76867 1
76868 0
76869 0
76870 1
76871 0
76872 1
76873 0
76874 0
76875 0
76876 1
76877 1
76878 1
76879 0
76880 0
76881 0
76882 1
76883 1
76884 0
76885 0
76886 0
76887 0
76888 1
76889 1
76890 0
76891 0
76892 0
76893 0
76894 1
76895 0
76896 0
76897 0
76898 0
76899 0
76900 1
76901 0
76902 1
76903 1
76904 1
76905 1
76906 0
76907 0
76908 1
76909 0
76910 0
76911 1
76912 0
76913 1
76914 0
76915 0
76916 1
76917 1
76918 1
76919 1
76920 1
76921 1
76922 0
76923 1
76924 1
76925 1
76926 1
76927 1
76928 0
76929 1
76930 0
76931 0
76932 1
76933 1
76934 0
76935 0
76936 1
76937 1
76938 1
76939 1
76940 0
76941 0
76942 0
76943 1
76944 1
76945 1
76946 1
76947 1
76948 0
76949 0
76950 1
76951 0
76952 0
76953 0
76954 1
76955 1
76956 0
76957 0
76958 1
76959 0
76960 1
76961 1
76962 1
76963 0
76964 1
76965 0
76966 1
76967 0
76968 1
76969 1
76970 1
76971 0
76972 1
76973 0
76974 1
76975 0
76976 1
76977 1
76978 1
76979 0
76980 0
76981 0
76982 0
76983 0
76984 1
76985 1
76986 1
76987 0
76988 0
76989 0
76990 0
76991 1
76992 0
76993 0
76994 0
76995 0
76996 1
76997 1
76998 0
76999 0
77000 0
77001 1
77002 0
77003 1
77004 0
77005 0
77006 0
77007 0
77008 0
77009 0
77010 0
77011 0
77012 0
77013 0
77014 1
77015 0
77016 1
77017 0
77018 0
77019 0
77020 0
77021 1
77022 0
77023 0
77024 1
77025 0
77026 0
77027 1
77028 1
77029 1
77030 1
77031 0
77032 1
77033 0
77034 0
77035 1
77036 1
77037 1
77038 0
77039 0
77040 0
77041 0
77042 0
77043 1
77044 1
77045 1
77046 0
77047 1
77048 1
77049 1
77050 0
77051 1
77052 0
77053 0
77054 1
77055 1
77056 1
77057 1
77058 1
77059 0
77060 0
77061 1
77062 0
77063 1
77064 1
77065 0
77066 0
77067 1
77068 1
77069 1
77070 1
77071 0
77072 1
77073 1
77074 1
77075 1
77076 1
77077 0
77078 1
77079 1
77080 1
77081 1
77082 0
77083 1
77084 0
77085 1
77086 0
77087 0
77088 0
77089 0
77090 1
77091 1
77092 0
77093 0
77094 0
77095 0
77096 0
77097 0
77098 1
77099 0
77100 0
77101 1
77102 1
77103 0
77104 0
77105 0
77106 1
77107 0
77108 0
77109 0
77110 0
77111 0
77112 1
77113 0
77114 0
77115 1
77116 0
77117 0
77118 1
77119 1
77120 0
77121 1
77122 1
77123 0
77124 1
77125 1
77126 1
77127 1
77128 0
77129 1
77130 0
77131 0
77132 0
77133 1
77134 1
77135 1
77136 0
77137 1
77138 1
77139 1
77140 0
77141 0
77142 1
77143 1
77144 1
77145 0
77146 1
77147 0
77148 0
77149 0
77150 0
77151 0
77152 1
77153 0
77154 1
77155 0
77156 1
77157 1
77158 1
77159 1
77160 1
77161 1
77162 0
77163 1
77164 0
77165 1
77166 1
77167 1
77168 1
77169 0
77170 0
77171 1
77172 1
77173 1
77174 0
77175 0
77176 0
77177 0
77178 1
77179 0
77180 0
77181 1
77182 1
77183 1
77184 1
77185 1
77186 1
77187 1
77188 1
77189 0
77190 0
77191 0
77192 1
77193 1
77194 1
77195 1
77196 0
77197 1
77198 0
77199 0
77200 1
77201 1
77202 0
77203 0
77204 0
77205 0
77206 0
77207 0
77208 1
77209 0
77210 1
77211 0
77212 1
77213 1
77214 0
77215 0
77216 0
77217 1
77218 1
77219 1
77220 0
77221 0
77222 1
77223 1
77224 0
77225 1
77226 0
77227 0
77228 1
77229 0
77230 0
77231 1
77232 1
77233 1
77234 0
77235 1
77236 0
77237 0
77238 0
77239 0
77240 0
77241 1
77242 0
77243 0
77244 1
77245 1
77246 1
77247 0
77248 1
77249 0
77250 0
77251 0
77252 1
77253 1
77254 0
77255 1
77256 1
77257 1
77258 1
77259 0
77260 0
77261 1
77262 1
77263 0
77264 0
77265 1
77266 1
77267 1
77268 1
77269 1
77270 1
77271 1
77272 1
77273 0
77274 1
77275 1
77276 0
77277 1
77278 0
77279 0
77280 1
77281 1
77282 0
77283 0
77284 0
77285 1
77286 0
77287 0
77288 1
77289 0
77290 0
77291 1
77292 0
77293 1
77294 0
77295 1
77296 1
77297 1
77298 1
77299 1
77300 1
77301 1
77302 0
77303 1
77304 1
77305 0
77306 1
77307 0
77308 1
77309 1
77310 1
77311 0
77312 1
77313 1
77314 1
77315 0
77316 1
77317 1
77318 0
77319 0
77320 1
77321 1
77322 0
77323 0
77324 1
77325 0
77326 0
77327 1
77328 1
77329 1
77330 1
77331 0
77332 1
77333 1
77334 1
77335 1
77336 0
77337 0
77338 0
77339 1
77340 1
77341 1
77342 0
77343 0
77344 0
77345 0
77346 1
77347 0
77348 1
77349 0
77350 1
77351 1
77352 1
77353 0
77354 0
77355 1
77356 1
77357 0
77358 0
77359 1
77360 0
77361 0
77362 0
77363 1
77364 1
77365 1
77366 0
77367 1
77368 1
77369 1
77370 1
77371 1
77372 0
77373 1
77374 1
77375 1
77376 1
77377 0
77378 0
77379 0
77380 1
77381 1
77382 1
77383 1
77384 0
77385 0
77386 1
77387 1
77388 1
77389 1
77390 1
77391 1
77392 0
77393 1
77394 1
77395 1
77396 0
77397 1
77398 1
77399 1
77400 1
77401 0
77402 0
77403 0
77404 0
77405 1
77406 1
77407 0
77408 1
77409 0
77410 0
77411 0
77412 1
77413 0
77414 0
77415 0
77416 1
77417 1
77418 1
77419 0
77420 1
77421 1
77422 0
77423 1
77424 1
77425 1
77426 0
77427 1
77428 1
77429 0
77430 0
77431 0
77432 1
77433 1
77434 1
77435 1
77436 0
77437 1
77438 1
77439 0
77440 0
77441 0
77442 1
77443 1
77444 1
77445 1
77446 0
77447 0
77448 0
77449 0
77450 1
77451 0
77452 1
77453 0
77454 0
77455 1
77456 0
77457 1
77458 1
77459 1
77460 0
77461 0
77462 1
77463 1
77464 0
77465 0
77466 1
77467 1
77468 0
77469 1
77470 1
77471 0
77472 1
77473 1
77474 1
77475 0
77476 1
77477 0
77478 1
77479 0
77480 1
77481 0
77482 0
77483 0
77484 0
77485 0
77486 1
77487 0
77488 0
77489 1
77490 0
77491 0
77492 1
77493 0
77494 0
77495 1
77496 1
77497 1
77498 1
77499 1
77500 1
77501 0
77502 0
77503 0
77504 0
77505 0
77506 0
77507 0
77508 0
77509 1
77510 0
77511 1
77512 1
77513 0
77514 0
77515 0
77516 1
77517 1
77518 0
77519 1
77520 1
77521 1
77522 0
77523 1
77524 0
77525 1
77526 0
77527 1
77528 0
77529 0
77530 1
77531 1
77532 1
77533 0
77534 0
77535 1
77536 1
77537 1
77538 0
77539 1
77540 1
77541 0
77542 1
77543 1
77544 0
77545 0
77546 1
77547 0
77548 1
77549 1
77550 0
77551 1
77552 0
77553 1
77554 1
77555 1
77556 1
77557 0
77558 1
77559 1
77560 0
77561 1
77562 1
77563 0
77564 1
77565 0
77566 1
77567 0
77568 0
77569 0
77570 0
77571 0
77572 0
77573 0
77574 1
77575 1
77576 1
77577 0
77578 0
77579 0
77580 1
77581 0
77582 1
77583 1
77584 1
77585 0
77586 1
77587 1
77588 0
77589 1
77590 0
77591 0
77592 1
77593 0
77594 1
77595 0
77596 1
77597 0
77598 0
77599 1
77600 0
77601 0
77602 0
77603 1
77604 1
77605 1
77606 0
77607 0
77608 1
77609 1
77610 1
77611 0
77612 0
77613 1
77614 0
77615 1
77616 0
77617 0
77618 0
77619 0
77620 1
77621 0
77622 0
77623 1
77624 0
77625 0
77626 0
77627 0
77628 0
77629 0
77630 1
77631 0
77632 1
77633 1
77634 1
77635 0
77636 0
77637 0
77638 0
77639 0
77640 0
77641 1
77642 1
77643 0
77644 1
77645 0
77646 0
77647 1
77648 0
77649 1
77650 1
77651 1
77652 1
77653 0
77654 1
77655 0
77656 0
77657 0
77658 1
77659 1
77660 0
77661 1
77662 0
77663 1
77664 0
77665 0
77666 0
77667 1
77668 1
77669 1
77670 1
77671 0
77672 0
77673 1
77674 1
77675 1
77676 1
77677 1
77678 0
77679 1
77680 1
77681 0
77682 0
77683 1
77684 0
77685 0
77686 1
77687 1
77688 0
77689 1
77690 0
77691 0
77692 0
77693 0
77694 1
77695 0
77696 0
77697 0
77698 0
77699 1
77700 0
77701 0
77702 0
77703 0
77704 1
77705 1
77706 1
77707 0
77708 1
77709 1
77710 0
77711 1
77712 0
77713 1
77714 1
77715 0
77716 1
77717 0
77718 1
77719 0
77720 1
77721 1
77722 1
77723 0
77724 1
77725 1
77726 1
77727 0
77728 0
77729 1
77730 0
77731 1
77732 0
77733 0
77734 0
77735 1
77736 0
77737 1
77738 0
77739 1
77740 0
77741 1
77742 1
77743 0
77744 0
77745 1
77746 1
77747 0
77748 1
77749 0
77750 1
77751 0
77752 1
77753 1
77754 0
77755 0
77756 1
77757 1
77758 0
77759 0
77760 1
77761 0
77762 1
77763 1
77764 1
77765 1
77766 1
77767 0
77768 0
77769 0
77770 0
77771 0
77772 0
77773 1
77774 0
77775 0
77776 1
77777 0
77778 1
77779 1
77780 1
77781 0
77782 1
77783 0
77784 1
77785 0
77786 0
77787 0
77788 0
77789 1
77790 1
77791 1
77792 0
77793 1
77794 1
77795 0
77796 0
77797 1
77798 0
77799 0
77800 1
77801 1
77802 0
77803 0
77804 0
77805 0
77806 1
77807 1
77808 1
77809 1
77810 0
77811 1
77812 0
77813 0
77814 1
77815 1
77816 0
77817 1
77818 0
77819 0
77820 1
77821 0
77822 1
77823 0
77824 1
77825 1
77826 0
77827 0
77828 0
77829 1
77830 0
77831 0
77832 1
77833 0
77834 1
77835 0
77836 0
77837 0
77838 1
77839 0
77840 0
77841 1
77842 0
77843 1
77844 1
77845 0
77846 1
77847 0
77848 0
77849 0
77850 0
77851 0
77852 1
77853 0
77854 1
77855 1
77856 0
77857 1
77858 0
77859 1
77860 0
77861 1
77862 1
77863 1
77864 1
77865 1
77866 0
77867 0
77868 1
77869 0
77870 0
77871 1
77872 1
77873 1
77874 0
77875 0
77876 1
77877 0
77878 1
77879 1
77880 1
77881 1
77882 0
77883 0
77884 0
77885 1
77886 1
77887 1
77888 1
77889 0
77890 0
77891 0
77892 1
77893 0
77894 1
77895 1
77896 1
77897 1
77898 0
77899 0
77900 0
77901 0
77902 1
77903 1
77904 0
77905 1
77906 0
77907 1
77908 1
77909 0
77910 1
77911 0
77912 1
77913 0
77914 1
77915 0
77916 1
77917 0
77918 0
77919 0
77920 1
77921 0
77922 0
77923 1
77924 0
77925 1
77926 1
77927 1
77928 0
77929 0
77930 1
77931 0
77932 0
77933 1
77934 1
77935 1
77936 1
77937 0
77938 0
77939 1
77940 1
77941 0
77942 0
77943 0
77944 1
77945 1
77946 0
77947 0
77948 0
77949 1
77950 1
77951 1
77952 1
77953 1
77954 0
77955 1
77956 0
77957 1
77958 0
77959 0
77960 1
77961 0
77962 1
77963 1
77964 0
77965 1
77966 0
77967 1
77968 0
77969 1
77970 0
77971 1
77972 0
77973 0
77974 1
77975 0
77976 0
77977 1
77978 1
77979 0
77980 1
77981 1
77982 0
77983 0
77984 1
77985 1
77986 1
77987 1
77988 0
77989 1
77990 0
77991 1
77992 0
77993 1
77994 1
77995 1
77996 1
77997 1
77998 1
77999 1
78000 1
78001 0
78002 1
78003 0
78004 0
78005 0
78006 0
78007 0
78008 0
78009 1
78010 1
78011 1
78012 0
78013 1
78014 1
78015 0
78016 0
78017 0
78018 1
78019 1
78020 0
78021 0
78022 1
78023 1
78024 1
78025 1
78026 1
78027 0
78028 1
78029 1
78030 1
78031 0
78032 0
78033 0
78034 0
78035 0
78036 1
78037 1
78038 0
78039 0
78040 1
78041 0
78042 0
78043 0
78044 1
78045 0
78046 1
78047 0
78048 0
78049 1
78050 1
78051 1
78052 0
78053 0
78054 1
78055 1
78056 1
78057 0
78058 0
78059 1
78060 0
78061 0
78062 1
78063 0
78064 1
78065 0
78066 1
78067 1
78068 0
78069 1
78070 0
78071 0
78072 1
78073 1
78074 1
78075 0
78076 1
78077 0
78078 1
78079 1
78080 1
78081 1
78082 1
78083 1
78084 0
78085 0
78086 0
78087 0
78088 1
78089 0
78090 1
78091 1
78092 0
78093 1
78094 0
78095 1
78096 1
78097 1
78098 0
78099 1
78100 0
78101 1
78102 1
78103 0
78104 1
78105 1
78106 0
78107 1
78108 1
78109 0
78110 1
78111 1
78112 1
78113 1
78114 1
78115 1
78116 0
78117 1
78118 0
78119 1
78120 0
78121 0
78122 0
78123 0
78124 0
78125 1
78126 0
78127 0
78128 1
78129 0
78130 1
78131 0
78132 0
78133 1
78134 0
78135 0
78136 1
78137 0
78138 0
78139 0
78140 1
78141 1
78142 0
78143 1
78144 1
78145 0
78146 0
78147 0
78148 1
78149 0
78150 0
78151 1
78152 0
78153 1
78154 0
78155 0
78156 1
78157 0
78158 0
78159 1
78160 1
78161 0
78162 1
78163 1
78164 1
78165 0
78166 1
78167 1
78168 1
78169 0
78170 1
78171 0
78172 0
78173 1
78174 1
78175 1
78176 0
78177 1
78178 0
78179 1
78180 0
78181 1
78182 1
78183 0
78184 0
78185 1
78186 0
78187 1
78188 0
78189 1
78190 0
78191 1
78192 0
78193 1
78194 0
78195 0
78196 0
78197 0
78198 1
78199 0
78200 0
78201 0
78202 1
78203 1
78204 0
78205 1
78206 0
78207 1
78208 1
78209 1
78210 1
78211 0
78212 0
78213 0
78214 1
78215 1
78216 1
78217 1
78218 0
78219 1
78220 0
78221 1
78222 1
78223 1
78224 0
78225 0
78226 0
78227 0
78228 0
78229 0
78230 0
78231 1
78232 1
78233 1
78234 1
78235 0
78236 0
78237 0
78238 1
78239 0
78240 0
78241 0
78242 0
78243 0
78244 1
78245 1
78246 1
78247 0
78248 0
78249 0
78250 1
78251 0
78252 1
78253 0
78254 0
78255 1
78256 0
78257 0
78258 1
78259 0
78260 0
78261 0
78262 0
78263 0
78264 0
78265 0
78266 0
78267 0
78268 1
78269 1
78270 1
78271 1
78272 0
78273 1
78274 1
78275 1
78276 0
78277 1
78278 0
78279 1
78280 0
78281 0
78282 0
78283 0
78284 1
78285 1
78286 0
78287 1
78288 1
78289 0
78290 1
78291 1
78292 0
78293 1
78294 1
78295 1
78296 1
78297 1
78298 0
78299 1
78300 1
78301 1
78302 0
78303 1
78304 1
78305 1
78306 1
78307 1
78308 0
78309 0
78310 1
78311 1
78312 1
78313 1
78314 0
78315 0
78316 0
78317 1
78318 0
78319 1
78320 1
78321 1
78322 1
78323 1
78324 0
78325 1
78326 0
78327 0
78328 1
78329 0
78330 1
78331 1
78332 0
78333 0
78334 1
78335 1
78336 1
78337 0
78338 1
78339 0
78340 0
78341 0
78342 0
78343 0
78344 0
78345 1
78346 1
78347 1
78348 1
78349 1
78350 0
78351 1
78352 0
78353 0
78354 0
78355 1
78356 1
78357 0
78358 1
78359 1
78360 0
78361 1
78362 0
78363 1
78364 1
78365 1
78366 0
78367 1
78368 0
78369 1
78370 0
78371 0
78372 1
78373 0
78374 1
78375 0
78376 1
78377 0
78378 0
78379 0
78380 1
78381 0
78382 0
78383 0
78384 0
78385 1
78386 1
78387 0
78388 1
78389 0
78390 0
78391 0
78392 1
78393 0
78394 1
78395 0
78396 1
78397 0
78398 1
78399 0
78400 1
78401 0
78402 1
78403 1
78404 0
78405 0
78406 0
78407 0
78408 1
78409 0
78410 0
78411 1
78412 0
78413 0
78414 1
78415 1
78416 0
78417 1
78418 0
78419 0
78420 0
78421 0
78422 0
78423 1
78424 0
78425 0
78426 1
78427 0
78428 0
78429 1
78430 1
78431 1
78432 0
78433 1
78434 0
78435 1
78436 1
78437 0
78438 0
78439 1
78440 0
78441 0
78442 0
78443 1
78444 1
78445 0
78446 0
78447 0
78448 0
78449 0
78450 1
78451 1
78452 1
78453 0
78454 0
78455 0
78456 1
78457 1
78458 1
78459 0
78460 1
78461 0
78462 0
78463 0
78464 1
78465 1
78466 0
78467 1
78468 0
78469 0
78470 1
78471 0
78472 0
78473 0
78474 1
78475 0
78476 0
78477 1
78478 1
78479 1
78480 0
78481 0
78482 0
78483 0
78484 0
78485 1
78486 0
78487 1
78488 0
78489 0
78490 0
78491 0
78492 1
78493 0
78494 0
78495 0
78496 1
78497 0
78498 0
78499 0
78500 1
78501 1
78502 0
78503 1
78504 0
78505 1
78506 0
78507 0
78508 1
78509 0
78510 0
78511 1
78512 0
78513 0
78514 0
78515 1
78516 1
78517 1
78518 0
78519 1
78520 1
78521 1
78522 0
78523 1
78524 0
78525 0
78526 0
78527 1
78528 0
78529 0
78530 1
78531 0
78532 0
78533 0
78534 1
78535 1
78536 1
78537 0
78538 1
78539 1
78540 0
78541 0
78542 1
78543 0
78544 0
78545 1
78546 0
78547 1
78548 0
78549 1
78550 0
78551 1
78552 1
78553 0
78554 0
78555 1
78556 0
78557 1
78558 1
78559 0
78560 0
78561 0
78562 0
78563 1
78564 1
78565 1
78566 1
78567 0
78568 0
78569 1
78570 0
78571 0
78572 1
78573 0
78574 1
78575 0
78576 1
78577 0
78578 1
78579 1
78580 1
78581 1
78582 0
78583 1
78584 0
78585 1
78586 1
78587 0
78588 1
78589 1
78590 1
78591 1
78592 0
78593 1
78594 0
78595 1
78596 1
78597 0
78598 0
78599 1
78600 1
78601 1
78602 0
78603 0
78604 0
78605 1
78606 0
78607 0
78608 1
78609 1
78610 0
78611 0
78612 1
78613 1
78614 0
78615 0
78616 0
78617 0
78618 1
78619 1
78620 1
78621 0
78622 1
78623 1
78624 0
78625 1
78626 1
78627 1
78628 1
78629 1
78630 1
78631 0
78632 0
78633 1
78634 0
78635 1
78636 0
78637 1
78638 1
78639 1
78640 1
78641 1
78642 1
78643 0
78644 1
78645 0
78646 0
78647 0
78648 0
78649 0
78650 1
78651 1
78652 0
78653 0
78654 1
78655 0
78656 0
78657 1
78658 0
78659 1
78660 1
78661 0
78662 1
78663 0
78664 0
78665 0
78666 1
78667 1
78668 1
78669 1
78670 1
78671 1
78672 0
78673 0
78674 0
78675 1
78676 1
78677 1
78678 0
78679 0
78680 0
78681 0
78682 0
78683 0
78684 1
78685 1
78686 1
78687 0
78688 1
78689 0
78690 1
78691 0
78692 1
78693 1
78694 0
78695 0
78696 1
78697 1
78698 0
78699 1
78700 0
78701 0
78702 1
78703 0
78704 1
78705 1
78706 1
78707 1
78708 0
78709 0
78710 0
78711 0
78712 0
78713 0
78714 0
78715 1
78716 1
78717 1
78718 1
78719 1
78720 0
78721 0
78722 0
78723 0
78724 1
78725 0
78726 0
78727 1
78728 1
78729 0
78730 1
78731 1
78732 1
78733 0
78734 1
78735 1
78736 0
78737 1
78738 1
78739 0
78740 0
78741 1
78742 1
78743 1
78744 1
78745 0
78746 1
78747 0
78748 0
78749 1
78750 0
78751 1
78752 1
78753 0
78754 0
78755 1
78756 0
78757 0
78758 0
78759 0
78760 0
78761 0
78762 0
78763 0
78764 0
78765 0
78766 0
78767 0
78768 1
78769 0
78770 0
78771 0
78772 0
78773 0
78774 1
78775 0
78776 0
78777 1
78778 1
78779 1
78780 0
78781 1
78782 1
78783 0
78784 1
78785 1
78786 0
78787 1
78788 0
78789 0
78790 0
78791 0
78792 1
78793 0
78794 1
78795 0
78796 1
78797 1
78798 1
78799 0
78800 1
78801 0
78802 0
78803 1
78804 0
78805 0
78806 0
78807 0
78808 0
78809 0
78810 1
78811 1
78812 1
78813 0
78814 1
78815 0
78816 1
78817 1
78818 1
78819 1
78820 1
78821 0
78822 0
78823 1
78824 0
78825 0
78826 1
78827 0
78828 0
78829 0
78830 1
78831 1
78832 1
78833 1
78834 1
78835 1
78836 1
78837 1
78838 1
78839 1
78840 0
78841 1
78842 1
78843 1
78844 0
78845 1
78846 1
78847 1
78848 0
78849 0
78850 0
78851 1
78852 0
78853 0
78854 1
78855 0
78856 1
78857 1
78858 0
78859 1
78860 0
78861 0
78862 1
78863 1
78864 1
78865 0
78866 0
78867 0
78868 0
78869 0
78870 1
78871 0
78872 1
78873 1
78874 0
78875 1
78876 0
78877 0
78878 1
78879 0
78880 0
78881 0
78882 1
78883 1
78884 1
78885 1
78886 0
78887 1
78888 1
78889 0
78890 0
78891 1
78892 1
78893 1
78894 1
78895 0
78896 1
78897 0
78898 1
78899 1
78900 0
78901 1
78902 1
78903 1
78904 1
78905 1
78906 0
78907 0
78908 0
78909 0
78910 1
78911 1
78912 1
78913 0
78914 0
78915 0
78916 0
78917 0
78918 0
78919 0
78920 1
78921 0
78922 1
78923 1
78924 1
78925 0
78926 0
78927 1
78928 0
78929 1
78930 1
78931 0
78932 0
78933 1
78934 1
78935 0
78936 1
78937 1
78938 0
78939 1
78940 1
78941 1
78942 0
78943 0
78944 1
78945 1
78946 0
78947 0
78948 0
78949 0
78950 1
78951 0
78952 1
78953 1
78954 0
78955 0
78956 1
78957 1
78958 0
78959 1
78960 1
78961 1
78962 1
78963 1
78964 1
78965 0
78966 0
78967 1
78968 0
78969 0
78970 0
78971 0
78972 0
78973 1
78974 1
78975 1
78976 0
78977 1
78978 0
78979 0
78980 1
78981 1
78982 1
78983 0
78984 1
78985 0
78986 1
78987 1
78988 0
78989 1
78990 0
78991 1
78992 1
78993 1
78994 0
78995 0
78996 1
78997 1
78998 0
78999 0
79000 1
79001 0
79002 1
79003 1
79004 1
79005 1
79006 0
79007 1
79008 1
79009 0
79010 1
79011 1
79012 0
79013 1
79014 1
79015 1
79016 1
79017 1
79018 1
79019 1
79020 0
79021 0
79022 0
79023 1
79024 0
79025 1
79026 1
79027 0
79028 0
79029 0
79030 0
79031 0
79032 1
79033 0
79034 0
79035 0
79036 1
79037 1
79038 1
79039 1
79040 0
79041 0
79042 1
79043 1
79044 1
79045 1
79046 0
79047 1
79048 1
79049 0
79050 1
79051 0
79052 1
79053 0
79054 0
79055 0
79056 0
79057 1
79058 0
79059 1
79060 0
79061 1
79062 1
79063 1
79064 0
79065 0
79066 1
79067 0
79068 1
79069 1
79070 1
79071 1
79072 0
79073 1
79074 0
79075 0
79076 1
79077 1
79078 1
79079 0
79080 0
79081 0
79082 1
79083 0
79084 1
79085 1
79086 1
79087 1
79088 0
79089 1
79090 0
79091 1
79092 0
79093 0
79094 0
79095 1
79096 1
79097 1
79098 1
79099 0
79100 1
79101 0
79102 1
79103 1
79104 1
79105 0
79106 1
79107 1
79108 1
79109 0
79110 0
79111 0
79112 0
79113 0
79114 1
79115 0
79116 0
79117 0
79118 1
79119 1
79120 1
79121 0
79122 0
79123 0
79124 0
79125 1
79126 1
79127 1
79128 0
79129 1
79130 0
79131 0
79132 1
79133 0
79134 1
79135 0
79136 1
79137 0
79138 0
79139 1
79140 1
79141 0
79142 1
79143 0
79144 0
79145 1
79146 0
79147 0
79148 0
79149 1
79150 0
79151 0
79152 0
79153 1
79154 0
79155 0
79156 1
79157 0
79158 0
79159 1
79160 0
79161 0
79162 0
79163 0
79164 1
79165 1
79166 0
79167 0
79168 1
79169 1
79170 0
79171 0
79172 1
79173 1
79174 1
79175 0
79176 1
79177 1
79178 0
79179 1
79180 0
79181 1
79182 1
79183 0
79184 0
79185 1
79186 1
79187 0
79188 0
79189 0
79190 0
79191 0
79192 1
79193 0
79194 0
79195 1
79196 0
79197 1
79198 1
79199 1
79200 1
79201 1
79202 0
79203 1
79204 1
79205 1
79206 0
79207 0
79208 0
79209 0
79210 0
79211 0
79212 1
79213 0
79214 1
79215 1
79216 0
79217 1
79218 0
79219 0
79220 1
79221 1
79222 0
79223 1
79224 0
79225 0
79226 1
79227 1
79228 0
79229 1
79230 1
79231 0
79232 1
79233 1
79234 1
79235 1
79236 1
79237 1
79238 1
79239 0
79240 1
79241 0
79242 1
79243 1
79244 1
79245 0
79246 1
79247 0
79248 1
79249 0
79250 0
79251 1
79252 1
79253 0
79254 0
79255 0
79256 0
79257 0
79258 1
79259 1
79260 0
79261 1
79262 0
79263 1
79264 1
79265 0
79266 1
79267 0
79268 0
79269 0
79270 1
79271 1
79272 0
79273 0
79274 1
79275 1
79276 1
79277 1
79278 1
79279 0
79280 0
79281 0
79282 1
79283 1
79284 1
79285 0
79286 1
79287 1
79288 0
79289 0
79290 0
79291 1
79292 1
79293 0
79294 1
79295 1
79296 1
79297 0
79298 1
79299 1
79300 0
79301 1
79302 0
79303 0
79304 1
79305 0
79306 0
79307 0
79308 0
79309 1
79310 1
79311 0
79312 1
79313 1
79314 0
79315 1
79316 1
79317 0
79318 0
79319 0
79320 0
79321 0
79322 0
79323 1
79324 1
79325 1
79326 0
79327 0
79328 0
79329 0
79330 0
79331 1
79332 0
79333 1
79334 0
79335 1
79336 1
79337 0
79338 1
79339 0
79340 0
79341 0
79342 0
79343 1
79344 0
79345 1
79346 0
79347 1
79348 0
79349 0
79350 1
79351 0
79352 1
79353 1
79354 1
79355 0
79356 0
79357 1
79358 1
79359 1
79360 0
79361 0
79362 0
79363 1
79364 0
79365 0
79366 1
79367 0
79368 0
79369 1
79370 0
79371 0
79372 0
79373 1
79374 0
79375 1
79376 1
79377 1
79378 1
79379 1
79380 1
79381 1
79382 0
79383 1
79384 1
79385 0
79386 0
79387 1
79388 1
79389 1
79390 0
79391 0
79392 0
79393 0
79394 1
79395 1
79396 0
79397 0
79398 1
79399 1
79400 0
79401 0
79402 1
79403 0
79404 1
79405 1
79406 0
79407 1
79408 1
79409 1
79410 0
79411 1
79412 1
79413 1
79414 1
79415 0
79416 0
79417 1
79418 0
79419 0
79420 1
79421 1
79422 0
79423 0
79424 0
79425 1
79426 1
79427 1
79428 0
79429 0
79430 1
79431 0
79432 1
79433 0
79434 0
79435 0
79436 0
79437 1
79438 1
79439 0
79440 0
79441 1
79442 1
79443 1
79444 1
79445 1
79446 1
79447 0
79448 0
79449 1
79450 1
79451 1
79452 1
79453 1
79454 0
79455 1
79456 1
79457 1
79458 1
79459 0
79460 1
79461 1
79462 0
79463 0
79464 1
79465 1
79466 0
79467 1
79468 1
79469 1
79470 1
79471 0
79472 0
79473 0
79474 1
79475 0
79476 1
79477 0
79478 1
79479 0
79480 0
79481 1
79482 1
79483 1
79484 1
79485 0
79486 1
79487 0
79488 1
79489 0
79490 0
79491 0
79492 1
79493 1
79494 1
79495 0
79496 1
79497 1
79498 1
79499 0
79500 0
79501 0
79502 1
79503 0
79504 0
79505 1
79506 1
79507 0
79508 1
79509 1
79510 1
79511 0
79512 1
79513 0
79514 0
79515 1
79516 1
79517 1
79518 1
79519 1
79520 1
79521 1
79522 0
79523 1
79524 0
79525 1
79526 1
79527 0
79528 0
79529 0
79530 0
79531 1
79532 0
79533 1
79534 1
79535 1
79536 1
79537 1
79538 1
79539 0
79540 0
79541 0
79542 0
79543 1
79544 0
79545 0
79546 0
79547 1
79548 1
79549 0
79550 0
79551 1
79552 1
79553 0
79554 0
79555 0
79556 0
79557 0
79558 0
79559 0
79560 1
79561 0
79562 0
79563 0
79564 1
79565 0
79566 1
79567 1
79568 0
79569 0
79570 0
79571 0
79572 0
79573 1
79574 1
79575 1
79576 0
79577 1
79578 1
79579 0
79580 1
79581 0
79582 0
79583 0
79584 1
79585 0
79586 1
79587 1
79588 0
79589 1
79590 0
79591 1
79592 0
79593 1
79594 0
79595 1
79596 0
79597 1
79598 1
79599 1
79600 0
79601 1
79602 1
79603 1
79604 1
79605 1
79606 1
79607 0
79608 0
79609 1
79610 1
79611 1
79612 1
79613 1
79614 0
79615 0
79616 1
79617 1
79618 1
79619 0
79620 0
79621 1
79622 0
79623 0
79624 0
79625 0
79626 0
79627 0
79628 1
79629 1
79630 1
79631 1
79632 1
79633 0
79634 0
79635 1
79636 0
79637 0
79638 0
79639 1
79640 0
79641 0
79642 0
79643 0
79644 0
79645 0
79646 1
79647 1
79648 0
79649 0
79650 1
79651 1
79652 1
79653 1
79654 0
79655 1
79656 0
79657 0
79658 0
79659 1
79660 0
79661 1
79662 1
79663 1
79664 0
79665 0
79666 0
79667 0
79668 0
79669 0
79670 0
79671 0
79672 0
79673 0
79674 1
79675 0
79676 1
79677 0
79678 1
79679 0
79680 1
79681 0
79682 1
79683 1
79684 0
79685 1
79686 1
79687 0
79688 1
79689 0
79690 1
79691 1
79692 0
79693 1
79694 0
79695 1
79696 1
79697 0
79698 1
79699 0
79700 0
79701 1
79702 1
79703 0
79704 1
79705 1
79706 1
79707 0
79708 0
79709 0
79710 0
79711 1
79712 0
79713 1
79714 0
79715 0
79716 1
79717 0
79718 0
79719 1
79720 0
79721 0
79722 1
79723 0
79724 0
79725 0
79726 1
79727 1
79728 1
79729 1
79730 1
79731 0
79732 0
79733 0
79734 1
79735 1
79736 1
79737 0
79738 1
79739 0
79740 0
79741 1
79742 1
79743 1
79744 1
79745 0
79746 0
79747 1
79748 1
79749 1
79750 0
79751 0
79752 1
79753 1
79754 0
79755 1
79756 1
79757 1
79758 1
79759 0
79760 1
79761 0
79762 0
79763 1
79764 1
79765 1
79766 0
79767 1
79768 1
79769 1
79770 1
79771 1
79772 0
79773 0
79774 1
79775 0
79776 1
79777 1
79778 0
79779 0
79780 0
79781 0
79782 0
79783 1
79784 1
79785 0
79786 1
79787 0
79788 0
79789 0
79790 0
79791 0
79792 0
79793 1
79794 0
79795 0
79796 1
79797 1
79798 1
79799 0
79800 0
79801 1
79802 0
79803 0
79804 1
79805 0
79806 0
79807 0
79808 1
79809 0
79810 0
79811 1
79812 1
79813 0
79814 0
79815 0
79816 1
79817 0
79818 1
79819 0
79820 0
79821 1
79822 0
79823 1
79824 1
79825 1
79826 1
79827 0
79828 0
79829 0
79830 1
79831 1
79832 0
79833 1
79834 0
79835 1
79836 0
79837 1
79838 1
79839 0
79840 0
79841 1
79842 0
79843 0
79844 0
79845 1
79846 1
79847 0
79848 1
79849 0
79850 0
79851 0
79852 0
79853 0
79854 0
79855 1
79856 1
79857 1
79858 1
79859 1
79860 1
79861 0
79862 0
79863 1
79864 0
79865 1
79866 1
79867 1
79868 0
79869 0
79870 0
79871 1
79872 0
79873 1
79874 0
79875 0
79876 1
79877 0
79878 1
79879 1
79880 1
79881 0
79882 1
79883 1
79884 0
79885 1
79886 0
79887 1
79888 1
79889 0
79890 0
79891 1
79892 0
79893 1
79894 1
79895 0
79896 1
79897 1
79898 1
79899 1
79900 1
79901 1
79902 1
79903 0
79904 0
79905 1
79906 0
79907 0
79908 1
79909 0
79910 1
79911 0
79912 0
79913 1
79914 0
79915 0
79916 1
79917 0
79918 1
79919 0
79920 0
79921 1
79922 1
79923 0
79924 1
79925 1
79926 0
79927 0
79928 0
79929 1
79930 1
79931 1
79932 0
79933 1
79934 0
79935 1
79936 0
79937 1
79938 0
79939 0
79940 0
79941 0
79942 1
79943 0
79944 0
79945 0
79946 0
79947 1
79948 0
79949 0
79950 1
79951 1
79952 0
79953 1
79954 1
79955 1
79956 1
79957 0
79958 1
79959 1
79960 0
79961 1
79962 1
79963 0
79964 1
79965 0
79966 0
79967 1
79968 1
79969 1
79970 1
79971 0
79972 0
79973 0
79974 1
79975 0
79976 1
79977 1
79978 0
79979 0
79980 0
79981 1
79982 1
79983 1
79984 0
79985 1
79986 1
79987 0
79988 1
79989 0
79990 1
79991 1
79992 1
79993 0
79994 0
79995 1
79996 1
79997 1
79998 1
79999 1
80000 0
80001 0
80002 0
80003 1
80004 0
80005 1
80006 1
80007 0
80008 1
80009 1
80010 1
80011 0
80012 1
80013 1
80014 0
80015 1
80016 0
80017 1
80018 1
80019 0
80020 1
80021 0
80022 0
80023 1
80024 0
80025 0
80026 0
80027 0
80028 1
80029 0
80030 1
80031 1
80032 0
80033 1
80034 1
80035 0
80036 1
80037 1
80038 0
80039 0
80040 0
80041 0
80042 1
80043 0
80044 0
80045 1
80046 1
80047 0
80048 0
80049 1
80050 0
80051 0
80052 0
80053 0
80054 0
80055 0
80056 1
80057 1
80058 0
80059 0
80060 1
80061 0
80062 1
80063 0
80064 1
80065 0
80066 1
80067 1
80068 0
80069 0
80070 1
80071 1
80072 1
80073 0
80074 1
80075 0
80076 1
80077 0
80078 1
80079 0
80080 1
80081 1
80082 0
80083 1
80084 1
80085 0
80086 0
80087 0
80088 0
80089 1
80090 0
80091 0
80092 1
80093 0
80094 1
80095 0
80096 0
80097 0
80098 1
80099 1
80100 0
80101 1
80102 0
80103 0
80104 1
80105 1
80106 0
80107 0
80108 1
80109 1
80110 0
80111 0
80112 0
80113 0
80114 1
80115 0
80116 1
80117 1
80118 0
80119 1
80120 1
80121 1
80122 1
80123 1
80124 0
80125 0
80126 0
80127 0
80128 0
80129 1
80130 1
80131 0
80132 0
80133 0
80134 0
80135 0
80136 1
80137 0
80138 1
80139 1
80140 0
80141 1
80142 0
80143 0
80144 0
80145 1
80146 0
80147 1
80148 1
80149 0
80150 1
80151 1
80152 1
80153 1
80154 1
80155 0
80156 0
80157 1
80158 0
80159 0
80160 1
80161 1
80162 0
80163 0
80164 1
80165 0
80166 0
80167 1
80168 0
80169 0
80170 0
80171 0
80172 0
80173 1
80174 0
80175 0
80176 1
80177 1
80178 1
80179 1
80180 1
80181 0
80182 1
80183 1
80184 1
80185 0
80186 1
80187 0
80188 1
80189 1
80190 1
80191 1
80192 0
80193 1
80194 1
80195 1
80196 1
80197 1
80198 0
80199 0
80200 1
80201 1
80202 0
80203 0
80204 1
80205 1
80206 0
80207 0
80208 1
80209 1
80210 0
80211 1
80212 1
80213 1
80214 0
80215 1
80216 0
80217 1
80218 0
80219 1
80220 1
80221 0
80222 0
80223 0
80224 0
80225 1
80226 1
80227 1
80228 0
80229 1
80230 0
80231 1
80232 1
80233 1
80234 1
80235 1
80236 1
80237 0
80238 1
80239 0
80240 0
80241 1
80242 0
80243 0
80244 0
80245 0
80246 1
80247 0
80248 1
80249 1
80250 1
80251 1
80252 0
80253 1
80254 0
80255 0
80256 0
80257 1
80258 1
80259 1
80260 1
80261 1
80262 0
80263 0
80264 0
80265 0
80266 1
80267 0
80268 1
80269 1
80270 1
80271 1
80272 0
80273 0
80274 1
80275 1
80276 0
80277 0
80278 1
80279 0
80280 1
80281 1
80282 1
80283 0
80284 0
80285 1
80286 0
80287 0
80288 0
80289 1
80290 1
80291 0
80292 0
80293 0
80294 0
80295 1
80296 0
80297 1
80298 0
80299 0
80300 1
80301 1
80302 0
80303 0
80304 0
80305 1
80306 1
80307 0
80308 1
80309 0
80310 0
80311 1
80312 0
80313 0
80314 1
80315 1
80316 0
80317 0
80318 1
80319 1
80320 1
80321 1
80322 0
80323 1
80324 1
80325 0
80326 0
80327 0
80328 1
80329 0
80330 1
80331 1
80332 0
80333 0
80334 0
80335 1
80336 1
80337 1
80338 1
80339 0
80340 1
80341 1
80342 0
80343 1
80344 1
80345 0
80346 1
80347 1
80348 1
80349 0
80350 1
80351 0
80352 0
80353 1
80354 1
80355 1
80356 0
80357 0
80358 0
80359 1
80360 0
80361 0
80362 0
80363 0
80364 1
80365 1
80366 0
80367 0
80368 0
80369 1
80370 1
80371 0
80372 0
80373 1
80374 0
80375 1
80376 0
80377 0
80378 1
80379 0
80380 0
80381 1
80382 0
80383 1
80384 1
80385 0
80386 0
80387 0
80388 0
80389 0
80390 1
80391 0
80392 0
80393 1
80394 1
80395 0
80396 1
80397 1
80398 1
80399 0
80400 0
80401 1
80402 1
80403 0
80404 1
80405 0
80406 1
80407 1
80408 0
80409 1
80410 1
80411 0
80412 1
80413 0
80414 0
80415 0
80416 1
80417 1
80418 1
80419 1
80420 1
80421 0
80422 0
80423 0
80424 1
80425 1
80426 0
80427 0
80428 1
80429 1
80430 1
80431 1
80432 0
80433 1
80434 0
80435 0
80436 1
80437 0
80438 0
80439 0
80440 0
80441 0
80442 1
80443 0
80444 0
80445 1
80446 0
80447 1
80448 0
80449 0
80450 0
80451 1
80452 0
80453 0
80454 0
80455 0
80456 1
80457 0
80458 1
80459 0
80460 1
80461 0
80462 0
80463 1
80464 0
80465 0
80466 0
80467 1
80468 0
80469 0
80470 1
80471 1
80472 1
80473 1
80474 1
80475 1
80476 0
80477 1
80478 1
80479 0
80480 0
80481 1
80482 0
80483 0
80484 0
80485 0
80486 0
80487 1
80488 0
80489 0
80490 1
80491 0
80492 1
80493 1
80494 1
80495 1
80496 0
80497 0
80498 0
80499 1
80500 0
80501 1
80502 1
80503 1
80504 0
80505 0
80506 1
80507 1
80508 1
80509 0
80510 1
80511 1
80512 0
80513 1
80514 1
80515 1
80516 0
80517 0
80518 0
80519 0
80520 0
80521 0
80522 0
80523 0
80524 1
80525 1
80526 0
80527 1
80528 0
80529 1
80530 0
80531 0
80532 1
80533 1
80534 0
80535 1
80536 1
80537 0
80538 0
80539 1
80540 1
80541 1
80542 1
80543 1
80544 0
80545 0
80546 0
80547 1
80548 1
80549 0
80550 0
80551 1
80552 0
80553 0
80554 1
80555 1
80556 0
80557 0
80558 0
80559 1
80560 1
80561 0
80562 0
80563 0
80564 0
80565 0
80566 0
80567 0
80568 1
80569 0
80570 0
80571 0
80572 0
80573 0
80574 0
80575 1
80576 1
80577 0
80578 0
80579 0
80580 0
80581 0
80582 1
80583 1
80584 0
80585 0
80586 1
80587 0
80588 1
80589 1
80590 0
80591 0
80592 1
80593 1
80594 1
80595 0
80596 0
80597 0
80598 0
80599 1
80600 1
80601 1
80602 1
80603 0
80604 0
80605 0
80606 1
80607 1
80608 0
80609 1
80610 1
80611 1
80612 0
80613 1
80614 1
80615 0
80616 0
80617 0
80618 0
80619 1
80620 0
80621 1
80622 1
80623 1
80624 0
80625 0
80626 0
80627 0
80628 0
80629 0
80630 0
80631 1
80632 0
80633 0
80634 1
80635 0
80636 0
80637 1
80638 0
80639 1
80640 0
80641 0
80642 1
80643 1
80644 1
80645 1
80646 0
80647 0
80648 1
80649 0
80650 0
80651 0
80652 0
80653 1
80654 0
80655 0
80656 0
80657 0
80658 1
80659 0
80660 1
80661 0
80662 0
80663 0
80664 1
80665 0
80666 1
80667 0
80668 0
80669 1
80670 1
80671 0
80672 1
80673 0
80674 1
80675 0
80676 1
80677 0
80678 0
80679 0
80680 1
80681 0
80682 0
80683 1
80684 1
80685 1
80686 0
80687 0
80688 0
80689 1
80690 1
80691 1
80692 1
80693 1
80694 1
80695 0
80696 0
80697 0
80698 1
80699 1
80700 0
80701 0
80702 0
80703 1
80704 0
80705 0
80706 1
80707 0
80708 0
80709 0
80710 1
80711 0
80712 0
80713 0
80714 1
80715 0
80716 0
80717 0
80718 1
80719 1
80720 0
80721 0
80722 1
80723 1
80724 0
80725 1
80726 0
80727 0
80728 0
80729 1
80730 1
80731 0
80732 0
80733 1
80734 0
80735 0
80736 0
80737 1
80738 1
80739 0
80740 1
80741 0
80742 1
80743 0
80744 0
80745 0
80746 0
80747 0
80748 0
80749 0
80750 1
80751 0
80752 1
80753 1
80754 1
80755 0
80756 0
80757 0
80758 0
80759 1
80760 0
80761 1
80762 0
80763 0
80764 0
80765 0
80766 0
80767 0
80768 0
80769 1
80770 1
80771 1
80772 1
80773 0
80774 0
80775 0
80776 0
80777 0
80778 0
80779 0
80780 1
80781 1
80782 0
80783 1
80784 0
80785 0
80786 1
80787 0
80788 0
80789 1
80790 0
80791 1
80792 1
80793 1
80794 0
80795 1
80796 1
80797 1
80798 0
80799 0
80800 1
80801 0
80802 0
80803 0
80804 1
80805 1
80806 1
80807 1
80808 0
80809 1
80810 0
80811 1
80812 1
80813 0
80814 0
80815 1
80816 1
80817 1
80818 1
80819 1
80820 1
80821 1
80822 0
80823 0
80824 1
80825 1
80826 1
80827 1
80828 0
80829 0
80830 0
80831 1
80832 1
80833 1
80834 0
80835 0
80836 1
80837 1
80838 1
80839 0
80840 1
80841 0
80842 1
80843 0
80844 0
80845 1
80846 0
80847 1
80848 0
80849 0
80850 1
80851 0
80852 0
80853 0
80854 0
80855 0
80856 0
80857 1
80858 0
80859 1
80860 0
80861 0
80862 1
80863 1
80864 1
80865 0
80866 1
80867 0
80868 0
80869 1
80870 0
80871 1
80872 1
80873 0
80874 1
80875 0
80876 0
80877 1
80878 0
80879 0
80880 1
80881 0
80882 0
80883 0
80884 0
80885 1
80886 1
80887 1
80888 0
80889 1
80890 0
80891 1
80892 0
80893 1
80894 0
80895 0
80896 1
80897 0
80898 1
80899 0
80900 0
80901 0
80902 0
80903 0
80904 0
80905 1
80906 1
80907 1
80908 0
80909 1
80910 1
80911 1
80912 0
80913 0
80914 0
80915 1
80916 1
80917 1
80918 1
80919 1
80920 0
80921 1
80922 1
80923 0
80924 0
80925 1
80926 0
80927 0
80928 0
80929 0
80930 1
80931 1
80932 0
80933 1
80934 0
80935 0
80936 0
80937 0
80938 1
80939 1
80940 1
80941 1
80942 0
80943 0
80944 0
80945 1
80946 0
80947 0
80948 1
80949 0
80950 0
80951 0
80952 0
80953 0
80954 1
80955 0
80956 1
80957 1
80958 0
80959 0
80960 0
80961 0
80962 0
80963 1
80964 1
80965 0
80966 0
80967 1
80968 0
80969 0
80970 1
80971 1
80972 1
80973 0
80974 1
80975 1
80976 1
80977 0
80978 0
80979 1
80980 0
80981 1
80982 0
80983 0
80984 1
80985 0
80986 0
80987 0
80988 0
80989 0
80990 1
80991 0
80992 0
80993 1
80994 1
80995 0
80996 0
80997 1
80998 0
80999 0
81000 1
81001 0
81002 0
81003 1
81004 1
81005 1
81006 0
81007 0
81008 1
81009 1
81010 0
81011 0
81012 0
81013 0
81014 1
81015 1
81016 0
81017 0
81018 1
81019 1
81020 1
81021 1
81022 1
81023 0
81024 0
81025 0
81026 0
81027 1
81028 1
81029 1
81030 0
81031 1
81032 1
81033 0
81034 1
81035 0
81036 0
81037 1
81038 1
81039 1
81040 0
81041 0
81042 1
81043 0
81044 0
81045 0
81046 0
81047 0
81048 0
81049 0
81050 1
81051 1
81052 1
81053 1
81054 0
81055 0
81056 1
81057 0
81058 0
81059 0
81060 1
81061 0
81062 0
81063 0
81064 0
81065 1
81066 0
81067 1
81068 0
81069 0
81070 1
81071 0
81072 1
81073 1
81074 0
81075 1
81076 0
81077 0
81078 1
81079 0
81080 1
81081 1
81082 1
81083 0
81084 1
81085 1
81086 1
81087 0
81088 1
81089 1
81090 1
81091 0
81092 1
81093 0
81094 0
81095 0
81096 1
81097 0
81098 1
81099 0
81100 0
81101 1
81102 0
81103 1
81104 1
81105 0
81106 0
81107 0
81108 1
81109 1
81110 0
81111 1
81112 0
81113 1
81114 0
81115 0
81116 0
81117 1
81118 0
81119 1
81120 1
81121 1
81122 1
81123 1
81124 0
81125 1
81126 1
81127 0
81128 1
81129 1
81130 0
81131 0
81132 0
81133 0
81134 0
81135 1
81136 0
81137 0
81138 1
81139 0
81140 0
81141 1
81142 1
81143 0
81144 0
81145 0
81146 1
81147 1
81148 1
81149 0
81150 1
81151 1
81152 0
81153 0
81154 0
81155 0
81156 0
81157 0
81158 0
81159 0
81160 1
81161 0
81162 0
81163 1
81164 0
81165 1
81166 0
81167 1
81168 1
81169 0
81170 1
81171 0
81172 0
81173 0
81174 0
81175 0
81176 1
81177 1
81178 1
81179 1
81180 0
81181 1
81182 0
81183 0
81184 1
81185 1
81186 1
81187 0
81188 0
81189 1
81190 0
81191 1
81192 0
81193 0
81194 1
81195 1
81196 1
81197 1
81198 1
81199 1
81200 0
81201 0
81202 1
81203 1
81204 1
81205 1
81206 0
81207 0
81208 0
81209 0
81210 1
81211 0
81212 0
81213 1
81214 0
81215 1
81216 1
81217 1
81218 1
81219 1
81220 1
81221 0
81222 1
81223 1
81224 1
81225 0
81226 0
81227 1
81228 0
81229 0
81230 1
81231 0
81232 1
81233 0
81234 1
81235 0
81236 0
81237 1
81238 1
81239 0
81240 0
81241 0
81242 0
81243 0
81244 0
81245 0
81246 0
81247 0
81248 1
81249 1
81250 0
81251 0
81252 1
81253 1
81254 1
81255 0
81256 0
81257 0
81258 1
81259 0
81260 1
81261 1
81262 0
81263 1
81264 0
81265 0
81266 1
81267 0
81268 1
81269 1
81270 0
81271 1
81272 1
81273 1
81274 0
81275 1
81276 0
81277 0
81278 0
81279 0
81280 1
81281 0
81282 0
81283 1
81284 1
81285 0
81286 0
81287 0
81288 0
81289 1
81290 1
81291 1
81292 1
81293 1
81294 0
81295 0
81296 1
81297 1
81298 1
81299 0
81300 1
81301 0
81302 1
81303 1
81304 1
81305 1
81306 1
81307 0
81308 1
81309 0
81310 0
81311 0
81312 0
81313 1
81314 0
81315 1
81316 0
81317 0
81318 0
81319 1
81320 0
81321 1
81322 1
81323 0
81324 0
81325 0
81326 0
81327 0
81328 0
81329 0
81330 1
81331 0
81332 0
81333 0
81334 1
81335 1
81336 1
81337 0
81338 1
81339 0
81340 1
81341 0
81342 0
81343 0
81344 1
81345 0
81346 0
81347 1
81348 1
81349 0
81350 1
81351 1
81352 0
81353 1
81354 0
81355 0
81356 1
81357 1
81358 0
81359 0
81360 0
81361 0
81362 1
81363 0
81364 1
81365 1
81366 1
81367 0
81368 0
81369 0
81370 1
81371 0
81372 0
81373 0
81374 0
81375 1
81376 1
81377 0
81378 1
81379 0
81380 1
81381 0
81382 1
81383 0
81384 1
81385 0
81386 1
81387 0
81388 1
81389 0
81390 1
81391 0
81392 1
81393 1
81394 1
81395 0
81396 1
81397 0
81398 0
81399 1
81400 0
81401 0
81402 1
81403 1
81404 1
81405 1
81406 0
81407 0
81408 0
81409 0
81410 0
81411 1
81412 1
81413 1
81414 1
81415 1
81416 0
81417 0
81418 1
81419 1
81420 0
81421 1
81422 1
81423 1
81424 1
81425 1
81426 1
81427 0
81428 0
81429 0
81430 0
81431 0
81432 0
81433 1
81434 1
81435 0
81436 1
81437 0
81438 0
81439 0
81440 1
81441 1
81442 1
81443 1
81444 0
81445 0
81446 0
81447 0
81448 1
81449 1
81450 1
81451 0
81452 1
81453 0
81454 1
81455 0
81456 0
81457 1
81458 1
81459 1
81460 0
81461 1
81462 0
81463 0
81464 0
81465 0
81466 0
81467 1
81468 1
81469 0
81470 0
81471 0
81472 1
81473 0
81474 1
81475 1
81476 0
81477 1
81478 1
81479 1
81480 1
81481 0
81482 0
81483 1
81484 0
81485 0
81486 1
81487 1
81488 0
81489 1
81490 1
81491 0
81492 1
81493 1
81494 1
81495 0
81496 0
81497 0
81498 0
81499 1
81500 0
81501 1
81502 1
81503 1
81504 0
81505 1
81506 1
81507 0
81508 1
81509 0
81510 1
81511 1
81512 1
81513 0
81514 1
81515 1
81516 0
81517 0
81518 1
81519 1
81520 0
81521 1
81522 0
81523 1
81524 1
81525 1
81526 1
81527 1
81528 0
81529 0
81530 1
81531 1
81532 1
81533 0
81534 0
81535 0
81536 0
81537 1
81538 1
81539 1
81540 1
81541 1
81542 1
81543 1
81544 1
81545 1
81546 1
81547 1
81548 0
81549 0
81550 0
81551 1
81552 1
81553 1
81554 0
81555 1
81556 1
81557 1
81558 1
81559 1
81560 1
81561 1
81562 1
81563 1
81564 0
81565 0
81566 1
81567 1
81568 0
81569 1
81570 1
81571 0
81572 1
81573 1
81574 0
81575 0
81576 1
81577 0
81578 0
81579 1
81580 1
81581 1
81582 1
81583 0
81584 0
81585 0
81586 0
81587 0
81588 0
81589 1
81590 1
81591 1
81592 1
81593 0
81594 0
81595 1
81596 1
81597 0
81598 1
81599 1
81600 1
81601 1
81602 1
81603 1
81604 1
81605 1
81606 1
81607 0
81608 1
81609 0
81610 0
81611 1
81612 1
81613 0
81614 1
81615 1
81616 0
81617 1
81618 1
81619 0
81620 0
81621 0
81622 1
81623 1
81624 1
81625 1
81626 1
81627 1
81628 0
81629 0
81630 0
81631 0
81632 0
81633 0
81634 1
81635 1
81636 1
81637 0
81638 0
81639 1
81640 0
81641 1
81642 1
81643 0
81644 0
81645 0
81646 1
81647 0
81648 0
81649 0
81650 1
81651 1
81652 0
81653 0
81654 1
81655 0
81656 0
81657 1
81658 0
81659 0
81660 0
81661 1
81662 0
81663 0
81664 1
81665 0
81666 1
81667 0
81668 1
81669 1
81670 1
81671 1
81672 0
81673 0
81674 1
81675 0
81676 0
81677 1
81678 1
81679 0
81680 1
81681 0
81682 1
81683 0
81684 1
81685 0
81686 0
81687 0
81688 0
81689 0
81690 0
81691 1
81692 1
81693 1
81694 0
81695 0
81696 0
81697 1
81698 1
81699 1
81700 1
81701 1
81702 1
81703 0
81704 1
81705 0
81706 1
81707 0
81708 1
81709 0
81710 1
81711 0
81712 0
81713 1
81714 0
81715 1
81716 1
81717 0
81718 1
81719 1
81720 1
81721 1
81722 1
81723 0
81724 0
81725 0
81726 1
81727 0
81728 1
81729 0
81730 0
81731 1
81732 1
81733 1
81734 0
81735 1
81736 0
81737 0
81738 0
81739 1
81740 1
81741 1
81742 0
81743 1
81744 1
81745 1
81746 1
81747 1
81748 0
81749 0
81750 1
81751 1
81752 1
81753 0
81754 1
81755 0
81756 1
81757 0
81758 0
81759 0
81760 0
81761 1
81762 0
81763 0
81764 1
81765 0
81766 1
81767 1
81768 1
81769 0
81770 0
81771 0
81772 0
81773 1
81774 1
81775 1
81776 1
81777 1
81778 0
81779 0
81780 1
81781 1
81782 0
81783 0
81784 0
81785 1
81786 1
81787 1
81788 1
81789 0
81790 0
81791 0
81792 0
81793 0
81794 0
81795 1
81796 1
81797 0
81798 1
81799 1
81800 1
81801 0
81802 0
81803 0
81804 1
81805 0
81806 0
81807 0
81808 1
81809 1
81810 0
81811 0
81812 1
81813 1
81814 0
81815 0
81816 1
81817 1
81818 1
81819 0
81820 0
81821 1
81822 0
81823 0
81824 0
81825 0
81826 1
81827 1
81828 1
81829 1
81830 1
81831 1
81832 1
81833 0
81834 0
81835 1
81836 0
81837 0
81838 0
81839 1
81840 0
81841 0
81842 1
81843 1
81844 1
81845 0
81846 1
81847 1
81848 0
81849 1
81850 0
81851 1
81852 0
81853 1
81854 1
81855 0
81856 0
81857 1
81858 0
81859 1
81860 0
81861 0
81862 0
81863 0
81864 1
81865 0
81866 1
81867 1
81868 1
81869 0
81870 1
81871 1
81872 0
81873 1
81874 1
81875 1
81876 0
81877 0
81878 0
81879 0
81880 1
81881 0
81882 0
81883 0
81884 0
81885 0
81886 1
81887 1
81888 1
81889 1
81890 1
81891 0
81892 1
81893 1
81894 0
81895 1
81896 0
81897 0
81898 1
81899 0
81900 0
81901 0
81902 0
81903 0
81904 1
81905 0
81906 0
81907 0
81908 1
81909 1
81910 0
81911 1
81912 1
81913 0
81914 1
81915 1
81916 1
81917 0
81918 1
81919 1
81920 1
81921 0
81922 0
81923 1
81924 1
81925 1
81926 1
81927 0
81928 1
81929 1
81930 0
81931 1
81932 1
81933 0
81934 1
81935 1
81936 0
81937 0
81938 0
81939 1
81940 1
81941 1
81942 0
81943 0
81944 0
81945 0
81946 1
81947 0
81948 1
81949 1
81950 1
81951 0
81952 1
81953 0
81954 1
81955 0
81956 1
81957 1
81958 0
81959 0
81960 1
81961 1
81962 1
81963 1
81964 0
81965 1
81966 0
81967 1
81968 0
81969 0
81970 1
81971 0
81972 0
81973 1
81974 1
81975 1
81976 1
81977 0
81978 1
81979 1
81980 1
81981 1
81982 1
81983 1
81984 1
81985 1
81986 1
81987 0
81988 0
81989 0
81990 1
81991 1
81992 1
81993 1
81994 1
81995 0
81996 0
81997 1
81998 1
81999 1
82000 0
82001 0
82002 1
82003 1
82004 1
82005 1
82006 0
82007 0
82008 0
82009 1
82010 1
82011 0
82012 0
82013 0
82014 0
82015 1
82016 1
82017 0
82018 1
82019 0
82020 0
82021 1
82022 0
82023 1
82024 1
82025 1
82026 0
82027 1
82028 0
82029 1
82030 1
82031 1
82032 0
82033 0
82034 1
82035 0
82036 0
82037 1
82038 1
82039 1
82040 1
82041 1
82042 1
82043 0
82044 0
82045 0
82046 1
82047 0
82048 0
82049 0
82050 1
82051 0
82052 1
82053 1
82054 0
82055 1
82056 0
82057 0
82058 1
82059 1
82060 1
82061 1
82062 0
82063 1
82064 1
82065 0
82066 1
82067 1
82068 1
82069 0
82070 0
82071 1
82072 0
82073 0
82074 1
82075 0
82076 1
82077 0
82078 0
82079 0
82080 1
82081 1
82082 1
82083 1
82084 0
82085 0
82086 0
82087 1
82088 1
82089 1
82090 0
82091 1
82092 1
82093 0
82094 1
82095 1
82096 1
82097 1
82098 0
82099 1
82100 1
82101 1
82102 1
82103 1
82104 0
82105 1
82106 1
82107 0
82108 0
82109 1
82110 0
82111 1
82112 1
82113 1
82114 1
82115 0
82116 1
82117 1
82118 1
82119 1
82120 0
82121 0
82122 0
82123 1
82124 1
82125 0
82126 1
82127 0
82128 1
82129 1
82130 0
82131 0
82132 1
82133 1
82134 1
82135 1
82136 1
82137 1
82138 0
82139 1
82140 0
82141 0
82142 1
82143 1
82144 1
82145 1
82146 0
82147 1
82148 0
82149 1
82150 0
82151 1
82152 1
82153 1
82154 0
82155 0
82156 0
82157 1
82158 1
82159 1
82160 1
82161 1
82162 0
82163 0
82164 0
82165 0
82166 1
82167 0
82168 0
82169 0
82170 0
82171 1
82172 1
82173 1
82174 0
82175 0
82176 0
82177 0
82178 0
82179 0
82180 1
82181 0
82182 0
82183 1
82184 0
82185 0
82186 1
82187 0
82188 0
82189 1
82190 0
82191 0
82192 0
82193 1
82194 0
82195 1
82196 0
82197 1
82198 0
82199 1
82200 0
82201 1
82202 1
82203 1
82204 1
82205 1
82206 0
82207 1
82208 0
82209 0
82210 1
82211 1
82212 1
82213 0
82214 1
82215 0
82216 0
82217 1
82218 1
82219 0
82220 0
82221 0
82222 0
82223 1
82224 0
82225 0
82226 1
82227 1
82228 1
82229 1
82230 0
82231 0
82232 1
82233 1
82234 1
82235 0
82236 0
82237 0
82238 1
82239 1
82240 1
82241 0
82242 0
82243 0
82244 1
82245 1
82246 0
82247 1
82248 0
82249 1
82250 0
82251 0
82252 1
82253 1
82254 0
82255 1
82256 0
82257 1
82258 1
82259 0
82260 0
82261 1
82262 0
82263 1
82264 0
82265 1
82266 1
82267 1
82268 1
82269 1
82270 1
82271 0
82272 0
82273 0
82274 0
82275 0
82276 1
82277 1
82278 0
82279 1
82280 1
82281 1
82282 0
82283 1
82284 1
82285 1
82286 1
82287 1
82288 1
82289 1
82290 1
82291 0
82292 1
82293 1
82294 0
82295 0
82296 1
82297 1
82298 0
82299 1
82300 1
82301 1
82302 0
82303 0
82304 1
82305 0
82306 0
82307 0
82308 1
82309 0
82310 1
82311 1
82312 0
82313 1
82314 0
82315 0
82316 0
82317 1
82318 0
82319 0
82320 1
82321 0
82322 1
82323 1
82324 0
82325 0
82326 1
82327 0
82328 0
82329 1
82330 1
82331 0
82332 0
82333 1
82334 0
82335 0
82336 1
82337 1
82338 1
82339 0
82340 1
82341 0
82342 0
82343 1
82344 1
82345 1
82346 0
82347 1
82348 0
82349 0
82350 0
82351 1
82352 1
82353 0
82354 0
82355 1
82356 1
82357 0
82358 0
82359 0
82360 0
82361 1
82362 0
82363 0
82364 1
82365 0
82366 1
82367 1
82368 0
82369 0
82370 1
82371 0
82372 0
82373 0
82374 0
82375 1
82376 0
82377 0
82378 0
82379 1
82380 1
82381 1
82382 1
82383 1
82384 0
82385 1
82386 1
82387 0
82388 1
82389 0
82390 1
82391 1
82392 1
82393 1
82394 1
82395 1
82396 0
82397 1
82398 1
82399 1
82400 1
82401 0
82402 0
82403 1
82404 0
82405 0
82406 0
82407 0
82408 0
82409 0
82410 1
82411 1
82412 1
82413 0
82414 0
82415 1
82416 1
82417 1
82418 1
82419 0
82420 0
82421 0
82422 0
82423 0
82424 0
82425 1
82426 1
82427 0
82428 0
82429 0
82430 0
82431 0
82432 0
82433 1
82434 1
82435 1
82436 0
82437 0
82438 1
82439 1
82440 1
82441 0
82442 1
82443 0
82444 1
82445 1
82446 1
82447 0
82448 1
82449 0
82450 1
82451 0
82452 1
82453 0
82454 1
82455 0
82456 1
82457 0
82458 1
82459 1
82460 1
82461 1
82462 0
82463 1
82464 1
82465 1
82466 0
82467 1
82468 0
82469 0
82470 0
82471 1
82472 1
82473 0
82474 1
82475 1
82476 1
82477 0
82478 0
82479 1
82480 1
82481 1
82482 1
82483 0
82484 1
82485 1
82486 1
82487 1
82488 1
82489 1
82490 1
82491 0
82492 0
82493 1
82494 1
82495 0
82496 0
82497 1
82498 0
82499 1
82500 1
82501 1
82502 1
82503 1
82504 1
82505 0
82506 0
82507 0
82508 0
82509 0
82510 1
82511 0
82512 0
82513 0
82514 1
82515 0
82516 1
82517 0
82518 1
82519 1
82520 1
82521 0
82522 1
82523 1
82524 1
82525 1
82526 0
82527 0
82528 0
82529 1
82530 0
82531 0
82532 1
82533 0
82534 0
82535 0
82536 1
82537 0
82538 1
82539 1
82540 1
82541 1
82542 0
82543 1
82544 0
82545 1
82546 1
82547 0
82548 0
82549 1
82550 0
82551 1
82552 1
82553 1
82554 0
82555 0
82556 0
82557 1
82558 0
82559 1
82560 1
82561 0
82562 0
82563 1
82564 0
82565 0
82566 0
82567 1
82568 1
82569 1
82570 1
82571 0
82572 1
82573 1
82574 0
82575 1
82576 0
82577 0
82578 0
82579 0
82580 1
82581 0
82582 0
82583 1
82584 0
82585 0
82586 0
82587 1
82588 1
82589 0
82590 0
82591 1
82592 1
82593 1
82594 0
82595 0
82596 0
82597 0
82598 1
82599 0
82600 0
82601 0
82602 1
82603 0
82604 0
82605 1
82606 1
82607 0
82608 0
82609 1
82610 0
82611 1
82612 0
82613 1
82614 0
82615 1
82616 1
82617 1
82618 0
82619 1
82620 1
82621 1
82622 1
82623 0
82624 0
82625 1
82626 1
82627 1
82628 0
82629 1
82630 1
82631 1
82632 1
82633 0
82634 1
82635 0
82636 1
82637 0
82638 1
82639 1
82640 1
82641 0
82642 1
82643 0
82644 1
82645 0
82646 0
82647 0
82648 0
82649 0
82650 0
82651 1
82652 0
82653 0
82654 0
82655 1
82656 0
82657 0
82658 1
82659 0
82660 0
82661 1
82662 1
82663 0
82664 0
82665 0
82666 0
82667 0
82668 1
82669 0
82670 0
82671 0
82672 1
82673 0
82674 1
82675 1
82676 0
82677 0
82678 1
82679 0
82680 0
82681 1
82682 1
82683 1
82684 0
82685 1
82686 1
82687 0
82688 1
82689 0
82690 0
82691 0
82692 1
82693 0
82694 0
82695 0
82696 0
82697 1
82698 1
82699 1
82700 0
82701 1
82702 1
82703 0
82704 0
82705 0
82706 1
82707 0
82708 1
82709 0
82710 0
82711 1
82712 0
82713 0
82714 1
82715 1
82716 0
82717 1
82718 1
82719 0
82720 1
82721 0
82722 0
82723 1
82724 0
82725 1
82726 0
82727 1
82728 0
82729 1
82730 0
82731 0
82732 0
82733 1
82734 1
82735 0
82736 0
82737 1
82738 0
82739 1
82740 1
82741 0
82742 0
82743 0
82744 0
82745 1
82746 0
82747 0
82748 1
82749 0
82750 0
82751 0
82752 0
82753 1
82754 1
82755 0
82756 1
82757 0
82758 0
82759 1
82760 0
82761 1
82762 1
82763 0
82764 0
82765 1
82766 0
82767 1
82768 0
82769 1
82770 1
82771 0
82772 1
82773 1
82774 1
82775 0
82776 0
82777 0
82778 1
82779 1
82780 1
82781 1
82782 1
82783 1
82784 1
82785 0
82786 1
82787 0
82788 1
82789 0
82790 0
82791 1
82792 1
82793 0
82794 0
82795 1
82796 0
82797 1
82798 0
82799 1
82800 0
82801 0
82802 1
82803 1
82804 1
82805 1
82806 1
82807 1
82808 0
82809 0
82810 0
82811 0
82812 0
82813 1
82814 0
82815 0
82816 1
82817 0
82818 0
82819 0
82820 0
82821 0
82822 0
82823 1
82824 1
82825 1
82826 0
82827 0
82828 0
82829 1
82830 0
82831 1
82832 0
82833 1
82834 1
82835 1
82836 1
82837 1
82838 0
82839 1
82840 1
82841 1
82842 0
82843 1
82844 1
82845 0
82846 0
82847 0
82848 0
82849 1
82850 1
82851 0
82852 1
82853 1
82854 0
82855 1
82856 1
82857 1
82858 0
82859 0
82860 0
82861 1
82862 0
82863 0
82864 1
82865 0
82866 0
82867 1
82868 1
82869 0
82870 0
82871 1
82872 1
82873 1
82874 1
82875 1
82876 0
82877 1
82878 1
82879 1
82880 1
82881 1
82882 1
82883 0
82884 1
82885 1
82886 0
82887 1
82888 1
82889 0
82890 1
82891 1
82892 0
82893 0
82894 1
82895 1
82896 0
82897 1
82898 1
82899 1
82900 1
82901 1
82902 0
82903 0
82904 0
82905 0
82906 0
82907 1
82908 0
82909 0
82910 1
82911 1
82912 0
82913 1
82914 1
82915 0
82916 1
82917 1
82918 1
82919 0
82920 1
82921 1
82922 1
82923 1
82924 1
82925 0
82926 0
82927 1
82928 0
82929 0
82930 1
82931 1
82932 1
82933 1
82934 1
82935 0
82936 1
82937 1
82938 1
82939 0
82940 0
82941 1
82942 1
82943 1
82944 1
82945 0
82946 1
82947 0
82948 0
82949 0
82950 0
82951 0
82952 0
82953 1
82954 1
82955 0
82956 0
82957 1
82958 0
82959 0
82960 0
82961 0
82962 1
82963 0
82964 1
82965 1
82966 1
82967 0
82968 1
82969 1
82970 0
82971 0
82972 1
82973 1
82974 1
82975 0
82976 0
82977 0
82978 0
82979 0
82980 1
82981 1
82982 1
82983 0
82984 0
82985 1
82986 0
82987 1
82988 0
82989 0
82990 0
82991 0
82992 0
82993 1
82994 0
82995 1
82996 1
82997 1
82998 1
82999 0
83000 1
83001 0
83002 0
83003 0
83004 0
83005 1
83006 1
83007 0
83008 0
83009 0
83010 1
83011 0
83012 1
83013 0
83014 1
83015 0
83016 1
83017 1
83018 1
83019 1
83020 1
83021 0
83022 1
83023 1
83024 1
83025 0
83026 0
83027 0
83028 1
83029 0
83030 0
83031 1
83032 0
83033 0
83034 0
83035 0
83036 1
83037 0
83038 0
83039 1
83040 0
83041 0
83042 1
83043 1
83044 1
83045 0
83046 1
83047 1
83048 1
83049 1
83050 0
83051 0
83052 1
83053 1
83054 1
83055 0
83056 0
83057 1
83058 1
83059 1
83060 0
83061 0
83062 0
83063 1
83064 1
83065 0
83066 1
83067 1
83068 1
83069 1
83070 0
83071 1
83072 0
83073 1
83074 1
83075 0
83076 1
83077 0
83078 1
83079 1
83080 1
83081 0
83082 1
83083 0
83084 1
83085 0
83086 1
83087 1
83088 1
83089 0
83090 1
83091 1
83092 1
83093 0
83094 1
83095 0
83096 0
83097 1
83098 1
83099 0
83100 1
83101 1
83102 1
83103 0
83104 0
83105 1
83106 1
83107 0
83108 0
83109 0
83110 1
83111 0
83112 0
83113 1
83114 0
83115 1
83116 0
83117 1
83118 0
83119 1
83120 1
83121 1
83122 0
83123 0
83124 1
83125 1
83126 0
83127 1
83128 1
83129 1
83130 0
83131 0
83132 0
83133 1
83134 1
83135 1
83136 0
83137 0
83138 1
83139 1
83140 1
83141 1
83142 1
83143 1
83144 1
83145 1
83146 0
83147 0
83148 1
83149 1
83150 1
83151 1
83152 1
83153 1
83154 0
83155 0
83156 0
83157 0
83158 1
83159 0
83160 1
83161 1
83162 1
83163 1
83164 1
83165 0
83166 0
83167 1
83168 0
83169 0
83170 1
83171 0
83172 1
83173 1
83174 1
83175 1
83176 0
83177 0
83178 0
83179 1
83180 1
83181 1
83182 0
83183 0
83184 0
83185 1
83186 1
83187 0
83188 0
83189 0
83190 1
83191 1
83192 1
83193 0
83194 0
83195 0
83196 0
83197 1
83198 0
83199 0
83200 0
83201 0
83202 0
83203 1
83204 0
83205 1
83206 0
83207 1
83208 0
83209 0
83210 0
83211 1
83212 0
83213 1
83214 0
83215 1
83216 1
83217 0
83218 1
83219 0
83220 0
83221 1
83222 0
83223 0
83224 1
83225 1
83226 1
83227 1
83228 0
83229 1
83230 1
83231 0
83232 1
83233 1
83234 0
83235 1
83236 0
83237 0
83238 0
83239 0
83240 0
83241 0
83242 1
83243 1
83244 1
83245 1
83246 0
83247 0
83248 1
83249 1
83250 1
83251 1
83252 1
83253 1
83254 1
83255 0
83256 1
83257 0
83258 1
83259 0
83260 0
83261 0
83262 0
83263 1
83264 0
83265 0
83266 0
83267 0
83268 1
83269 1
83270 0
83271 0
83272 0
83273 0
83274 0
83275 1
83276 1
83277 0
83278 1
83279 0
83280 0
83281 1
83282 0
83283 0
83284 1
83285 1
83286 0
83287 1
83288 0
83289 1
83290 1
83291 1
83292 1
83293 1
83294 0
83295 1
83296 0
83297 1
83298 1
83299 0
83300 1
83301 0
83302 1
83303 0
83304 0
83305 0
83306 0
83307 1
83308 1
83309 0
83310 1
83311 0
83312 1
83313 1
83314 0
83315 0
83316 0
83317 0
83318 1
83319 0
83320 0
83321 1
83322 0
83323 1
83324 0
83325 1
83326 0
83327 0
83328 1
83329 0
83330 1
83331 1
83332 0
83333 1
83334 1
83335 0
83336 1
83337 1
83338 1
83339 0
83340 1
83341 0
83342 0
83343 0
83344 0
83345 0
83346 1
83347 0
83348 1
83349 0
83350 0
83351 1
83352 0
83353 0
83354 1
83355 1
83356 0
83357 1
83358 0
83359 1
83360 0
83361 0
83362 1
83363 0
83364 0
83365 1
83366 0
83367 1
83368 1
83369 1
83370 1
83371 0
83372 1
83373 1
83374 0
83375 1
83376 0
83377 1
83378 0
83379 0
83380 1
83381 0
83382 1
83383 0
83384 1
83385 1
83386 0
83387 1
83388 1
83389 1
83390 1
83391 0
83392 0
83393 1
83394 0
83395 1
83396 1
83397 0
83398 1
83399 1
83400 1
83401 1
83402 0
83403 0
83404 1
83405 0
83406 1
83407 0
83408 1
83409 0
83410 0
83411 0
83412 0
83413 1
83414 1
83415 1
83416 1
83417 0
83418 0
83419 0
83420 1
83421 1
83422 0
83423 0
83424 1
83425 1
83426 1
83427 1
83428 1
83429 0
83430 0
83431 1
83432 1
83433 0
83434 1
83435 0
83436 0
83437 0
83438 0
83439 0
83440 1
83441 0
83442 1
83443 1
83444 0
83445 0
83446 0
83447 1
83448 1
83449 1
83450 1
83451 0
83452 0
83453 1
83454 0
83455 0
83456 1
83457 1
83458 1
83459 0
83460 1
83461 1
83462 1
83463 1
83464 0
83465 1
83466 1
83467 1
83468 1
83469 0
83470 1
83471 1
83472 1
83473 1
83474 0
83475 1
83476 0
83477 1
83478 1
83479 0
83480 1
83481 0
83482 0
83483 0
83484 1
83485 1
83486 0
83487 1
83488 1
83489 1
83490 0
83491 1
83492 1
83493 0
83494 0
83495 1
83496 0
83497 1
83498 1
83499 0
83500 1
83501 1
83502 1
83503 0
83504 0
83505 1
83506 0
83507 1
83508 0
83509 0
83510 1
83511 1
83512 0
83513 1
83514 1
83515 0
83516 0
83517 1
83518 1
83519 0
83520 1
83521 1
83522 0
83523 0
83524 0
83525 1
83526 0
83527 1
83528 1
83529 1
83530 0
83531 0
83532 1
83533 1
83534 1
83535 1
83536 0
83537 1
83538 1
83539 0
83540 0
83541 0
83542 1
83543 1
83544 1
83545 0
83546 1
83547 0
83548 1
83549 1
83550 0
83551 0
83552 1
83553 0
83554 1
83555 0
83556 0
83557 0
83558 0
83559 0
83560 0
83561 1
83562 0
83563 1
83564 0
83565 0
83566 0
83567 0
83568 1
83569 1
83570 1
83571 1
83572 0
83573 0
83574 0
83575 0
83576 1
83577 1
83578 0
83579 1
83580 0
83581 1
83582 0
83583 1
83584 0
83585 0
83586 1
83587 1
83588 0
83589 1
83590 1
83591 0
83592 1
83593 1
83594 1
83595 1
83596 0
83597 0
83598 0
83599 0
83600 0
83601 0
83602 0
83603 0
83604 0
83605 0
83606 1
83607 1
83608 0
83609 0
83610 0
83611 0
83612 1
83613 0
83614 0
83615 1
83616 1
83617 0
83618 1
83619 0
83620 1
83621 1
83622 0
83623 0
83624 0
83625 1
83626 0
83627 1
83628 0
83629 1
83630 0
83631 0
83632 1
83633 0
83634 0
83635 0
83636 0
83637 1
83638 0
83639 0
83640 1
83641 0
83642 1
83643 0
83644 0
83645 1
83646 0
83647 0
83648 0
83649 1
83650 1
83651 1
83652 1
83653 0
83654 0
83655 0
83656 0
83657 1
83658 1
83659 0
83660 1
83661 1
83662 1
83663 1
83664 0
83665 0
83666 0
83667 1
83668 1
83669 1
83670 0
83671 0
83672 1
83673 0
83674 1
83675 1
83676 0
83677 0
83678 0
83679 0
83680 0
83681 0
83682 0
83683 0
83684 0
83685 1
83686 0
83687 0
83688 0
83689 1
83690 0
83691 1
83692 0
83693 0
83694 1
83695 1
83696 0
83697 1
83698 1
83699 1
83700 0
83701 0
83702 1
83703 1
83704 1
83705 0
83706 1
83707 0
83708 0
83709 1
83710 1
83711 1
83712 0
83713 1
83714 1
83715 0
83716 1
83717 1
83718 0
83719 1
83720 1
83721 0
83722 0
83723 0
83724 0
83725 1
83726 1
83727 0
83728 0
83729 0
83730 0
83731 1
83732 0
83733 1
83734 1
83735 1
83736 0
83737 1
83738 0
83739 1
83740 1
83741 0
83742 1
83743 0
83744 1
83745 1
83746 0
83747 1
83748 0
83749 1
83750 0
83751 0
83752 1
83753 0
83754 0
83755 0
83756 1
83757 1
83758 0
83759 1
83760 1
83761 0
83762 0
83763 1
83764 1
83765 1
83766 0
83767 1
83768 1
83769 0
83770 1
83771 0
83772 0
83773 1
83774 1
83775 0
83776 0
83777 1
83778 0
83779 0
83780 0
83781 0
83782 1
83783 0
83784 0
83785 1
83786 0
83787 0
83788 1
83789 0
83790 0
83791 1
83792 1
83793 0
83794 0
83795 1
83796 1
83797 1
83798 0
83799 0
83800 1
83801 0
83802 0
83803 1
83804 1
83805 0
83806 1
83807 1
83808 0
83809 1
83810 0
83811 1
83812 1
83813 1
83814 0
83815 1
83816 1
83817 0
83818 1
83819 1
83820 1
83821 1
83822 1
83823 1
83824 1
83825 0
83826 1
83827 1
83828 1
83829 1
83830 1
83831 0
83832 1
83833 0
83834 1
83835 0
83836 0
83837 1
83838 1
83839 0
83840 0
83841 0
83842 0
83843 1
83844 1
83845 1
83846 0
83847 1
83848 0
83849 1
83850 1
83851 0
83852 0
83853 0
83854 1
83855 0
83856 1
83857 1
83858 0
83859 0
83860 1
83861 0
83862 0
83863 1
83864 1
83865 0
83866 1
83867 1
83868 1
83869 1
83870 0
83871 1
83872 1
83873 1
83874 0
83875 1
83876 1
83877 0
83878 0
83879 1
83880 1
83881 1
83882 1
83883 1
83884 0
83885 1
83886 1
83887 0
83888 0
83889 1
83890 1
83891 1
83892 1
83893 0
83894 1
83895 1
83896 1
83897 1
83898 0
83899 1
83900 1
83901 0
83902 1
83903 0
83904 1
83905 0
83906 0
83907 0
83908 1
83909 1
83910 1
83911 0
83912 1
83913 1
83914 0
83915 0
83916 0
83917 1
83918 1
83919 1
83920 0
83921 1
83922 0
83923 0
83924 0
83925 1
83926 0
83927 1
83928 1
83929 1
83930 1
83931 1
83932 1
83933 0
83934 0
83935 0
83936 0
83937 0
83938 0
83939 0
83940 0
83941 0
83942 0
83943 1
83944 0
83945 0
83946 1
83947 1
83948 0
83949 0
83950 1
83951 1
83952 0
83953 0
83954 0
83955 1
83956 1
83957 1
83958 1
83959 0
83960 1
83961 1
83962 0
83963 1
83964 0
83965 0
83966 1
83967 1
83968 0
83969 0
83970 1
83971 1
83972 1
83973 0
83974 1
83975 1
83976 1
83977 0
83978 1
83979 1
83980 1
83981 0
83982 1
83983 0
83984 1
83985 1
83986 0
83987 0
83988 1
83989 1
83990 1
83991 0
83992 1
83993 1
83994 1
83995 1
83996 0
83997 0
83998 0
83999 0
84000 1
84001 0
84002 0
84003 0
84004 0
84005 1
84006 0
84007 0
84008 0
84009 0
84010 0
84011 1
84012 1
84013 0
84014 1
84015 1
84016 0
84017 1
84018 0
84019 1
84020 1
84021 0
84022 1
84023 0
84024 1
84025 0
84026 0
84027 0
84028 1
84029 0
84030 1
84031 1
84032 0
84033 0
84034 0
84035 1
84036 1
84037 0
84038 1
84039 0
84040 0
84041 0
84042 0
84043 0
84044 1
84045 1
84046 0
84047 0
84048 0
84049 1
84050 1
84051 1
84052 0
84053 1
84054 1
84055 0
84056 1
84057 1
84058 0
84059 0
84060 1
84061 0
84062 0
84063 0
84064 0
84065 1
84066 0
84067 1
84068 0
84069 1
84070 0
84071 0
84072 0
84073 0
84074 0
84075 1
84076 0
84077 1
84078 0
84079 1
84080 1
84081 0
84082 1
84083 0
84084 1
84085 1
84086 0
84087 0
84088 1
84089 0
84090 0
84091 1
84092 0
84093 1
84094 1
84095 0
84096 0
84097 1
84098 1
84099 1
84100 0
84101 0
84102 1
84103 1
84104 0
84105 1
84106 0
84107 1
84108 1
84109 0
84110 0
84111 0
84112 0
84113 1
84114 0
84115 1
84116 1
84117 0
84118 1
84119 0
84120 0
84121 0
84122 0
84123 1
84124 0
84125 0
84126 0
84127 1
84128 1
84129 1
84130 0
84131 1
84132 0
84133 0
84134 0
84135 0
84136 0
84137 1
84138 1
84139 1
84140 0
84141 0
84142 0
84143 0
84144 0
84145 1
84146 0
84147 0
84148 1
84149 1
84150 1
84151 1
84152 1
84153 1
84154 1
84155 0
84156 0
84157 0
84158 1
84159 1
84160 0
84161 0
84162 0
84163 1
84164 1
84165 0
84166 0
84167 1
84168 1
84169 1
84170 0
84171 0
84172 0
84173 0
84174 0
84175 0
84176 0
84177 0
84178 0
84179 1
84180 1
84181 1
84182 1
84183 1
84184 1
84185 0
84186 0
84187 0
84188 1
84189 1
84190 0
84191 1
84192 0
84193 1
84194 1
84195 0
84196 1
84197 1
84198 1
84199 0
84200 1
84201 1
84202 1
84203 1
84204 1
84205 0
84206 1
84207 1
84208 0
84209 1
84210 0
84211 1
84212 0
84213 1
84214 0
84215 0
84216 0
84217 0
84218 0
84219 0
84220 0
84221 1
84222 1
84223 0
84224 0
84225 0
84226 1
84227 1
84228 1
84229 1
84230 1
84231 1
84232 0
84233 1
84234 0
84235 1
84236 1
84237 0
84238 0
84239 0
84240 0
84241 0
84242 1
84243 1
84244 1
84245 1
84246 1
84247 1
84248 0
84249 1
84250 1
84251 1
84252 1
84253 0
84254 1
84255 0
84256 1
84257 1
84258 0
84259 0
84260 0
84261 0
84262 0
84263 1
84264 0
84265 1
84266 0
84267 1
84268 1
84269 1
84270 1
84271 0
84272 1
84273 1
84274 0
84275 1
84276 1
84277 0
84278 0
84279 1
84280 0
84281 0
84282 0
84283 1
84284 1
84285 0
84286 0
84287 0
84288 1
84289 0
84290 1
84291 0
84292 1
84293 0
84294 1
84295 0
84296 1
84297 1
84298 1
84299 0
84300 0
84301 1
84302 1
84303 0
84304 0
84305 1
84306 1
84307 1
84308 0
84309 0
84310 1
84311 0
84312 1
84313 0
84314 1
84315 0
84316 0
84317 1
84318 1
84319 0
84320 0
84321 0
84322 1
84323 0
84324 0
84325 0
84326 1
84327 1
84328 0
84329 1
84330 1
84331 1
84332 0
84333 0
84334 1
84335 0
84336 1
84337 0
84338 1
84339 0
84340 0
84341 1
84342 0
84343 0
84344 1
84345 1
84346 1
84347 0
84348 0
84349 0
84350 0
84351 1
84352 1
84353 0
84354 0
84355 0
84356 0
84357 1
84358 0
84359 0
84360 1
84361 1
84362 1
84363 0
84364 0
84365 0
84366 0
84367 1
84368 1
84369 1
84370 1
84371 0
84372 1
84373 0
84374 1
84375 0
84376 1
84377 1
84378 1
84379 0
84380 1
84381 1
84382 0
84383 1
84384 1
84385 0
84386 0
84387 1
84388 1
84389 0
84390 1
84391 0
84392 0
84393 1
84394 1
84395 0
84396 0
84397 1
84398 0
84399 0
84400 1
84401 0
84402 1
84403 0
84404 0
84405 1
84406 0
84407 1
84408 1
84409 1
84410 0
84411 1
84412 1
84413 1
84414 1
84415 1
84416 1
84417 0
84418 1
84419 0
84420 1
84421 1
84422 1
84423 0
84424 0
84425 0
84426 0
84427 1
84428 1
84429 0
84430 0
84431 0
84432 1
84433 1
84434 1
84435 0
84436 0
84437 0
84438 1
84439 0
84440 0
84441 0
84442 1
84443 0
84444 0
84445 0
84446 1
84447 0
84448 1
84449 1
84450 0
84451 0
84452 0
84453 1
84454 1
84455 1
84456 1
84457 1
84458 0
84459 1
84460 1
84461 0
84462 1
84463 0
84464 0
84465 0
84466 1
84467 0
84468 1
84469 0
84470 1
84471 0
84472 1
84473 1
84474 1
84475 0
84476 1
84477 1
84478 0
84479 0
84480 1
84481 1
84482 1
84483 0
84484 1
84485 0
84486 0
84487 0
84488 0
84489 1
84490 0
84491 1
84492 0
84493 1
84494 1
84495 0
84496 0
84497 1
84498 0
84499 0
84500 0
84501 1
84502 0
84503 1
84504 1
84505 1
84506 1
84507 0
84508 0
84509 1
84510 1
84511 1
84512 0
84513 1
84514 1
84515 1
84516 0
84517 1
84518 0
84519 1
84520 0
84521 1
84522 1
84523 0
84524 0
84525 1
84526 0
84527 0
84528 1
84529 1
84530 0
84531 0
84532 1
84533 1
84534 1
84535 1
84536 0
84537 0
84538 1
84539 0
84540 1
84541 0
84542 1
84543 0
84544 0
84545 1
84546 0
84547 1
84548 1
84549 0
84550 0
84551 1
84552 0
84553 1
84554 0
84555 0
84556 1
84557 1
84558 0
84559 1
84560 1
84561 1
84562 0
84563 1
84564 1
84565 0
84566 0
84567 0
84568 0
84569 0
84570 0
84571 1
84572 0
84573 0
84574 0
84575 1
84576 0
84577 1
84578 0
84579 1
84580 0
84581 1
84582 0
84583 0
84584 0
84585 1
84586 1
84587 0
84588 1
84589 1
84590 0
84591 0
84592 0
84593 0
84594 0
84595 1
84596 1
84597 0
84598 1
84599 0
84600 1
84601 0
84602 0
84603 0
84604 0
84605 0
84606 1
84607 1
84608 1
84609 0
84610 0
84611 1
84612 1
84613 1
84614 0
84615 0
84616 1
84617 1
84618 1
84619 1
84620 1
84621 0
84622 0
84623 0
84624 1
84625 1
84626 1
84627 1
84628 1
84629 0
84630 1
84631 0
84632 1
84633 1
84634 0
84635 1
84636 1
84637 0
84638 0
84639 0
84640 1
84641 1
84642 0
84643 0
84644 0
84645 0
84646 0
84647 0
84648 1
84649 1
84650 0
84651 1
84652 1
84653 0
84654 0
84655 1
84656 1
84657 0
84658 1
84659 1
84660 1
84661 0
84662 0
84663 0
84664 0
84665 0
84666 0
84667 0
84668 1
84669 0
84670 1
84671 1
84672 0
84673 0
84674 0
84675 0
84676 0
84677 0
84678 0
84679 0
84680 1
84681 0
84682 0
84683 0
84684 1
84685 1
84686 0
84687 0
84688 0
84689 1
84690 1
84691 0
84692 0
84693 1
84694 0
84695 1
84696 1
84697 1
84698 0
84699 1
84700 1
84701 0
84702 1
84703 0
84704 1
84705 0
84706 0
84707 1
84708 1
84709 1
84710 0
84711 1
84712 0
84713 1
84714 0
84715 0
84716 0
84717 1
84718 0
84719 1
84720 1
84721 1
84722 1
84723 0
84724 0
84725 0
84726 1
84727 1
84728 0
84729 0
84730 1
84731 1
84732 0
84733 0
84734 1
84735 1
84736 0
84737 1
84738 1
84739 0
84740 1
84741 0
84742 1
84743 1
84744 0
84745 1
84746 0
84747 0
84748 1
84749 1
84750 1
84751 0
84752 1
84753 1
84754 1
84755 1
84756 1
84757 1
84758 1
84759 0
84760 1
84761 0
84762 1
84763 1
84764 0
84765 1
84766 1
84767 0
84768 1
84769 0
84770 0
84771 0
84772 0
84773 1
84774 1
84775 0
84776 0
84777 0
84778 1
84779 0
84780 0
84781 1
84782 1
84783 0
84784 0
84785 0
84786 1
84787 1
84788 1
84789 0
84790 1
84791 0
84792 0
84793 1
84794 1
84795 0
84796 1
84797 0
84798 1
84799 1
84800 0
84801 1
84802 0
84803 1
84804 0
84805 0
84806 0
84807 0
84808 0
84809 1
84810 0
84811 0
84812 1
84813 1
84814 0
84815 0
84816 1
84817 1
84818 1
84819 1
84820 1
84821 1
84822 1
84823 0
84824 0
84825 1
84826 0
84827 0
84828 1
84829 1
84830 1
84831 1
84832 1
84833 1
84834 0
84835 1
84836 0
84837 1
84838 1
84839 0
84840 1
84841 1
84842 0
84843 0
84844 1
84845 1
84846 0
84847 0
84848 0
84849 1
84850 0
84851 1
84852 1
84853 1
84854 0
84855 1
84856 1
84857 1
84858 1
84859 0
84860 1
84861 0
84862 1
84863 0
84864 1
84865 0
84866 0
84867 0
84868 1
84869 0
84870 0
84871 1
84872 0
84873 0
84874 0
84875 1
84876 0
84877 0
84878 1
84879 0
84880 0
84881 0
84882 0
84883 0
84884 1
84885 1
84886 0
84887 1
84888 1
84889 1
84890 1
84891 0
84892 0
84893 1
84894 0
84895 0
84896 1
84897 0
84898 0
84899 0
84900 0
84901 0
84902 0
84903 1
84904 1
84905 1
84906 1
84907 1
84908 1
84909 1
84910 0
84911 1
84912 1
84913 1
84914 0
84915 1
84916 0
84917 1
84918 0
84919 1
84920 1
84921 1
84922 0
84923 1
84924 0
84925 0
84926 0
84927 0
84928 0
84929 0
84930 1
84931 1
84932 0
84933 1
84934 0
84935 0
84936 0
84937 1
84938 0
84939 1
84940 1
84941 0
84942 1
84943 0
84944 0
84945 1
84946 1
84947 0
84948 0
84949 0
84950 0
84951 0
84952 1
84953 1
84954 0
84955 0
84956 0
84957 1
84958 0
84959 0
84960 1
84961 1
84962 0
84963 1
84964 1
84965 0
84966 1
84967 1
84968 1
84969 1
84970 1
84971 0
84972 0
84973 1
84974 0
84975 1
84976 1
84977 0
84978 1
84979 0
84980 0
84981 0
84982 0
84983 0
84984 1
84985 1
84986 1
84987 0
84988 1
84989 1
84990 1
84991 1
84992 0
84993 0
84994 1
84995 1
84996 1
84997 1
84998 1
84999 0
85000 0
85001 1
85002 1
85003 0
85004 0
85005 1
85006 0
85007 0
85008 1
85009 1
85010 0
85011 0
85012 1
85013 0
85014 0
85015 0
85016 0
85017 0
85018 1
85019 1
85020 1
85021 0
85022 0
85023 1
85024 0
85025 1
85026 0
85027 1
85028 0
85029 1
85030 1
85031 0
85032 0
85033 1
85034 0
85035 0
85036 0
85037 0
85038 0
85039 0
85040 0
85041 1
85042 0
85043 0
85044 0
85045 1
85046 0
85047 1
85048 0
85049 1
85050 1
85051 0
85052 1
85053 1
85054 1
85055 0
85056 0
85057 1
85058 0
85059 1
85060 0
85061 1
85062 1
85063 0
85064 1
85065 1
85066 1
85067 1
85068 1
85069 0
85070 1
85071 1
85072 1
85073 0
85074 0
85075 0
85076 0
85077 1
85078 0
85079 1
85080 1
85081 1
85082 1
85083 0
85084 0
85085 0
85086 1
85087 1
85088 0
85089 1
85090 1
85091 1
85092 1
85093 0
85094 1
85095 1
85096 1
85097 1
85098 0
85099 1
85100 0
85101 0
85102 0
85103 1
85104 1
85105 0
85106 1
85107 1
85108 1
85109 1
85110 1
85111 1
85112 0
85113 0
85114 0
85115 1
85116 1
85117 0
85118 0
85119 0
85120 0
85121 0
85122 0
85123 0
85124 0
85125 1
85126 0
85127 0
85128 1
85129 1
85130 0
85131 0
85132 0
85133 1
85134 1
85135 0
85136 1
85137 0
85138 1
85139 1
85140 0
85141 1
85142 0
85143 0
85144 0
85145 0
85146 1
85147 0
85148 1
85149 1
85150 1
85151 1
85152 0
85153 1
85154 1
85155 1
85156 1
85157 0
85158 1
85159 1
85160 1
85161 0
85162 1
85163 0
85164 1
85165 0
85166 0
85167 1
85168 1
85169 0
85170 1
85171 0
85172 0
85173 1
85174 1
85175 0
85176 1
85177 0
85178 1
85179 0
85180 1
85181 0
85182 1
85183 1
85184 1
85185 0
85186 1
85187 1
85188 0
85189 0
85190 0
85191 1
85192 0
85193 0
85194 1
85195 1
85196 0
85197 1
85198 1
85199 0
85200 0
85201 0
85202 0
85203 0
85204 0
85205 1
85206 0
85207 1
85208 0
85209 1
85210 1
85211 1
85212 1
85213 1
85214 1
85215 1
85216 0
85217 0
85218 0
85219 0
85220 0
85221 1
85222 1
85223 0
85224 0
85225 0
85226 1
85227 0
85228 1
85229 1
85230 1
85231 1
85232 0
85233 0
85234 0
85235 1
85236 0
85237 1
85238 0
85239 0
85240 1
85241 1
85242 0
85243 0
85244 0
85245 1
85246 0
85247 1
85248 1
85249 1
85250 1
85251 1
85252 1
85253 0
85254 1
85255 1
85256 1
85257 1
85258 0
85259 1
85260 1
85261 0
85262 0
85263 0
85264 1
85265 1
85266 1
85267 0
85268 0
85269 0
85270 1
85271 0
85272 0
85273 1
85274 0
85275 0
85276 1
85277 1
85278 1
85279 1
85280 1
85281 1
85282 0
85283 1
85284 0
85285 0
85286 0
85287 1
85288 1
85289 1
85290 1
85291 0
85292 1
85293 1
85294 1
85295 1
85296 0
85297 1
85298 1
85299 0
85300 0
85301 1
85302 0
85303 1
85304 0
85305 0
85306 1
85307 1
85308 0
85309 1
85310 0
85311 0
85312 0
85313 1
85314 1
85315 0
85316 1
85317 0
85318 1
85319 1
85320 0
85321 0
85322 1
85323 1
85324 0
85325 1
85326 1
85327 1
85328 0
85329 1
85330 1
85331 0
85332 0
85333 0
85334 1
85335 0
85336 0
85337 1
85338 0
85339 1
85340 1
85341 0
85342 0
85343 1
85344 1
85345 0
85346 1
85347 0
85348 0
85349 1
85350 0
85351 0
85352 0
85353 1
85354 1
85355 1
85356 1
85357 1
85358 0
85359 1
85360 1
85361 1
85362 0
85363 0
85364 0
85365 0
85366 1
85367 1
85368 1
85369 0
85370 0
85371 1
85372 0
85373 0
85374 0
85375 1
85376 0
85377 1
85378 0
85379 0
85380 1
85381 1
85382 0
85383 1
85384 0
85385 0
85386 0
85387 0
85388 0
85389 0
85390 0
85391 1
85392 1
85393 0
85394 0
85395 0
85396 0
85397 0
85398 0
85399 0
85400 1
85401 1
85402 0
85403 0
85404 0
85405 1
85406 0
85407 0
85408 1
85409 1
85410 1
85411 0
85412 1
85413 0
85414 1
85415 1
85416 0
85417 0
85418 0
85419 0
85420 0
85421 1
85422 0
85423 0
85424 1
85425 1
85426 1
85427 0
85428 1
85429 1
85430 1
85431 1
85432 0
85433 1
85434 0
85435 1
85436 1
85437 0
85438 1
85439 1
85440 0
85441 0
85442 1
85443 0
85444 1
85445 1
85446 0
85447 0
85448 1
85449 1
85450 0
85451 0
85452 0
85453 1
85454 0
85455 0
85456 1
85457 0
85458 0
85459 0
85460 0
85461 1
85462 0
85463 1
85464 0
85465 0
85466 0
85467 0
85468 1
85469 0
85470 1
85471 1
85472 1
85473 0
85474 0
85475 0
85476 1
85477 1
85478 1
85479 0
85480 0
85481 1
85482 0
85483 1
85484 0
85485 0
85486 1
85487 1
85488 0
85489 1
85490 0
85491 1
85492 1
85493 0
85494 0
85495 0
85496 0
85497 1
85498 1
85499 1
85500 1
85501 0
85502 1
85503 0
85504 0
85505 0
85506 0
85507 1
85508 1
85509 0
85510 1
85511 1
85512 1
85513 0
85514 1
85515 0
85516 0
85517 1
85518 1
85519 0
85520 1
85521 1
85522 0
85523 1
85524 1
85525 1
85526 0
85527 1
85528 0
85529 0
85530 1
85531 0
85532 0
85533 1
85534 1
85535 0
85536 1
85537 1
85538 0
85539 1
85540 1
85541 0
85542 1
85543 0
85544 1
85545 1
85546 1
85547 0
85548 0
85549 0
85550 0
85551 1
85552 1
85553 0
85554 1
85555 0
85556 1
85557 0
85558 0
85559 1
85560 1
85561 0
85562 0
85563 0
85564 1
85565 0
85566 0
85567 1
85568 0
85569 1
85570 0
85571 0
85572 0
85573 0
85574 0
85575 0
85576 1
85577 0
85578 0
85579 0
85580 1
85581 1
85582 0
85583 1
85584 1
85585 0
85586 0
85587 0
85588 0
85589 1
85590 0
85591 1
85592 1
85593 1
85594 1
85595 0
85596 0
85597 1
85598 0
85599 1
85600 1
85601 1
85602 1
85603 1
85604 1
85605 1
85606 0
85607 1
85608 0
85609 0
85610 0
85611 1
85612 0
85613 1
85614 1
85615 1
85616 0
85617 1
85618 1
85619 1
85620 0
85621 0
85622 0
85623 1
85624 1
85625 0
85626 1
85627 1
85628 0
85629 1
85630 0
85631 1
85632 0
85633 1
85634 1
85635 0
85636 0
85637 1
85638 1
85639 0
85640 1
85641 1
85642 0
85643 0
85644 0
85645 1
85646 1
85647 1
85648 0
85649 0
85650 0
85651 1
85652 1
85653 0
85654 0
85655 1
85656 1
85657 0
85658 1
85659 1
85660 1
85661 1
85662 1
85663 0
85664 0
85665 1
85666 0
85667 0
85668 1
85669 0
85670 1
85671 0
85672 0
85673 0
85674 1
85675 0
85676 0
85677 0
85678 1
85679 1
85680 0
85681 0
85682 0
85683 1
85684 0
85685 1
85686 1
85687 0
85688 1
85689 0
85690 0
85691 1
85692 0
85693 0
85694 0
85695 0
85696 1
85697 1
85698 1
85699 0
85700 1
85701 1
85702 0
85703 0
85704 1
85705 1
85706 1
85707 1
85708 0
85709 1
85710 0
85711 0
85712 0
85713 1
85714 1
85715 1
85716 0
85717 0
85718 0
85719 1
85720 1
85721 1
85722 0
85723 0
85724 1
85725 1
85726 1
85727 0
85728 0
85729 0
85730 1
85731 1
85732 1
85733 0
85734 1
85735 0
85736 1
85737 0
85738 1
85739 1
85740 0
85741 1
85742 0
85743 1
85744 0
85745 0
85746 0
85747 1
85748 1
85749 1
85750 1
85751 1
85752 0
85753 1
85754 0
85755 0
85756 0
85757 1
85758 0
85759 1
85760 1
85761 0
85762 1
85763 1
85764 1
85765 0
85766 1
85767 1
85768 1
85769 1
85770 1
85771 1
85772 0
85773 1
85774 1
85775 0
85776 1
85777 0
85778 0
85779 1
85780 1
85781 1
85782 1
85783 0
85784 0
85785 1
85786 1
85787 1
85788 1
85789 1
85790 0
85791 0
85792 0
85793 0
85794 1
85795 0
85796 0
85797 0
85798 1
85799 1
85800 1
85801 1
85802 0
85803 0
85804 0
85805 0
85806 0
85807 1
85808 1
85809 0
85810 1
85811 1
85812 0
85813 0
85814 1
85815 1
85816 1
85817 0
85818 0
85819 0
85820 0
85821 1
85822 0
85823 0
85824 1
85825 0
85826 0
85827 1
85828 0
85829 0
85830 0
85831 1
85832 1
85833 0
85834 1
85835 0
85836 0
85837 1
85838 0
85839 1
85840 0
85841 1
85842 1
85843 0
85844 1
85845 0
85846 1
85847 1
85848 1
85849 1
85850 1
85851 1
85852 0
85853 0
85854 0
85855 1
85856 0
85857 0
85858 1
85859 0
85860 1
85861 1
85862 1
85863 1
85864 0
85865 1
85866 0
85867 0
85868 0
85869 0
85870 1
85871 0
85872 0
85873 1
85874 1
85875 1
85876 0
85877 1
85878 1
85879 1
85880 1
85881 1
85882 0
85883 0
85884 0
85885 0
85886 1
85887 0
85888 1
85889 0
85890 1
85891 1
85892 1
85893 1
85894 0
85895 1
85896 0
85897 1
85898 0
85899 1
85900 0
85901 0
85902 1
85903 1
85904 1
85905 1
85906 0
85907 1
85908 0
85909 0
85910 1
85911 1
85912 1
85913 1
85914 0
85915 0
85916 1
85917 0
85918 1
85919 1
85920 1
85921 1
85922 1
85923 1
85924 0
85925 1
85926 1
85927 1
85928 1
85929 1
85930 0
85931 1
85932 1
85933 0
85934 0
85935 0
85936 0
85937 1
85938 0
85939 0
85940 0
85941 1
85942 0
85943 1
85944 1
85945 0
85946 1
85947 0
85948 1
85949 1
85950 0
85951 1
85952 1
85953 0
85954 0
85955 1
85956 1
85957 1
85958 1
85959 0
85960 0
85961 1
85962 0
85963 1
85964 1
85965 1
85966 1
85967 0
85968 1
85969 1
85970 1
85971 1
85972 1
85973 1
85974 1
85975 1
85976 1
85977 1
85978 1
85979 1
85980 1
85981 1
85982 0
85983 0
85984 1
85985 0
85986 0
85987 1
85988 1
85989 0
85990 1
85991 0
85992 1
85993 1
85994 1
85995 0
85996 0
85997 0
85998 0
85999 0
86000 1
86001 1
86002 0
86003 0
86004 0
86005 1
86006 0
86007 0
86008 0
86009 0
86010 1
86011 1
86012 1
86013 1
86014 1
86015 0
86016 0
86017 0
86018 0
86019 0
86020 1
86021 1
86022 1
86023 1
86024 0
86025 1
86026 1
86027 0
86028 0
86029 1
86030 1
86031 0
86032 0
86033 0
86034 0
86035 1
86036 0
86037 1
86038 0
86039 1
86040 0
86041 0
86042 0
86043 0
86044 0
86045 0
86046 0
86047 1
86048 1
86049 1
86050 1
86051 1
86052 1
86053 1
86054 0
86055 1
86056 0
86057 1
86058 0
86059 1
86060 1
86061 0
86062 1
86063 0
86064 0
86065 0
86066 1
86067 0
86068 1
86069 1
86070 1
86071 0
86072 1
86073 1
86074 0
86075 0
86076 0
86077 1
86078 1
86079 0
86080 1
86081 0
86082 0
86083 0
86084 0
86085 1
86086 1
86087 1
86088 0
86089 0
86090 0
86091 1
86092 1
86093 1
86094 0
86095 1
86096 1
86097 0
86098 1
86099 1
86100 0
86101 1
86102 0
86103 1
86104 0
86105 0
86106 1
86107 1
86108 1
86109 1
86110 1
86111 1
86112 1
86113 1
86114 0
86115 1
86116 1
86117 0
86118 0
86119 0
86120 0
86121 1
86122 1
86123 0
86124 0
86125 1
86126 1
86127 1
86128 0
86129 1
86130 1
86131 1
86132 0
86133 0
86134 1
86135 0
86136 0
86137 0
86138 1
86139 0
86140 1
86141 0
86142 0
86143 0
86144 0
86145 1
86146 1
86147 0
86148 1
86149 0
86150 0
86151 0
86152 0
86153 0
86154 0
86155 1
86156 1
86157 0
86158 0
86159 0
86160 1
86161 0
86162 0
86163 1
86164 0
86165 0
86166 0
86167 0
86168 0
86169 0
86170 1
86171 1
86172 0
86173 1
86174 0
86175 1
86176 0
86177 0
86178 0
86179 1
86180 1
86181 0
86182 0
86183 1
86184 0
86185 0
86186 1
86187 1
86188 1
86189 1
86190 1
86191 1
86192 1
86193 1
86194 0
86195 0
86196 1
86197 1
86198 0
86199 1
86200 1
86201 1
86202 0
86203 0
86204 0
86205 1
86206 0
86207 1
86208 1
86209 1
86210 1
86211 1
86212 0
86213 0
86214 1
86215 0
86216 1
86217 1
86218 1
86219 1
86220 0
86221 1
86222 1
86223 0
86224 0
86225 1
86226 1
86227 0
86228 1
86229 0
86230 1
86231 0
86232 1
86233 0
86234 0
86235 1
86236 0
86237 1
86238 0
86239 1
86240 1
86241 0
86242 0
86243 0
86244 1
86245 1
86246 0
86247 0
86248 1
86249 0
86250 1
86251 1
86252 0
86253 1
86254 1
86255 1
86256 1
86257 0
86258 1
86259 0
86260 0
86261 1
86262 1
86263 1
86264 1
86265 1
86266 0
86267 0
86268 1
86269 1
86270 0
86271 0
86272 0
86273 1
86274 0
86275 1
86276 0
86277 0
86278 1
86279 1
86280 1
86281 0
86282 0
86283 1
86284 0
86285 1
86286 1
86287 1
86288 1
86289 1
86290 0
86291 1
86292 1
86293 0
86294 0
86295 1
86296 1
86297 1
86298 1
86299 1
86300 0
86301 1
86302 0
86303 0
86304 1
86305 0
86306 0
86307 0
86308 0
86309 1
86310 1
86311 1
86312 0
86313 0
86314 1
86315 0
86316 1
86317 1
86318 0
86319 1
86320 1
86321 1
86322 0
86323 0
86324 0
86325 1
86326 1
86327 1
86328 0
86329 0
86330 0
86331 1
86332 0
86333 1
86334 1
86335 1
86336 0
86337 0
86338 0
86339 1
86340 1
86341 0
86342 0
86343 1
86344 0
86345 0
86346 0
86347 0
86348 0
86349 0
86350 1
86351 1
86352 1
86353 1
86354 0
86355 1
86356 0
86357 0
86358 0
86359 0
86360 1
86361 0
86362 0
86363 0
86364 1
86365 0
86366 1
86367 0
86368 0
86369 1
86370 0
86371 0
86372 0
86373 0
86374 1
86375 0
86376 1
86377 0
86378 1
86379 1
86380 1
86381 0
86382 0
86383 0
86384 0
86385 1
86386 0
86387 0
86388 0
86389 1
86390 0
86391 0
86392 0
86393 1
86394 1
86395 1
86396 0
86397 0
86398 0
86399 1
86400 0
86401 0
86402 1
86403 0
86404 1
86405 0
86406 1
86407 1
86408 0
86409 1
86410 0
86411 1
86412 1
86413 0
86414 1
86415 0
86416 0
86417 0
86418 0
86419 1
86420 1
86421 1
86422 0
86423 0
86424 1
86425 0
86426 1
86427 0
86428 0
86429 0
86430 1
86431 0
86432 1
86433 1
86434 1
86435 1
86436 1
86437 0
86438 0
86439 1
86440 0
86441 0
86442 0
86443 1
86444 1
86445 1
86446 0
86447 1
86448 1
86449 0
86450 0
86451 0
86452 0
86453 0
86454 1
86455 0
86456 0
86457 1
86458 0
86459 1
86460 0
86461 1
86462 0
86463 1
86464 1
86465 1
86466 1
86467 1
86468 0
86469 1
86470 0
86471 1
86472 0
86473 0
86474 0
86475 0
86476 0
86477 0
86478 1
86479 0
86480 1
86481 1
86482 0
86483 0
86484 0
86485 0
86486 0
86487 1
86488 0
86489 0
86490 1
86491 0
86492 1
86493 1
86494 0
86495 1
86496 0
86497 1
86498 1
86499 1
86500 1
86501 1
86502 1
86503 0
86504 1
86505 0
86506 1
86507 1
86508 0
86509 0
86510 1
86511 1
86512 1
86513 0
86514 1
86515 0
86516 1
86517 1
86518 0
86519 0
86520 0
86521 1
86522 1
86523 0
86524 1
86525 1
86526 1
86527 0
86528 0
86529 1
86530 1
86531 0
86532 0
86533 0
86534 0
86535 0
86536 0
86537 1
86538 1
86539 0
86540 0
86541 1
86542 1
86543 0
86544 1
86545 1
86546 0
86547 0
86548 1
86549 0
86550 0
86551 0
86552 1
86553 0
86554 0
86555 1
86556 1
86557 0
86558 1
86559 0
86560 0
86561 1
86562 1
86563 0
86564 1
86565 1
86566 1
86567 0
86568 0
86569 1
86570 0
86571 1
86572 1
86573 0
86574 0
86575 1
86576 0
86577 0
86578 1
86579 0
86580 1
86581 1
86582 1
86583 1
86584 0
86585 0
86586 1
86587 1
86588 0
86589 1
86590 1
86591 1
86592 1
86593 0
86594 1
86595 0
86596 1
86597 0
86598 0
86599 0
86600 0
86601 0
86602 1
86603 0
86604 1
86605 0
86606 0
86607 0
86608 0
86609 1
86610 0
86611 1
86612 1
86613 0
86614 0
86615 0
86616 1
86617 1
86618 0
86619 0
86620 0
86621 1
86622 0
86623 1
86624 0
86625 0
86626 0
86627 1
86628 1
86629 1
86630 1
86631 1
86632 1
86633 1
86634 0
86635 0
86636 1
86637 1
86638 1
86639 1
86640 1
86641 1
86642 1
86643 1
86644 1
86645 0
86646 0
86647 0
86648 0
86649 0
86650 0
86651 0
86652 0
86653 0
86654 1
86655 1
86656 0
86657 1
86658 0
86659 1
86660 1
86661 0
86662 0
86663 0
86664 1
86665 0
86666 0
86667 0
86668 0
86669 1
86670 1
86671 0
86672 1
86673 1
86674 0
86675 0
86676 0
86677 0
86678 1
86679 0
86680 1
86681 0
86682 0
86683 1
86684 1
86685 0
86686 1
86687 1
86688 0
86689 1
86690 0
86691 1
86692 1
86693 1
86694 1
86695 0
86696 0
86697 0
86698 1
86699 0
86700 0
86701 1
86702 1
86703 0
86704 0
86705 1
86706 1
86707 1
86708 0
86709 0
86710 1
86711 1
86712 1
86713 0
86714 1
86715 1
86716 0
86717 0
86718 1
86719 0
86720 0
86721 0
86722 1
86723 0
86724 0
86725 0
86726 0
86727 1
86728 0
86729 0
86730 1
86731 0
86732 0
86733 0
86734 1
86735 1
86736 1
86737 1
86738 0
86739 0
86740 1
86741 1
86742 0
86743 0
86744 0
86745 0
86746 0
86747 1
86748 1
86749 1
86750 1
86751 1
86752 0
86753 1
86754 0
86755 0
86756 1
86757 1
86758 0
86759 0
86760 1
86761 0
86762 0
86763 1
86764 1
86765 1
86766 1
86767 1
86768 1
86769 0
86770 0
86771 1
86772 1
86773 1
86774 0
86775 0
86776 1
86777 1
86778 1
86779 0
86780 1
86781 0
86782 1
86783 0
86784 1
86785 1
86786 1
86787 0
86788 0
86789 1
86790 1
86791 1
86792 1
86793 0
86794 0
86795 1
86796 1
86797 0
86798 1
86799 0
86800 1
86801 1
86802 0
86803 1
86804 0
86805 1
86806 0
86807 1
86808 1
86809 0
86810 1
86811 1
86812 1
86813 0
86814 1
86815 1
86816 0
86817 0
86818 1
86819 0
86820 0
86821 1
86822 1
86823 0
86824 1
86825 1
86826 1
86827 0
86828 0
86829 0
86830 1
86831 0
86832 1
86833 0
86834 1
86835 0
86836 1
86837 1
86838 0
86839 0
86840 1
86841 0
86842 1
86843 0
86844 1
86845 1
86846 0
86847 1
86848 0
86849 1
86850 1
86851 1
86852 0
86853 0
86854 0
86855 0
86856 1
86857 0
86858 0
86859 0
86860 0
86861 0
86862 0
86863 1
86864 1
86865 1
86866 1
86867 0
86868 1
86869 1
86870 0
86871 1
86872 1
86873 1
86874 1
86875 0
86876 1
86877 0
86878 1
86879 0
86880 0
86881 1
86882 0
86883 0
86884 0
86885 1
86886 0
86887 0
86888 0
86889 0
86890 0
86891 1
86892 0
86893 0
86894 0
86895 1
86896 1
86897 1
86898 1
86899 0
86900 1
86901 1
86902 1
86903 1
86904 1
86905 1
86906 0
86907 1
86908 1
86909 0
86910 0
86911 1
86912 0
86913 1
86914 0
86915 1
86916 1
86917 1
86918 0
86919 1
86920 0
86921 0
86922 1
86923 0
86924 1
86925 0
86926 0
86927 0
86928 1
86929 0
86930 0
86931 0
86932 0
86933 0
86934 0
86935 1
86936 1
86937 1
86938 0
86939 1
86940 0
86941 0
86942 0
86943 0
86944 0
86945 0
86946 0
86947 0
86948 0
86949 1
86950 1
86951 0
86952 1
86953 0
86954 0
86955 0
86956 1
86957 1
86958 0
86959 1
86960 1
86961 0
86962 0
86963 0
86964 1
86965 1
86966 1
86967 1
86968 0
86969 1
86970 0
86971 1
86972 0
86973 0
86974 0
86975 0
86976 0
86977 1
86978 1
86979 1
86980 1
86981 0
86982 1
86983 0
86984 1
86985 0
86986 0
86987 0
86988 0
86989 1
86990 1
86991 1
86992 1
86993 1
86994 0
86995 1
86996 0
86997 1
86998 0
86999 0
87000 0
87001 0
87002 1
87003 1
87004 1
87005 0
87006 0
87007 1
87008 0
87009 1
87010 1
87011 1
87012 1
87013 0
87014 0
87015 1
87016 1
87017 0
87018 1
87019 0
87020 1
87021 0
87022 1
87023 1
87024 1
87025 1
87026 1
87027 1
87028 1
87029 1
87030 1
87031 0
87032 0
87033 1
87034 0
87035 0
87036 1
87037 0
87038 1
87039 1
87040 1
87041 0
87042 1
87043 1
87044 0
87045 1
87046 0
87047 0
87048 0
87049 0
87050 1
87051 0
87052 1
87053 1
87054 0
87055 0
87056 1
87057 0
87058 0
87059 0
87060 0
87061 0
87062 0
87063 1
87064 0
87065 0
87066 0
87067 1
87068 1
87069 0
87070 0
87071 1
87072 0
87073 1
87074 1
87075 0
87076 1
87077 1
87078 0
87079 1
87080 0
87081 1
87082 1
87083 1
87084 1
87085 0
87086 1
87087 1
87088 1
87089 1
87090 0
87091 0
87092 0
87093 0
87094 1
87095 0
87096 0
87097 1
87098 1
87099 0
87100 0
87101 1
87102 0
87103 1
87104 1
87105 0
87106 0
87107 0
87108 1
87109 1
87110 1
87111 0
87112 0
87113 1
87114 1
87115 1
87116 1
87117 0
87118 1
87119 0
87120 1
87121 1
87122 0
87123 0
87124 0
87125 1
87126 1
87127 1
87128 0
87129 0
87130 0
87131 0
87132 1
87133 1
87134 1
87135 0
87136 0
87137 0
87138 0
87139 1
87140 0
87141 0
87142 1
87143 0
87144 1
87145 1
87146 1
87147 0
87148 0
87149 1
87150 0
87151 1
87152 0
87153 1
87154 1
87155 0
87156 0
87157 0
87158 1
87159 1
87160 1
87161 0
87162 1
87163 1
87164 1
87165 0
87166 0
87167 0
87168 0
87169 1
87170 0
87171 1
87172 0
87173 0
87174 0
87175 1
87176 0
87177 0
87178 0
87179 1
87180 0
87181 1
87182 1
87183 1
87184 0
87185 1
87186 1
87187 0
87188 0
87189 1
87190 1
87191 0
87192 0
87193 1
87194 1
87195 1
87196 1
87197 0
87198 0
87199 0
87200 0
87201 0
87202 1
87203 1
87204 0
87205 1
87206 0
87207 0
87208 1
87209 1
87210 0
87211 0
87212 0
87213 0
87214 0
87215 0
87216 0
87217 0
87218 1
87219 1
87220 1
87221 0
87222 0
87223 1
87224 1
87225 1
87226 0
87227 0
87228 0
87229 1
87230 0
87231 1
87232 1
87233 0
87234 0
87235 0
87236 0
87237 1
87238 0
87239 0
87240 0
87241 1
87242 1
87243 1
87244 1
87245 0
87246 1
87247 0
87248 0
87249 0
87250 0
87251 0
87252 1
87253 1
87254 0
87255 1
87256 0
87257 0
87258 0
87259 0
87260 1
87261 1
87262 1
87263 0
87264 1
87265 0
87266 1
87267 0
87268 0
87269 1
87270 0
87271 0
87272 0
87273 0
87274 0
87275 1
87276 1
87277 0
87278 1
87279 0
87280 0
87281 1
87282 0
87283 0
87284 0
87285 0
87286 1
87287 1
87288 0
87289 0
87290 1
87291 0
87292 0
87293 1
87294 0
87295 0
87296 0
87297 1
87298 1
87299 0
87300 1
87301 1
87302 1
87303 1
87304 0
87305 1
87306 0
87307 0
87308 1
87309 0
87310 1
87311 0
87312 1
87313 0
87314 1
87315 0
87316 0
87317 1
87318 0
87319 1
87320 1
87321 0
87322 0
87323 1
87324 1
87325 0
87326 1
87327 1
87328 1
87329 1
87330 0
87331 0
87332 1
87333 1
87334 1
87335 1
87336 0
87337 0
87338 1
87339 0
87340 1
87341 1
87342 1
87343 0
87344 1
87345 0
87346 0
87347 1
87348 1
87349 1
87350 0
87351 0
87352 1
87353 0
87354 1
87355 1
87356 1
87357 0
87358 0
87359 0
87360 1
87361 1
87362 0
87363 0
87364 1
87365 1
87366 1
87367 0
87368 1
87369 0
87370 1
87371 1
87372 0
87373 1
87374 1
87375 1
87376 1
87377 0
87378 1
87379 1
87380 1
87381 1
87382 0
87383 0
87384 1
87385 0
87386 0
87387 0
87388 1
87389 0
87390 0
87391 0
87392 1
87393 1
87394 0
87395 0
87396 0
87397 0
87398 1
87399 1
87400 0
87401 1
87402 1
87403 1
87404 1
87405 0
87406 1
87407 1
87408 1
87409 0
87410 0
87411 1
87412 1
87413 1
87414 1
87415 1
87416 1
87417 1
87418 0
87419 1
87420 1
87421 0
87422 0
87423 0
87424 1
87425 1
87426 0
87427 1
87428 0
87429 0
87430 1
87431 1
87432 0
87433 1
87434 1
87435 1
87436 0
87437 1
87438 0
87439 0
87440 1
87441 0
87442 0
87443 0
87444 1
87445 1
87446 1
87447 1
87448 1
87449 1
87450 0
87451 1
87452 0
87453 1
87454 1
87455 1
87456 1
87457 1
87458 0
87459 0
87460 0
87461 1
87462 1
87463 1
87464 1
87465 0
87466 1
87467 0
87468 1
87469 0
87470 0
87471 1
87472 1
87473 1
87474 0
87475 1
87476 0
87477 1
87478 1
87479 1
87480 1
87481 0
87482 0
87483 1
87484 1
87485 0
87486 1
87487 1
87488 1
87489 0
87490 0
87491 0
87492 0
87493 0
87494 1
87495 0
87496 1
87497 1
87498 1
87499 1
87500 0
87501 1
87502 0
87503 1
87504 1
87505 1
87506 0
87507 1
87508 0
87509 1
87510 0
87511 1
87512 1
87513 0
87514 1
87515 0
87516 1
87517 1
87518 0
87519 1
87520 0
87521 1
87522 1
87523 0
87524 0
87525 0
87526 0
87527 1
87528 1
87529 0
87530 1
87531 1
87532 0
87533 0
87534 1
87535 0
87536 1
87537 0
87538 1
87539 1
87540 1
87541 0
87542 0
87543 1
87544 0
87545 1
87546 1
87547 0
87548 1
87549 1
87550 0
87551 1
87552 1
87553 1
87554 1
87555 0
87556 0
87557 0
87558 1
87559 1
87560 0
87561 1
87562 1
87563 0
87564 1
87565 1
87566 0
87567 0
87568 1
87569 1
87570 0
87571 0
87572 0
87573 1
87574 1
87575 1
87576 0
87577 0
87578 0
87579 0
87580 0
87581 0
87582 0
87583 0
87584 1
87585 0
87586 0
87587 1
87588 1
87589 1
87590 1
87591 0
87592 0
87593 0
87594 1
87595 1
87596 0
87597 1
87598 0
87599 1
87600 0
87601 0
87602 1
87603 0
87604 1
87605 1
87606 1
87607 0
87608 1
87609 0
87610 0
87611 0
87612 1
87613 1
87614 0
87615 1
87616 1
87617 0
87618 1
87619 1
87620 1
87621 0
87622 0
87623 0
87624 0
87625 0
87626 0
87627 1
87628 0
87629 1
87630 0
87631 0
87632 0
87633 0
87634 1
87635 0
87636 1
87637 0
87638 0
87639 1
87640 1
87641 1
87642 1
87643 1
87644 0
87645 0
87646 0
87647 1
87648 1
87649 1
87650 0
87651 0
87652 1
87653 0
87654 1
87655 0
87656 1
87657 1
87658 0
87659 1
87660 1
87661 0
87662 1
87663 1
87664 1
87665 1
87666 0
87667 0
87668 1
87669 1
87670 0
87671 0
87672 1
87673 0
87674 0
87675 1
87676 0
87677 0
87678 1
87679 0
87680 0
87681 0
87682 0
87683 0
87684 0
87685 1
87686 1
87687 0
87688 0
87689 0
87690 1
87691 1
87692 1
87693 1
87694 0
87695 0
87696 1
87697 0
87698 1
87699 1
87700 0
87701 0
87702 1
87703 1
87704 1
87705 0
87706 1
87707 1
87708 0
87709 0
87710 1
87711 0
87712 1
87713 0
87714 0
87715 1
87716 1
87717 1
87718 0
87719 0
87720 1
87721 1
87722 0
87723 1
87724 1
87725 0
87726 1
87727 0
87728 0
87729 1
87730 1
87731 0
87732 1
87733 1
87734 1
87735 0
87736 1
87737 1
87738 1
87739 1
87740 1
87741 0
87742 1
87743 0
87744 0
87745 0
87746 0
87747 0
87748 0
87749 0
87750 1
87751 0
87752 0
87753 0
87754 1
87755 1
87756 0
87757 0
87758 1
87759 1
87760 0
87761 1
87762 1
87763 0
87764 1
87765 1
87766 0
87767 1
87768 1
87769 0
87770 1
87771 0
87772 1
87773 0
87774 1
87775 1
87776 1
87777 0
87778 0
87779 0
87780 1
87781 0
87782 0
87783 1
87784 1
87785 0
87786 0
87787 1
87788 0
87789 1
87790 1
87791 1
87792 1
87793 1
87794 0
87795 1
87796 0
87797 0
87798 0
87799 1
87800 0
87801 1
87802 0
87803 0
87804 0
87805 0
87806 0
87807 1
87808 1
87809 1
87810 1
87811 0
87812 0
87813 1
87814 1
87815 0
87816 1
87817 0
87818 1
87819 0
87820 0
87821 0
87822 0
87823 1
87824 0
87825 1
87826 1
87827 0
87828 0
87829 1
87830 0
87831 1
87832 1
87833 0
87834 0
87835 0
87836 1
87837 0
87838 1
87839 0
87840 1
87841 0
87842 1
87843 1
87844 0
87845 1
87846 0
87847 0
87848 1
87849 1
87850 1
87851 1
87852 1
87853 1
87854 1
87855 0
87856 1
87857 1
87858 1
87859 1
87860 0
87861 0
87862 0
87863 1
87864 1
87865 0
87866 0
87867 0
87868 1
87869 0
87870 0
87871 0
87872 1
87873 0
87874 1
87875 1
87876 1
87877 0
87878 1
87879 0
87880 1
87881 1
87882 1
87883 0
87884 1
87885 1
87886 1
87887 0
87888 1
87889 0
87890 0
87891 0
87892 0
87893 1
87894 1
87895 1
87896 0
87897 0
87898 1
87899 1
87900 1
87901 1
87902 1
87903 0
87904 1
87905 1
87906 0
87907 0
87908 0
87909 0
87910 0
87911 1
87912 1
87913 0
87914 1
87915 0
87916 0
87917 1
87918 1
87919 1
87920 1
87921 0
87922 1
87923 1
87924 1
87925 0
87926 0
87927 1
87928 0
87929 1
87930 1
87931 0
87932 0
87933 0
87934 1
87935 0
87936 1
87937 1
87938 0
87939 1
87940 0
87941 1
87942 1
87943 0
87944 1
87945 0
87946 0
87947 1
87948 0
87949 1
87950 1
87951 0
87952 1
87953 0
87954 1
87955 0
87956 1
87957 1
87958 0
87959 1
87960 1
87961 0
87962 0
87963 0
87964 0
87965 0
87966 0
87967 0
87968 1
87969 0
87970 0
87971 1
87972 1
87973 0
87974 1
87975 0
87976 0
87977 0
87978 1
87979 0
87980 0
87981 1
87982 0
87983 0
87984 0
87985 1
87986 0
87987 1
87988 1
87989 0
87990 1
87991 1
87992 0
87993 1
87994 0
87995 0
87996 0
87997 1
87998 1
87999 0
88000 1
88001 0
88002 1
88003 0
88004 0
88005 1
88006 0
88007 1
88008 0
88009 0
88010 1
88011 0
88012 1
88013 1
88014 0
88015 0
88016 0
88017 1
88018 0
88019 0
88020 0
88021 0
88022 0
88023 0
88024 1
88025 0
88026 0
88027 0
88028 0
88029 0
88030 1
88031 1
88032 0
88033 1
88034 0
88035 1
88036 1
88037 1
88038 1
88039 0
88040 0
88041 1
88042 0
88043 1
88044 0
88045 1
88046 1
88047 1
88048 0
88049 0
88050 1
88051 0
88052 0
88053 0
88054 0
88055 1
88056 1
88057 0
88058 0
88059 1
88060 1
88061 0
88062 1
88063 1
88064 0
88065 1
88066 1
88067 1
88068 1
88069 1
88070 1
88071 0
88072 1
88073 1
88074 1
88075 0
88076 0
88077 0
88078 1
88079 0
88080 1
88081 1
88082 0
88083 0
88084 1
88085 1
88086 1
88087 0
88088 0
88089 1
88090 0
88091 0
88092 0
88093 0
88094 0
88095 1
88096 1
88097 1
88098 1
88099 1
88100 1
88101 0
88102 0
88103 1
88104 0
88105 0
88106 0
88107 1
88108 0
88109 0
88110 0
88111 1
88112 0
88113 0
88114 0
88115 0
88116 0
88117 0
88118 0
88119 0
88120 1
88121 1
88122 0
88123 0
88124 1
88125 0
88126 0
88127 1
88128 0
88129 0
88130 1
88131 1
88132 0
88133 0
88134 1
88135 0
88136 1
88137 1
88138 1
88139 1
88140 0
88141 0
88142 0
88143 0
88144 1
88145 0
88146 1
88147 0
88148 1
88149 1
88150 0
88151 1
88152 1
88153 0
88154 1
88155 0
88156 1
88157 1
88158 1
88159 1
88160 1
88161 0
88162 0
88163 0
88164 1
88165 1
88166 0
88167 1
88168 0
88169 0
88170 1
88171 1
88172 1
88173 0
88174 0
88175 1
88176 1
88177 0
88178 0
88179 0
88180 1
88181 0
88182 1
88183 1
88184 1
88185 1
88186 1
88187 0
88188 0
88189 1
88190 1
88191 0
88192 0
88193 1
88194 0
88195 0
88196 0
88197 0
88198 1
88199 0
88200 0
88201 0
88202 1
88203 0
88204 1
88205 0
88206 1
88207 0
88208 0
88209 0
88210 1
88211 1
88212 1
88213 1
88214 1
88215 0
88216 1
88217 1
88218 0
88219 1
88220 1
88221 1
88222 0
88223 0
88224 1
88225 1
88226 0
88227 1
88228 1
88229 0
88230 0
88231 0
88232 0
88233 1
88234 0
88235 1
88236 0
88237 1
88238 1
88239 0
88240 1
88241 1
88242 1
88243 1
88244 0
88245 1
88246 0
88247 0
88248 1
88249 0
88250 0
88251 0
88252 0
88253 1
88254 0
88255 0
88256 0
88257 0
88258 1
88259 1
88260 0
88261 0
88262 1
88263 0
88264 0
88265 0
88266 1
88267 0
88268 0
88269 1
88270 0
88271 1
88272 0
88273 0
88274 0
88275 1
88276 0
88277 1
88278 0
88279 0
88280 0
88281 1
88282 0
88283 1
88284 1
88285 1
88286 0
88287 1
88288 0
88289 0
88290 1
88291 0
88292 0
88293 0
88294 0
88295 1
88296 0
88297 1
88298 0
88299 1
88300 0
88301 0
88302 1
88303 1
88304 1
88305 0
88306 0
88307 0
88308 1
88309 1
88310 0
88311 0
88312 1
88313 0
88314 0
88315 0
88316 1
88317 0
88318 0
88319 0
88320 1
88321 1
88322 1
88323 0
88324 0
88325 1
88326 1
88327 1
88328 0
88329 1
88330 1
88331 0
88332 0
88333 0
88334 0
88335 0
88336 0
88337 0
88338 1
88339 1
88340 0
88341 1
88342 0
88343 0
88344 0
88345 1
88346 0
88347 0
88348 0
88349 0
88350 1
88351 1
88352 0
88353 1
88354 1
88355 0
88356 1
88357 1
88358 1
88359 0
88360 1
88361 1
88362 0
88363 0
88364 0
88365 0
88366 1
88367 1
88368 1
88369 0
88370 1
88371 1
88372 0
88373 0
88374 0
88375 1
88376 1
88377 1
88378 1
88379 0
88380 0
88381 1
88382 0
88383 1
88384 0
88385 1
88386 1
88387 1
88388 1
88389 0
88390 1
88391 1
88392 0
88393 1
88394 0
88395 0
88396 0
88397 1
88398 1
88399 1
88400 1
88401 1
88402 1
88403 1
88404 1
88405 1
88406 1
88407 1
88408 0
88409 1
88410 0
88411 1
88412 0
88413 0
88414 0
88415 1
88416 0
88417 0
88418 0
88419 0
88420 0
88421 0
88422 1
88423 0
88424 1
88425 1
88426 0
88427 0
88428 1
88429 1
88430 1
88431 1
88432 1
88433 0
88434 0
88435 1
88436 0
88437 0
88438 0
88439 0
88440 1
88441 1
88442 1
88443 0
88444 1
88445 1
88446 1
88447 1
88448 0
88449 0
88450 1
88451 0
88452 0
88453 1
88454 0
88455 1
88456 0
88457 1
88458 1
88459 0
88460 0
88461 0
88462 0
88463 0
88464 0
88465 1
88466 0
88467 1
88468 1
88469 1
88470 1
88471 0
88472 0
88473 0
88474 0
88475 1
88476 1
88477 1
88478 0
88479 0
88480 0
88481 0
88482 1
88483 1
88484 0
88485 0
88486 1
88487 0
88488 0
88489 0
88490 0
88491 0
88492 1
88493 0
88494 0
88495 1
88496 1
88497 0
88498 1
88499 0
88500 0
88501 1
88502 1
88503 1
88504 1
88505 0
88506 1
88507 0
88508 0
88509 1
88510 1
88511 0
88512 1
88513 0
88514 1
88515 1
88516 0
88517 0
88518 0
88519 1
88520 1
88521 1
88522 1
88523 1
88524 1
88525 0
88526 0
88527 1
88528 0
88529 0
88530 0
88531 0
88532 0
88533 0
88534 1
88535 1
88536 0
88537 1
88538 0
88539 0
88540 1
88541 1
88542 1
88543 0
88544 0
88545 1
88546 0
88547 0
88548 1
88549 1
88550 1
88551 1
88552 1
88553 1
88554 1
88555 1
88556 1
88557 1
88558 0
88559 0
88560 0
88561 0
88562 1
88563 0
88564 1
88565 1
88566 0
88567 0
88568 0
88569 1
88570 0
88571 0
88572 0
88573 0
88574 0
88575 1
88576 1
88577 0
88578 1
88579 1
88580 1
88581 1
88582 1
88583 1
88584 0
88585 1
88586 1
88587 0
88588 0
88589 1
88590 1
88591 0
88592 1
88593 0
88594 1
88595 1
88596 0
88597 1
88598 0
88599 1
88600 1
88601 1
88602 1
88603 0
88604 0
88605 0
88606 1
88607 1
88608 0
88609 0
88610 0
88611 0
88612 1
88613 0
88614 0
88615 0
88616 0
88617 1
88618 0
88619 0
88620 1
88621 0
88622 0
88623 0
88624 0
88625 1
88626 1
88627 1
88628 0
88629 0
88630 1
88631 1
88632 0
88633 0
88634 0
88635 0
88636 0
88637 1
88638 1
88639 1
88640 0
88641 0
88642 1
88643 1
88644 1
88645 0
88646 1
88647 1
88648 1
88649 1
88650 1
88651 0
88652 1
88653 0
88654 1
88655 0
88656 1
88657 0
88658 1
88659 0
88660 1
88661 0
88662 1
88663 0
88664 0
88665 0
88666 1
88667 1
88668 0
88669 1
88670 0
88671 0
88672 1
88673 0
88674 0
88675 1
88676 0
88677 0
88678 1
88679 0
88680 0
88681 1
88682 1
88683 0
88684 1
88685 1
88686 0
88687 0
88688 1
88689 0
88690 0
88691 1
88692 1
88693 0
88694 0
88695 1
88696 1
88697 0
88698 1
88699 0
88700 1
88701 1
88702 1
88703 0
88704 0
88705 0
88706 0
88707 1
88708 1
88709 1
88710 0
88711 0
88712 0
88713 1
88714 0
88715 0
88716 0
88717 0
88718 1
88719 1
88720 1
88721 1
88722 1
88723 1
88724 1
88725 1
88726 0
88727 1
88728 1
88729 0
88730 0
88731 1
88732 0
88733 1
88734 0
88735 0
88736 1
88737 0
88738 1
88739 1
88740 1
88741 1
88742 1
88743 1
88744 0
88745 1
88746 0
88747 0
88748 1
88749 1
88750 0
88751 1
88752 1
88753 1
88754 0
88755 0
88756 0
88757 1
88758 1
88759 0
88760 0
88761 0
88762 0
88763 1
88764 1
88765 1
88766 1
88767 1
88768 0
88769 0
88770 0
88771 1
88772 0
88773 0
88774 1
88775 1
88776 1
88777 0
88778 1
88779 1
88780 0
88781 0
88782 1
88783 1
88784 0
88785 0
88786 0
88787 1
88788 1
88789 1
88790 1
88791 1
88792 1
88793 0
88794 1
88795 1
88796 1
88797 1
88798 0
88799 0
88800 0
88801 1
88802 0
88803 0
88804 1
88805 1
88806 1
88807 0
88808 0
88809 0
88810 0
88811 1
88812 0
88813 1
88814 0
88815 1
88816 0
88817 1
88818 0
88819 1
88820 1
88821 0
88822 0
88823 1
88824 0
88825 1
88826 1
88827 1
88828 0
88829 0
88830 1
88831 1
88832 1
88833 1
88834 1
88835 0
88836 0
88837 1
88838 1
88839 1
88840 1
88841 1
88842 0
88843 1
88844 1
88845 0
88846 1
88847 1
88848 0
88849 0
88850 0
88851 1
88852 0
88853 1
88854 1
88855 0
88856 0
88857 1
88858 0
88859 1
88860 0
88861 1
88862 0
88863 0
88864 0
88865 1
88866 0
88867 1
88868 1
88869 1
88870 1
88871 1
88872 1
88873 1
88874 0
88875 0
88876 1
88877 0
88878 1
88879 1
88880 0
88881 1
88882 0
88883 0
88884 1
88885 1
88886 1
88887 0
88888 1
88889 0
88890 0
88891 0
88892 0
88893 0
88894 0
88895 1
88896 0
88897 1
88898 0
88899 1
88900 0
88901 0
88902 1
88903 0
88904 0
88905 1
88906 1
88907 1
88908 1
88909 1
88910 1
88911 0
88912 0
88913 1
88914 0
88915 0
88916 0
88917 1
88918 1
88919 0
88920 0
88921 0
88922 0
88923 0
88924 0
88925 0
88926 1
88927 0
88928 1
88929 1
88930 1
88931 0
88932 1
88933 0
88934 0
88935 1
88936 0
88937 1
88938 1
88939 1
88940 0
88941 1
88942 1
88943 0
88944 1
88945 1
88946 1
88947 0
88948 1
88949 1
88950 1
88951 1
88952 1
88953 1
88954 1
88955 0
88956 1
88957 1
88958 0
88959 1
88960 1
88961 0
88962 0
88963 1
88964 0
88965 1
88966 0
88967 0
88968 0
88969 0
88970 0
88971 0
88972 0
88973 0
88974 1
88975 1
88976 0
88977 1
88978 0
88979 1
88980 1
88981 1
88982 0
88983 0
88984 1
88985 0
88986 0
88987 1
88988 0
88989 1
88990 0
88991 0
88992 1
88993 0
88994 1
88995 0
88996 0
88997 1
88998 0
88999 0
89000 0
89001 1
89002 0
89003 0
89004 0
89005 0
89006 1
89007 1
89008 0
89009 1
89010 1
89011 1
89012 0
89013 0
89014 1
89015 1
89016 0
89017 1
89018 1
89019 0
89020 1
89021 1
89022 1
89023 0
89024 1
89025 1
89026 0
89027 1
89028 0
89029 0
89030 1
89031 1
89032 1
89033 0
89034 1
89035 1
89036 0
89037 0
89038 0
89039 1
89040 1
89041 1
89042 1
89043 1
89044 1
89045 0
89046 1
89047 0
89048 0
89049 0
89050 1
89051 0
89052 0
89053 0
89054 0
89055 0
89056 0
89057 1
89058 1
89059 0
89060 1
89061 1
89062 1
89063 0
89064 1
89065 0
89066 1
89067 1
89068 0
89069 1
89070 1
89071 1
89072 1
89073 0
89074 0
89075 1
89076 1
89077 1
89078 0
89079 1
89080 1
89081 0
89082 1
89083 1
89084 0
89085 1
89086 0
89087 1
89088 1
89089 0
89090 0
89091 1
89092 0
89093 0
89094 1
89095 1
89096 0
89097 1
89098 1
89099 0
89100 0
89101 0
89102 1
89103 1
89104 1
89105 1
89106 0
89107 0
89108 0
89109 1
89110 1
89111 1
89112 1
89113 0
89114 1
89115 1
89116 0
89117 1
89118 1
89119 1
89120 1
89121 1
89122 0
89123 0
89124 0
89125 1
89126 0
89127 0
89128 1
89129 0
89130 0
89131 1
89132 1
89133 0
89134 1
89135 0
89136 1
89137 1
89138 1
89139 0
89140 1
89141 1
89142 1
89143 0
89144 1
89145 0
89146 1
89147 1
89148 1
89149 0
89150 1
89151 1
89152 1
89153 1
89154 0
89155 1
89156 1
89157 0
89158 0
89159 0
89160 1
89161 0
89162 1
89163 1
89164 1
89165 0
89166 0
89167 0
89168 1
89169 0
89170 1
89171 0
89172 0
89173 0
89174 1
89175 1
89176 0
89177 1
89178 1
89179 0
89180 0
89181 0
89182 1
89183 0
89184 1
89185 0
89186 0
89187 0
89188 0
89189 1
89190 0
89191 1
89192 1
89193 0
89194 1
89195 0
89196 1
89197 0
89198 0
89199 0
89200 0
89201 1
89202 0
89203 1
89204 1
89205 1
89206 0
89207 1
89208 0
89209 1
89210 0
89211 0
89212 1
89213 1
89214 1
89215 0
89216 1
89217 1
89218 0
89219 1
89220 0
89221 1
89222 1
89223 0
89224 1
89225 1
89226 0
89227 0
89228 0
89229 0
89230 0
89231 1
89232 1
89233 1
89234 0
89235 1
89236 0
89237 1
89238 1
89239 1
89240 0
89241 1
89242 0
89243 0
89244 0
89245 1
89246 0
89247 0
89248 0
89249 1
89250 1
89251 0
89252 1
89253 0
89254 0
89255 0
89256 0
89257 1
89258 1
89259 1
89260 1
89261 1
89262 1
89263 1
89264 1
89265 0
89266 0
89267 1
89268 0
89269 1
89270 1
89271 1
89272 0
89273 1
89274 0
89275 1
89276 1
89277 1
89278 1
89279 0
89280 1
89281 1
89282 0
89283 0
89284 1
89285 0
89286 1
89287 1
89288 0
89289 0
89290 0
89291 0
89292 0
89293 0
89294 1
89295 1
89296 0
89297 0
89298 1
89299 0
89300 0
89301 1
89302 0
89303 1
89304 0
89305 1
89306 0
89307 1
89308 0
89309 0
89310 1
89311 1
89312 1
89313 0
89314 1
89315 0
89316 0
89317 0
89318 1
89319 0
89320 1
89321 0
89322 0
89323 1
89324 1
89325 0
89326 1
89327 1
89328 0
89329 1
89330 1
89331 1
89332 0
89333 0
89334 1
89335 0
89336 1
89337 1
89338 0
89339 1
89340 0
89341 0
89342 0
89343 0
89344 1
89345 1
89346 1
89347 1
89348 0
89349 1
89350 1
89351 1
89352 1
89353 0
89354 0
89355 1
89356 1
89357 1
89358 1
89359 1
89360 1
89361 1
89362 0
89363 0
89364 0
89365 1
89366 1
89367 1
89368 0
89369 0
89370 0
89371 1
89372 0
89373 1
89374 0
89375 1
89376 1
89377 0
89378 0
89379 0
89380 0
89381 0
89382 0
89383 1
89384 1
89385 1
89386 0
89387 0
89388 1
89389 0
89390 0
89391 0
89392 0
89393 0
89394 0
89395 1
89396 0
89397 1
89398 0
89399 1
89400 0
89401 1
89402 1
89403 0
89404 1
89405 1
89406 0
89407 0
89408 0
89409 1
89410 1
89411 0
89412 1
89413 0
89414 0
89415 0
89416 1
89417 1
89418 1
89419 0
89420 1
89421 1
89422 1
89423 1
89424 0
89425 1
89426 0
89427 0
89428 1
89429 1
89430 0
89431 1
89432 0
89433 0
89434 0
89435 1
89436 1
89437 0
89438 0
89439 0
89440 1
89441 0
89442 0
89443 0
89444 1
89445 0
89446 0
89447 1
89448 1
89449 0
89450 1
89451 1
89452 0
89453 1
89454 1
89455 0
89456 1
89457 1
89458 1
89459 0
89460 0
89461 0
89462 1
89463 1
89464 1
89465 1
89466 0
89467 0
89468 0
89469 0
89470 0
89471 0
89472 0
89473 1
89474 0
89475 0
89476 0
89477 0
89478 1
89479 0
89480 0
89481 0
89482 0
89483 0
89484 0
89485 1
89486 0
89487 0
89488 0
89489 1
89490 1
89491 1
89492 1
89493 0
89494 1
89495 0
89496 1
89497 1
89498 1
89499 1
89500 0
89501 0
89502 1
89503 0
89504 1
89505 1
89506 1
89507 0
89508 1
89509 0
89510 1
89511 0
89512 0
89513 0
89514 1
89515 1
89516 0
89517 0
89518 0
89519 0
89520 1
89521 1
89522 1
89523 1
89524 1
89525 1
89526 1
89527 1
89528 1
89529 0
89530 0
89531 1
89532 1
89533 0
89534 0
89535 1
89536 0
89537 0
89538 0
89539 1
89540 1
89541 0
89542 1
89543 1
89544 0
89545 0
89546 1
89547 0
89548 0
89549 0
89550 0
89551 1
89552 1
89553 0
89554 0
89555 0
89556 0
89557 0
89558 1
89559 0
89560 0
89561 0
89562 0
89563 1
89564 0
89565 0
89566 0
89567 0
89568 1
89569 0
89570 1
89571 1
89572 0
89573 1
89574 1
89575 1
89576 0
89577 1
89578 0
89579 0
89580 0
89581 1
89582 1
89583 0
89584 1
89585 0
89586 1
89587 1
89588 0
89589 1
89590 1
89591 1
89592 1
89593 1
89594 0
89595 0
89596 1
89597 0
89598 1
89599 0
89600 1
89601 0
89602 1
89603 0
89604 0
89605 0
89606 1
89607 0
89608 0
89609 1
89610 1
89611 0
89612 1
89613 0
89614 1
89615 0
89616 0
89617 1
89618 0
89619 1
89620 0
89621 0
89622 0
89623 1
89624 1
89625 0
89626 0
89627 1
89628 1
89629 0
89630 1
89631 1
89632 1
89633 1
89634 0
89635 1
89636 0
89637 0
89638 0
89639 0
89640 0
89641 0
89642 1
89643 0
89644 1
89645 0
89646 0
89647 0
89648 1
89649 1
89650 0
89651 0
89652 1
89653 0
89654 0
89655 0
89656 1
89657 0
89658 0
89659 1
89660 1
89661 0
89662 0
89663 1
89664 0
89665 0
89666 1
89667 1
89668 0
89669 0
89670 0
89671 1
89672 0
89673 0
89674 1
89675 1
89676 0
89677 0
89678 1
89679 0
89680 1
89681 0
89682 0
89683 0
89684 0
89685 0
89686 0
89687 1
89688 1
89689 1
89690 1
89691 0
89692 1
89693 0
89694 1
89695 1
89696 1
89697 0
89698 0
89699 1
89700 0
89701 0
89702 0
89703 1
89704 0
89705 0
89706 1
89707 1
89708 1
89709 1
89710 0
89711 1
89712 1
89713 0
89714 1
89715 1
89716 1
89717 1
89718 0
89719 0
89720 0
89721 1
89722 1
89723 1
89724 0
89725 1
89726 1
89727 0
89728 0
89729 1
89730 1
89731 0
89732 0
89733 1
89734 0
89735 1
89736 0
89737 1
89738 1
89739 0
89740 0
89741 1
89742 1
89743 0
89744 0
89745 1
89746 0
89747 0
89748 0
89749 1
89750 1
89751 0
89752 0
89753 1
89754 0
89755 0
89756 0
89757 1
89758 1
89759 1
89760 0
89761 0
89762 0
89763 1
89764 0
89765 1
89766 1
89767 0
89768 1
89769 0
89770 1
89771 0
89772 0
89773 1
89774 0
89775 0
89776 1
89777 1
89778 0
89779 0
89780 1
89781 0
89782 0
89783 0
89784 0
89785 1
89786 1
89787 1
89788 1
89789 0
89790 0
89791 1
89792 0
89793 1
89794 0
89795 1
89796 0
89797 1
89798 1
89799 0
89800 0
89801 0
89802 0
89803 1
89804 0
89805 1
89806 1
89807 0
89808 0
89809 0
89810 0
89811 0
89812 1
89813 0
89814 1
89815 0
89816 0
89817 0
89818 1
89819 0
89820 1
89821 1
89822 0
89823 1
89824 0
89825 0
89826 0
89827 1
89828 1
89829 0
89830 0
89831 1
89832 0
89833 0
89834 1
89835 0
89836 1
89837 0
89838 0
89839 1
89840 1
89841 0
89842 1
89843 0
89844 1
89845 1
89846 1
89847 1
89848 0
89849 1
89850 1
89851 1
89852 1
89853 1
89854 1
89855 1
89856 0
89857 0
89858 0
89859 1
89860 1
89861 0
89862 1
89863 1
89864 1
89865 1
89866 0
89867 0
89868 1
89869 1
89870 1
89871 0
89872 0
89873 0
89874 0
89875 0
89876 0
89877 0
89878 1
89879 1
89880 1
89881 1
89882 1
89883 1
89884 1
89885 1
89886 0
89887 0
89888 0
89889 1
89890 1
89891 0
89892 1
89893 0
89894 0
89895 1
89896 0
89897 0
89898 0
89899 1
89900 1
89901 0
89902 1
89903 0
89904 0
89905 0
89906 0
89907 1
89908 0
89909 1
89910 0
89911 1
89912 1
89913 0
89914 1
89915 1
89916 0
89917 0
89918 1
89919 0
89920 1
89921 0
89922 0
89923 1
89924 0
89925 0
89926 1
89927 0
89928 0
89929 1
89930 1
89931 0
89932 0
89933 1
89934 0
89935 0
89936 0
89937 1
89938 1
89939 1
89940 1
89941 1
89942 0
89943 0
89944 1
89945 0
89946 1
89947 0
89948 1
89949 0
89950 1
89951 1
89952 0
89953 1
89954 0
89955 0
89956 0
89957 1
89958 0
89959 0
89960 0
89961 1
89962 0
89963 0
89964 0
89965 1
89966 1
89967 1
89968 1
89969 0
89970 0
89971 0
89972 0
89973 1
89974 0
89975 1
89976 1
89977 0
89978 0
89979 1
89980 0
89981 0
89982 0
89983 1
89984 0
89985 0
89986 0
89987 0
89988 0
89989 0
89990 0
89991 1
89992 0
89993 1
89994 1
89995 1
89996 1
89997 0
89998 0
89999 1
90000 1
90001 0
90002 1
90003 1
90004 0
90005 0
90006 0
90007 1
90008 0
90009 1
90010 0
90011 1
90012 1
90013 0
90014 1
90015 0
90016 1
90017 1
90018 0
90019 1
90020 1
90021 0
90022 1
90023 1
90024 0
90025 1
90026 0
90027 1
90028 0
90029 0
90030 0
90031 1
90032 0
90033 0
90034 0
90035 1
90036 0
90037 1
90038 0
90039 0
90040 1
90041 0
90042 0
90043 1
90044 1
90045 0
90046 0
90047 0
90048 1
90049 1
90050 0
90051 0
90052 1
90053 0
90054 0
90055 0
90056 0
90057 0
90058 1
90059 1
90060 1
90061 1
90062 1
90063 0
90064 1
90065 0
90066 0
90067 0
90068 0
90069 1
90070 0
90071 0
90072 0
90073 1
90074 1
90075 1
90076 1
90077 0
90078 0
90079 1
90080 0
90081 0
90082 1
90083 1
90084 0
90085 1
90086 1
90087 1
90088 0
90089 0
90090 1
90091 1
90092 1
90093 1
90094 0
90095 0
90096 1
90097 1
90098 1
90099 1
90100 0
90101 0
90102 1
90103 1
90104 1
90105 0
90106 0
90107 0
90108 0
90109 1
90110 1
90111 0
90112 0
90113 0
90114 1
90115 1
90116 0
90117 1
90118 0
90119 1
90120 0
90121 0
90122 1
90123 1
90124 1
90125 0
90126 0
90127 0
90128 0
90129 1
90130 1
90131 1
90132 1
90133 1
90134 0
90135 0
90136 0
90137 1
90138 1
90139 0
90140 0
90141 0
90142 1
90143 0
90144 1
90145 0
90146 0
90147 1
90148 0
90149 1
90150 0
90151 0
90152 0
90153 1
90154 0
90155 0
90156 0
90157 1
90158 0
90159 0
90160 0
90161 0
90162 1
90163 1
90164 0
90165 1
90166 0
90167 1
90168 1
90169 0
90170 1
90171 1
90172 0
90173 1
90174 0
90175 1
90176 1
90177 1
90178 0
90179 0
90180 1
90181 0
90182 0
90183 1
90184 1
90185 0
90186 0
90187 1
90188 1
90189 1
90190 0
90191 0
90192 0
90193 0
90194 0
90195 0
90196 1
90197 0
90198 0
90199 1
90200 1
90201 1
90202 1
90203 1
90204 1
90205 0
90206 0
90207 0
90208 1
90209 1
90210 0
90211 1
90212 1
90213 1
90214 0
90215 0
90216 1
90217 1
90218 1
90219 0
90220 1
90221 1
90222 0
90223 0
90224 0
90225 1
90226 0
90227 0
90228 0
90229 0
90230 0
90231 1
90232 1
90233 1
90234 0
90235 1
90236 0
90237 1
90238 1
90239 1
90240 1
90241 0
90242 1
90243 1
90244 0
90245 1
90246 0
90247 1
90248 0
90249 1
90250 0
90251 0
90252 1
90253 1
90254 1
90255 1
90256 1
90257 1
90258 1
90259 0
90260 0
90261 1
90262 0
90263 0
90264 0
90265 0
90266 0
90267 0
90268 0
90269 1
90270 0
90271 0
90272 1
90273 0
90274 0
90275 0
90276 0
90277 1
90278 0
90279 0
90280 1
90281 1
90282 0
90283 0
90284 1
90285 1
90286 1
90287 1
90288 0
90289 0
90290 0
90291 0
90292 1
90293 0
90294 1
90295 1
90296 0
90297 1
90298 1
90299 0
90300 0
90301 1
90302 0
90303 1
90304 1
90305 0
90306 1
90307 1
90308 1
90309 1
90310 0
90311 0
90312 0
90313 0
90314 1
90315 1
90316 0
90317 1
90318 1
90319 0
90320 1
90321 1
90322 1
90323 1
90324 0
90325 1
90326 1
90327 1
90328 1
90329 0
90330 1
90331 1
90332 0
90333 0
90334 0
90335 0
90336 1
90337 1
90338 0
90339 0
90340 0
90341 1
90342 0
90343 0
90344 1
90345 0
90346 0
90347 1
90348 1
90349 1
90350 1
90351 0
90352 0
90353 1
90354 0
90355 1
90356 0
90357 1
90358 1
90359 0
90360 1
90361 1
90362 0
90363 0
90364 0
90365 0
90366 0
90367 1
90368 0
90369 1
90370 1
90371 0
90372 0
90373 0
90374 1
90375 0
90376 0
90377 1
90378 0
90379 0
90380 0
90381 0
90382 1
90383 1
90384 1
90385 1
90386 0
90387 1
90388 0
90389 1
90390 0
90391 0
90392 0
90393 1
90394 1
90395 0
90396 0
90397 1
90398 1
90399 0
90400 1
90401 0
90402 1
90403 0
90404 1
90405 1
90406 1
90407 0
90408 1
90409 1
90410 0
90411 1
90412 0
90413 0
90414 0
90415 1
90416 0
90417 0
90418 1
90419 0
90420 1
90421 0
90422 1
90423 1
90424 1
90425 0
90426 1
90427 1
90428 1
90429 0
90430 1
90431 0
90432 1
90433 0
90434 0
90435 1
90436 0
90437 0
90438 0
90439 1
90440 1
90441 1
90442 1
90443 0
90444 1
90445 0
90446 0
90447 1
90448 0
90449 0
90450 0
90451 0
90452 1
90453 1
90454 0
90455 1
90456 0
90457 0
90458 0
90459 1
90460 1
90461 1
90462 0
90463 0
90464 0
90465 1
90466 0
90467 0
90468 0
90469 0
90470 1
90471 0
90472 1
90473 0
90474 1
90475 1
90476 0
90477 1
90478 1
90479 1
90480 0
90481 0
90482 0
90483 0
90484 1
90485 1
90486 1
90487 1
90488 1
90489 1
90490 0
90491 1
90492 0
90493 1
90494 0
90495 0
90496 1
90497 1
90498 0
90499 1
90500 0
90501 0
90502 0
90503 0
90504 1
90505 1
90506 0
90507 0
90508 0
90509 0
90510 1
90511 0
90512 1
90513 0
90514 0
90515 1
90516 0
90517 1
90518 0
90519 1
90520 1
90521 0
90522 1
90523 0
90524 0
90525 1
90526 0
90527 0
90528 0
90529 0
90530 0
90531 0
90532 1
90533 0
90534 0
90535 0
90536 1
90537 0
90538 0
90539 0
90540 0
90541 0
90542 1
90543 1
90544 1
90545 1
90546 1
90547 0
90548 0
90549 1
90550 0
90551 0
90552 1
90553 0
90554 0
90555 1
90556 1
90557 0
90558 1
90559 1
90560 0
90561 1
90562 0
90563 1
90564 0
90565 1
90566 0
90567 1
90568 0
90569 0
90570 0
90571 0
90572 0
90573 0
90574 1
90575 0
90576 0
90577 0
90578 0
90579 0
90580 0
90581 1
90582 0
90583 1
90584 0
90585 1
90586 0
90587 0
90588 0
90589 1
90590 0
90591 0
90592 1
90593 1
90594 1
90595 1
90596 1
90597 1
90598 1
90599 1
90600 0
90601 1
90602 0
90603 1
90604 0
90605 0
90606 1
90607 1
90608 1
90609 1
90610 1
90611 0
90612 0
90613 1
90614 0
90615 0
90616 1
90617 1
90618 1
90619 0
90620 1
90621 1
90622 0
90623 1
90624 1
90625 0
90626 0
90627 1
90628 1
90629 0
90630 0
90631 0
90632 0
90633 1
90634 1
90635 0
90636 0
90637 0
90638 0
90639 0
90640 1
90641 0
90642 0
90643 1
90644 1
90645 0
90646 0
90647 1
90648 0
90649 1
90650 0
90651 0
90652 1
90653 1
90654 1
90655 1
90656 0
90657 0
90658 0
90659 1
90660 0
90661 0
90662 1
90663 0
90664 0
90665 1
90666 1
90667 1
90668 0
90669 0
90670 0
90671 0
90672 0
90673 0
90674 1
90675 0
90676 1
90677 1
90678 1
90679 0
90680 0
90681 1
90682 1
90683 1
90684 0
90685 1
90686 0
90687 0
90688 0
90689 1
90690 0
90691 1
90692 1
90693 1
90694 0
90695 0
90696 1
90697 0
90698 0
90699 0
90700 1
90701 1
90702 1
90703 1
90704 1
90705 0
90706 0
90707 0
90708 0
90709 1
90710 1
90711 1
90712 0
90713 0
90714 1
90715 0
90716 0
90717 1
90718 0
90719 0
90720 0
90721 0
90722 1
90723 0
90724 0
90725 1
90726 1
90727 1
90728 1
90729 1
90730 1
90731 0
90732 1
90733 1
90734 1
90735 0
90736 1
90737 0
90738 0
90739 1
90740 1
90741 0
90742 1
90743 0
90744 0
90745 0
90746 0
90747 0
90748 0
90749 1
90750 1
90751 1
90752 0
90753 0
90754 0
90755 0
90756 1
90757 1
90758 1
90759 1
90760 1
90761 0
90762 1
90763 0
90764 1
90765 0
90766 1
90767 0
90768 1
90769 0
90770 0
90771 0
90772 1
90773 1
90774 0
90775 0
90776 0
90777 0
90778 1
90779 0
90780 1
90781 0
90782 1
90783 1
90784 0
90785 1
90786 0
90787 1
90788 0
90789 1
90790 0
90791 1
90792 0
90793 1
90794 0
90795 1
90796 1
90797 0
90798 0
90799 1
90800 0
90801 0
90802 0
90803 1
90804 0
90805 0
90806 1
90807 1
90808 1
90809 0
90810 0
90811 1
90812 0
90813 1
90814 0
90815 1
90816 1
90817 1
90818 1
90819 1
90820 0
90821 1
90822 1
90823 0
90824 1
90825 1
90826 1
90827 1
90828 1
90829 0
90830 1
90831 1
90832 1
90833 1
90834 0
90835 0
90836 1
90837 1
90838 0
90839 1
90840 0
90841 1
90842 0
90843 0
90844 1
90845 1
90846 0
90847 0
90848 0
90849 0
90850 0
90851 0
90852 1
90853 1
90854 0
90855 0
90856 0
90857 1
90858 1
90859 1
90860 0
90861 1
90862 0
90863 0
90864 0
90865 1
90866 1
90867 1
90868 1
90869 1
90870 1
90871 1
90872 0
90873 1
90874 0
90875 1
90876 1
90877 1
90878 0
90879 0
90880 1
90881 1
90882 0
90883 1
90884 1
90885 1
90886 1
90887 0
90888 1
90889 1
90890 0
90891 1
90892 0
90893 0
90894 1
90895 0
90896 0
90897 0
90898 1
90899 0
90900 1
90901 1
90902 0
90903 1
90904 1
90905 1
90906 1
90907 0
90908 0
90909 0
90910 0
90911 0
90912 1
90913 1
90914 0
90915 1
90916 1
90917 1
90918 1
90919 1
90920 0
90921 0
90922 1
90923 0
90924 0
90925 0
90926 1
90927 1
90928 0
90929 1
90930 1
90931 0
90932 1
90933 1
90934 1
90935 1
90936 1
90937 0
90938 0
90939 0
90940 0
90941 1
90942 0
90943 1
90944 1
90945 1
90946 0
90947 1
90948 1
90949 1
90950 1
90951 1
90952 1
90953 0
90954 0
90955 0
90956 1
90957 0
90958 1
90959 1
90960 1
90961 1
90962 0
90963 1
90964 1
90965 0
90966 1
90967 0
90968 0
90969 0
90970 0
90971 1
90972 1
90973 0
90974 0
90975 1
90976 1
90977 1
90978 0
90979 1
90980 0
90981 0
90982 1
90983 1
90984 0
90985 1
90986 1
90987 0
90988 1
90989 0
90990 1
90991 1
90992 0
90993 1
90994 1
90995 1
90996 1
90997 0
90998 0
90999 1
91000 0
91001 0
91002 0
91003 0
91004 1
91005 1
91006 1
91007 1
91008 1
91009 0
91010 0
91011 1
91012 1
91013 1
91014 1
91015 0
91016 0
91017 0
91018 0
91019 0
91020 1
91021 0
91022 1
91023 1
91024 1
91025 1
91026 1
91027 0
91028 1
91029 1
91030 1
91031 0
91032 0
91033 1
91034 0
91035 0
91036 0
91037 0
91038 1
91039 0
91040 1
91041 1
91042 0
91043 0
91044 0
91045 1
91046 1
91047 1
91048 1
91049 1
91050 1
91051 0
91052 1
91053 1
91054 0
91055 1
91056 1
91057 1
91058 1
91059 0
91060 0
91061 0
91062 0
91063 1
91064 1
91065 1
91066 0
91067 1
91068 1
91069 0
91070 0
91071 0
91072 0
91073 1
91074 1
91075 1
91076 0
91077 0
91078 1
91079 0
91080 1
91081 0
91082 1
91083 1
91084 1
91085 1
91086 0
91087 1
91088 0
91089 0
91090 1
91091 1
91092 1
91093 1
91094 1
91095 1
91096 1
91097 0
91098 0
91099 0
91100 1
91101 0
91102 0
91103 1
91104 1
91105 1
91106 1
91107 1
91108 0
91109 1
91110 0
91111 1
91112 1
91113 0
91114 1
91115 0
91116 1
91117 1
91118 0
91119 1
91120 1
91121 1
91122 1
91123 1
91124 0
91125 1
91126 1
91127 0
91128 1
91129 0
91130 1
91131 1
91132 1
91133 0
91134 0
91135 0
91136 0
91137 0
91138 1
91139 0
91140 0
91141 1
91142 1
91143 1
91144 0
91145 0
91146 0
91147 1
91148 0
91149 0
91150 0
91151 0
91152 0
91153 1
91154 0
91155 1
91156 0
91157 1
91158 1
91159 0
91160 0
91161 1
91162 1
91163 1
91164 1
91165 1
91166 1
91167 0
91168 0
91169 0
91170 0
91171 1
91172 1
91173 1
91174 0
91175 0
91176 1
91177 1
91178 1
91179 1
91180 1
91181 1
91182 0
91183 1
91184 1
91185 1
91186 1
91187 0
91188 0
91189 1
91190 1
91191 1
91192 0
91193 1
91194 0
91195 1
91196 1
91197 0
91198 1
91199 0
91200 0
91201 1
91202 0
91203 1
91204 1
91205 1
91206 1
91207 1
91208 0
91209 0
91210 0
91211 1
91212 0
91213 1
91214 0
91215 0
91216 0
91217 0
91218 0
91219 1
91220 1
91221 1
91222 0
91223 1
91224 0
91225 0
91226 1
91227 0
91228 0
91229 0
91230 1
91231 1
91232 1
91233 0
91234 0
91235 0
91236 0
91237 0
91238 1
91239 1
91240 0
91241 1
91242 1
91243 1
91244 1
91245 0
91246 1
91247 0
91248 0
91249 0
91250 0
91251 1
91252 0
91253 1
91254 1
91255 1
91256 0
91257 1
91258 1
91259 1
91260 1
91261 0
91262 0
91263 1
91264 1
91265 0
91266 0
91267 0
91268 0
91269 1
91270 1
91271 0
91272 0
91273 0
91274 1
91275 0
91276 1
91277 1
91278 0
91279 0
91280 0
91281 1
91282 1
91283 0
91284 0
91285 1
91286 0
91287 0
91288 1
91289 1
91290 0
91291 1
91292 1
91293 0
91294 1
91295 0
91296 0
91297 0
91298 1
91299 1
91300 0
91301 0
91302 1
91303 1
91304 0
91305 1
91306 1
91307 0
91308 0
91309 0
91310 1
91311 0
91312 0
91313 0
91314 0
91315 0
91316 0
91317 0
91318 1
91319 0
91320 0
91321 1
91322 1
91323 0
91324 1
91325 1
91326 1
91327 0
91328 1
91329 0
91330 1
91331 0
91332 0
91333 0
91334 0
91335 0
91336 0
91337 0
91338 0
91339 0
91340 0
91341 0
91342 1
91343 1
91344 1
91345 0
91346 1
91347 0
91348 1
91349 0
91350 1
91351 0
91352 0
91353 0
91354 1
91355 1
91356 1
91357 1
91358 1
91359 0
91360 0
91361 1
91362 0
91363 0
91364 0
91365 0
91366 1
91367 0
91368 1
91369 1
91370 0
91371 1
91372 0
91373 1
91374 0
91375 1
91376 1
91377 0
91378 0
91379 0
91380 0
91381 1
91382 1
91383 0
91384 1
91385 1
91386 1
91387 1
91388 1
91389 1
91390 0
91391 0
91392 0
91393 0
91394 1
91395 0
91396 1
91397 0
91398 0
91399 0
91400 0
91401 0
91402 1
91403 1
91404 1
91405 0
91406 0
91407 0
91408 0
91409 1
91410 0
91411 1
91412 1
91413 1
91414 1
91415 0
91416 1
91417 0
91418 1
91419 0
91420 1
91421 1
91422 1
91423 0
91424 0
91425 1
91426 1
91427 0
91428 1
91429 0
91430 1
91431 1
91432 0
91433 0
91434 1
91435 0
91436 1
91437 1
91438 0
91439 0
91440 1
91441 1
91442 0
91443 1
91444 0
91445 1
91446 1
91447 0
91448 1
91449 1
91450 1
91451 0
91452 0
91453 1
91454 0
91455 1
91456 1
91457 0
91458 0
91459 0
91460 0
91461 0
91462 1
91463 0
91464 0
91465 0
91466 0
91467 1
91468 1
91469 1
91470 0
91471 0
91472 1
91473 1
91474 1
91475 1
91476 0
91477 1
91478 1
91479 0
91480 1
91481 0
91482 0
91483 1
91484 1
91485 1
91486 1
91487 1
91488 1
91489 0
91490 0
91491 1
91492 0
91493 1
91494 0
91495 0
91496 0
91497 0
91498 0
91499 0
91500 1
91501 0
91502 0
91503 1
91504 0
91505 1
91506 0
91507 0
91508 0
91509 1
91510 1
91511 1
91512 1
91513 1
91514 1
91515 1
91516 1
91517 1
91518 0
91519 0
91520 1
91521 0
91522 1
91523 1
91524 1
91525 1
91526 0
91527 1
91528 0
91529 0
91530 0
91531 0
91532 0
91533 0
91534 0
91535 1
91536 1
91537 1
91538 0
91539 1
91540 1
91541 1
91542 1
91543 1
91544 0
91545 0
91546 0
91547 0
91548 0
91549 0
91550 1
91551 1
91552 1
91553 1
91554 0
91555 1
91556 1
91557 1
91558 0
91559 0
91560 1
91561 1
91562 0
91563 1
91564 0
91565 1
91566 0
91567 0
91568 0
91569 1
91570 0
91571 0
91572 1
91573 0
91574 1
91575 0
91576 1
91577 1
91578 0
91579 1
91580 1
91581 1
91582 0
91583 1
91584 0
91585 1
91586 0
91587 0
91588 0
91589 0
91590 1
91591 0
91592 0
91593 0
91594 1
91595 1
91596 1
91597 0
91598 0
91599 0
91600 0
91601 0
91602 0
91603 1
91604 0
91605 0
91606 0
91607 1
91608 0
91609 0
91610 1
91611 1
91612 1
91613 1
91614 0
91615 1
91616 0
91617 0
91618 0
91619 0
91620 1
91621 0
91622 0
91623 1
91624 0
91625 0
91626 0
91627 0
91628 1
91629 0
91630 1
91631 1
91632 1
91633 1
91634 1
91635 1
91636 1
91637 1
91638 0
91639 1
91640 0
91641 1
91642 0
91643 0
91644 0
91645 0
91646 0
91647 0
91648 0
91649 0
91650 1
91651 0
91652 0
91653 1
91654 1
91655 1
91656 0
91657 1
91658 0
91659 1
91660 0
91661 1
91662 1
91663 0
91664 1
91665 1
91666 0
91667 1
91668 1
91669 0
91670 1
91671 1
91672 0
91673 1
91674 1
91675 0
91676 1
91677 0
91678 0
91679 1
91680 0
91681 0
91682 0
91683 0
91684 0
91685 0
91686 0
91687 0
91688 0
91689 0
91690 0
91691 1
91692 1
91693 0
91694 1
91695 1
91696 1
91697 1
91698 0
91699 1
91700 0
91701 1
91702 1
91703 1
91704 0
91705 0
91706 0
91707 0
91708 1
91709 0
91710 0
91711 1
91712 1
91713 1
91714 1
91715 0
91716 0
91717 0
91718 1
91719 0
91720 0
91721 0
91722 0
91723 0
91724 0
91725 1
91726 1
91727 0
91728 0
91729 0
91730 1
91731 0
91732 1
91733 0
91734 0
91735 1
91736 0
91737 0
91738 1
91739 0
91740 1
91741 0
91742 1
91743 0
91744 1
91745 0
91746 0
91747 0
91748 0
91749 0
91750 1
91751 1
91752 1
91753 0
91754 1
91755 0
91756 1
91757 0
91758 1
91759 1
91760 1
91761 1
91762 0
91763 0
91764 0
91765 0
91766 0
91767 1
91768 0
91769 0
91770 0
91771 0
91772 0
91773 0
91774 1
91775 1
91776 1
91777 0
91778 0
91779 1
91780 0
91781 0
91782 1
91783 1
91784 1
91785 1
91786 0
91787 1
91788 0
91789 1
91790 0
91791 1
91792 0
91793 1
91794 0
91795 1
91796 0
91797 0
91798 1
91799 1
91800 1
91801 0
91802 0
91803 1
91804 0
91805 1
91806 1
91807 0
91808 1
91809 0
91810 1
91811 1
91812 1
91813 0
91814 0
91815 1
91816 0
91817 1
91818 0
91819 0
91820 0
91821 0
91822 1
91823 0
91824 1
91825 0
91826 0
91827 1
91828 0
91829 0
91830 1
91831 0
91832 1
91833 1
91834 1
91835 1
91836 1
91837 1
91838 0
91839 0
91840 0
91841 1
91842 1
91843 1
91844 1
91845 1
91846 0
91847 1
91848 1
91849 1
91850 1
91851 0
91852 1
91853 1
91854 1
91855 1
91856 1
91857 1
91858 1
91859 1
91860 0
91861 0
91862 0
91863 1
91864 1
91865 0
91866 0
91867 0
91868 0
91869 1
91870 0
91871 1
91872 1
91873 1
91874 1
91875 1
91876 1
91877 1
91878 1
91879 1
91880 0
91881 0
91882 0
91883 1
91884 0
91885 1
91886 1
91887 0
91888 1
91889 0
91890 0
91891 0
91892 0
91893 1
91894 1
91895 1
91896 0
91897 1
91898 1
91899 0
91900 0
91901 0
91902 0
91903 0
91904 1
91905 1
91906 0
91907 0
91908 1
91909 0
91910 1
91911 0
91912 1
91913 1
91914 1
91915 1
91916 0
91917 1
91918 0
91919 1
91920 0
91921 0
91922 0
91923 1
91924 0
91925 0
91926 0
91927 1
91928 0
91929 0
91930 0
91931 1
91932 0
91933 1
91934 0
91935 0
91936 1
91937 1
91938 1
91939 1
91940 0
91941 1
91942 0
91943 0
91944 1
91945 0
91946 0
91947 0
91948 1
91949 0
91950 1
91951 1
91952 0
91953 0
91954 1
91955 1
91956 0
91957 0
91958 0
91959 1
91960 0
91961 1
91962 0
91963 0
91964 1
91965 0
91966 0
91967 0
91968 1
91969 1
91970 1
91971 1
91972 1
91973 1
91974 1
91975 0
91976 0
91977 0
91978 0
91979 0
91980 1
91981 0
91982 1
91983 0
91984 1
91985 1
91986 1
91987 1
91988 1
91989 0
91990 0
91991 1
91992 0
91993 1
91994 1
91995 0
91996 0
91997 1
91998 0
91999 0
92000 1
92001 1
92002 0
92003 1
92004 0
92005 0
92006 1
92007 1
92008 0
92009 0
92010 1
92011 0
92012 1
92013 0
92014 0
92015 0
92016 0
92017 1
92018 0
92019 1
92020 0
92021 1
92022 1
92023 1
92024 1
92025 1
92026 0
92027 0
92028 0
92029 0
92030 1
92031 0
92032 1
92033 0
92034 0
92035 1
92036 0
92037 0
92038 0
92039 1
92040 0
92041 0
92042 1
92043 1
92044 0
92045 0
92046 1
92047 1
92048 1
92049 1
92050 0
92051 1
92052 0
92053 0
92054 1
92055 1
92056 1
92057 1
92058 1
92059 1
92060 0
92061 1
92062 0
92063 1
92064 0
92065 0
92066 1
92067 0
92068 1
92069 1
92070 1
92071 1
92072 1
92073 0
92074 0
92075 0
92076 0
92077 0
92078 1
92079 1
92080 0
92081 1
92082 0
92083 0
92084 0
92085 0
92086 1
92087 0
92088 1
92089 1
92090 0
92091 0
92092 0
92093 0
92094 0
92095 0
92096 1
92097 1
92098 1
92099 0
92100 1
92101 1
92102 0
92103 1
92104 1
92105 1
92106 1
92107 0
92108 0
92109 1
92110 1
92111 1
92112 1
92113 1
92114 0
92115 1
92116 1
92117 1
92118 0
92119 1
92120 0
92121 0
92122 0
92123 0
92124 0
92125 1
92126 0
92127 0
92128 1
92129 0
92130 0
92131 0
92132 0
92133 0
92134 1
92135 1
92136 1
92137 1
92138 0
92139 0
92140 0
92141 1
92142 0
92143 1
92144 0
92145 1
92146 1
92147 1
92148 1
92149 1
92150 1
92151 1
92152 0
92153 1
92154 0
92155 0
92156 0
92157 0
92158 0
92159 1
92160 0
92161 1
92162 0
92163 0
92164 0
92165 1
92166 0
92167 0
92168 1
92169 0
92170 1
92171 0
92172 0
92173 0
92174 0
92175 1
92176 1
92177 1
92178 0
92179 1
92180 1
92181 0
92182 1
92183 1
92184 0
92185 0
92186 0
92187 1
92188 0
92189 0
92190 1
92191 0
92192 0
92193 0
92194 1
92195 0
92196 1
92197 0
92198 1
92199 0
92200 0
92201 1
92202 1
92203 0
92204 1
92205 0
92206 0
92207 0
92208 1
92209 0
92210 1
92211 1
92212 1
92213 0
92214 1
92215 0
92216 1
92217 1
92218 0
92219 1
92220 1
92221 1
92222 0
92223 1
92224 0
92225 1
92226 1
92227 0
92228 0
92229 0
92230 0
92231 1
92232 0
92233 1
92234 0
92235 0
92236 1
92237 0
92238 0
92239 0
92240 0
92241 0
92242 0
92243 0
92244 1
92245 1
92246 1
92247 0
92248 0
92249 0
92250 0
92251 0
92252 0
92253 0
92254 1
92255 1
92256 1
92257 0
92258 0
92259 0
92260 1
92261 1
92262 1
92263 0
92264 0
92265 0
92266 0
92267 0
92268 1
92269 1
92270 1
92271 1
92272 0
92273 0
92274 0
92275 1
92276 1
92277 0
92278 0
92279 0
92280 1
92281 0
92282 1
92283 1
92284 0
92285 0
92286 1
92287 0
92288 1
92289 1
92290 0
92291 1
92292 1
92293 1
92294 0
92295 1
92296 0
92297 0
92298 1
92299 1
92300 0
92301 0
92302 1
92303 1
92304 0
92305 1
92306 1
92307 1
92308 1
92309 0
92310 1
92311 1
92312 0
92313 0
92314 1
92315 1
92316 0
92317 0
92318 1
92319 1
92320 0
92321 0
92322 1
92323 0
92324 1
92325 0
92326 0
92327 1
92328 0
92329 0
92330 0
92331 0
92332 0
92333 0
92334 0
92335 0
92336 1
92337 1
92338 0
92339 0
92340 0
92341 0
92342 0
92343 1
92344 0
92345 1
92346 0
92347 0
92348 0
92349 0
92350 1
92351 1
92352 0
92353 1
92354 1
92355 1
92356 1
92357 1
92358 0
92359 0
92360 1
92361 1
92362 1
92363 0
92364 0
92365 1
92366 1
92367 0
92368 1
92369 0
92370 1
92371 0
92372 1
92373 1
92374 1
92375 0
92376 0
92377 0
92378 1
92379 1
92380 0
92381 0
92382 0
92383 0
92384 1
92385 0
92386 1
92387 0
92388 1
92389 0
92390 1
92391 0
92392 1
92393 0
92394 1
92395 1
92396 1
92397 1
92398 1
92399 0
92400 0
92401 0
92402 0
92403 1
92404 1
92405 1
92406 1
92407 0
92408 0
92409 1
92410 0
92411 0
92412 0
92413 1
92414 1
92415 0
92416 0
92417 1
92418 1
92419 1
92420 0
92421 1
92422 0
92423 0
92424 1
92425 0
92426 1
92427 1
92428 0
92429 0
92430 0
92431 0
92432 1
92433 0
92434 1
92435 1
92436 1
92437 0
92438 1
92439 0
92440 0
92441 0
92442 1
92443 1
92444 0
92445 0
92446 1
92447 0
92448 0
92449 0
92450 0
92451 1
92452 0
92453 0
92454 1
92455 1
92456 1
92457 0
92458 1
92459 0
92460 0
92461 0
92462 0
92463 1
92464 0
92465 0
92466 0
92467 0
92468 0
92469 0
92470 1
92471 0
92472 1
92473 1
92474 0
92475 1
92476 1
92477 1
92478 0
92479 1
92480 1
92481 0
92482 0
92483 0
92484 1
92485 0
92486 1
92487 0
92488 0
92489 0
92490 1
92491 0
92492 0
92493 1
92494 0
92495 1
92496 1
92497 1
92498 1
92499 1
92500 1
92501 0
92502 0
92503 1
92504 1
92505 0
92506 1
92507 1
92508 0
92509 1
92510 0
92511 0
92512 0
92513 1
92514 1
92515 1
92516 0
92517 1
92518 1
92519 1
92520 0
92521 1
92522 0
92523 1
92524 1
92525 0
92526 0
92527 0
92528 1
92529 0
92530 0
92531 1
92532 0
92533 0
92534 0
92535 1
92536 1
92537 1
92538 1
92539 1
92540 0
92541 1
92542 0
92543 1
92544 0
92545 0
92546 0
92547 1
92548 1
92549 0
92550 0
92551 0
92552 1
92553 1
92554 1
92555 1
92556 1
92557 1
92558 1
92559 1
92560 1
92561 1
92562 0
92563 0
92564 1
92565 1
92566 0
92567 0
92568 0
92569 0
92570 0
92571 0
92572 0
92573 0
92574 1
92575 1
92576 0
92577 1
92578 0
92579 0
92580 1
92581 1
92582 0
92583 0
92584 1
92585 0
92586 0
92587 0
92588 1
92589 1
92590 0
92591 1
92592 0
92593 0
92594 1
92595 1
92596 1
92597 1
92598 0
92599 0
92600 0
92601 1
92602 1
92603 1
92604 0
92605 1
92606 0
92607 1
92608 1
92609 0
92610 0
92611 0
92612 0
92613 1
92614 1
92615 0
92616 1
92617 0
92618 0
92619 1
92620 1
92621 1
92622 0
92623 0
92624 0
92625 0
92626 1
92627 0
92628 1
92629 0
92630 0
92631 0
92632 0
92633 1
92634 0
92635 0
92636 1
92637 1
92638 1
92639 1
92640 0
92641 0
92642 0
92643 0
92644 0
92645 0
92646 0
92647 1
92648 1
92649 1
92650 0
92651 0
92652 1
92653 1
92654 0
92655 1
92656 1
92657 1
92658 1
92659 1
92660 1
92661 1
92662 0
92663 0
92664 1
92665 0
92666 1
92667 0
92668 0
92669 0
92670 0
92671 1
92672 0
92673 1
92674 1
92675 0
92676 0
92677 1
92678 1
92679 0
92680 0
92681 0
92682 1
92683 1
92684 1
92685 1
92686 0
92687 0
92688 1
92689 0
92690 0
92691 0
92692 0
92693 0
92694 1
92695 1
92696 0
92697 0
92698 1
92699 1
92700 1
92701 0
92702 1
92703 1
92704 0
92705 1
92706 0
92707 0
92708 0
92709 0
92710 1
92711 0
92712 0
92713 0
92714 1
92715 0
92716 1
92717 1
92718 0
92719 0
92720 1
92721 1
92722 1
92723 1
92724 0
92725 0
92726 1
92727 0
92728 0
92729 1
92730 0
92731 1
92732 1
92733 1
92734 1
92735 1
92736 0
92737 1
92738 1
92739 0
92740 0
92741 0
92742 1
92743 0
92744 1
92745 1
92746 0
92747 1
92748 0
92749 1
92750 0
92751 1
92752 1
92753 1
92754 0
92755 0
92756 1
92757 0
92758 0
92759 0
92760 0
92761 0
92762 1
92763 0
92764 1
92765 1
92766 1
92767 0
92768 1
92769 0
92770 0
92771 0
92772 0
92773 0
92774 0
92775 1
92776 0
92777 0
92778 0
92779 0
92780 1
92781 1
92782 0
92783 1
92784 1
92785 1
92786 1
92787 1
92788 1
92789 0
92790 1
92791 0
92792 0
92793 1
92794 0
92795 0
92796 1
92797 1
92798 0
92799 0
92800 0
92801 0
92802 1
92803 1
92804 1
92805 0
92806 1
92807 1
92808 1
92809 1
92810 0
92811 0
92812 0
92813 0
92814 0
92815 1
92816 0
92817 0
92818 1
92819 0
92820 0
92821 1
92822 1
92823 1
92824 1
92825 0
92826 0
92827 0
92828 0
92829 1
92830 0
92831 1
92832 0
92833 1
92834 0
92835 0
92836 1
92837 0
92838 1
92839 0
92840 0
92841 1
92842 1
92843 0
92844 0
92845 0
92846 1
92847 1
92848 1
92849 1
92850 1
92851 0
92852 0
92853 0
92854 0
92855 1
92856 1
92857 0
92858 1
92859 0
92860 0
92861 0
92862 0
92863 0
92864 0
92865 0
92866 1
92867 0
92868 1
92869 0
92870 1
92871 0
92872 1
92873 1
92874 0
92875 0
92876 1
92877 0
92878 0
92879 1
92880 1
92881 1
92882 1
92883 1
92884 1
92885 0
92886 1
92887 1
92888 1
92889 1
92890 0
92891 1
92892 1
92893 1
92894 1
92895 0
92896 0
92897 0
92898 1
92899 0
92900 0
92901 0
92902 0
92903 0
92904 1
92905 0
92906 1
92907 1
92908 1
92909 0
92910 0
92911 0
92912 0
92913 0
92914 1
92915 1
92916 1
92917 0
92918 1
92919 0
92920 0
92921 1
92922 0
92923 1
92924 1
92925 1
92926 1
92927 0
92928 1
92929 0
92930 1
92931 1
92932 0
92933 1
92934 0
92935 0
92936 1
92937 0
92938 1
92939 0
92940 0
92941 0
92942 0
92943 0
92944 1
92945 1
92946 0
92947 0
92948 1
92949 0
92950 0
92951 0
92952 1
92953 1
92954 1
92955 1
92956 0
92957 0
92958 0
92959 0
92960 0
92961 0
92962 1
92963 0
92964 0
92965 0
92966 1
92967 0
92968 1
92969 1
92970 1
92971 1
92972 1
92973 1
92974 0
92975 0
92976 1
92977 0
92978 0
92979 0
92980 1
92981 1
92982 1
92983 1
92984 1
92985 0
92986 1
92987 0
92988 0
92989 1
92990 1
92991 1
92992 1
92993 0
92994 1
92995 1
92996 1
92997 0
92998 1
92999 0
93000 0
93001 1
93002 0
93003 0
93004 0
93005 0
93006 0
93007 1
93008 1
93009 1
93010 1
93011 0
93012 1
93013 0
93014 1
93015 1
93016 1
93017 1
93018 1
93019 0
93020 0
93021 1
93022 0
93023 1
93024 0
93025 0
93026 1
93027 0
93028 1
93029 1
93030 0
93031 1
93032 1
93033 0
93034 0
93035 1
93036 0
93037 1
93038 1
93039 1
93040 1
93041 0
93042 0
93043 0
93044 1
93045 0
93046 0
93047 1
93048 1
93049 1
93050 1
93051 1
93052 1
93053 0
93054 0
93055 0
93056 0
93057 1
93058 0
93059 0
93060 0
93061 0
93062 1
93063 0
93064 1
93065 1
93066 1
93067 0
93068 1
93069 1
93070 1
93071 0
93072 1
93073 1
93074 1
93075 1
93076 1
93077 1
93078 1
93079 1
93080 1
93081 0
93082 1
93083 1
93084 1
93085 0
93086 0
93087 1
93088 0
93089 0
93090 0
93091 1
93092 1
93093 0
93094 0
93095 1
93096 0
93097 0
93098 1
93099 0
93100 1
93101 1
93102 1
93103 0
93104 0
93105 1
93106 0
93107 1
93108 1
93109 0
93110 0
93111 0
93112 1
93113 1
93114 1
93115 0
93116 1
93117 1
93118 1
93119 1
93120 1
93121 1
93122 0
93123 0
93124 0
93125 0
93126 1
93127 1
93128 0
93129 0
93130 1
93131 0
93132 1
93133 0
93134 1
93135 1
93136 0
93137 1
93138 1
93139 0
93140 1
93141 0
93142 1
93143 0
93144 1
93145 1
93146 1
93147 1
93148 1
93149 1
93150 1
93151 0
93152 0
93153 1
93154 1
93155 1
93156 1
93157 0
93158 1
93159 0
93160 1
93161 0
93162 0
93163 1
93164 1
93165 1
93166 1
93167 0
93168 0
93169 0
93170 0
93171 0
93172 1
93173 1
93174 0
93175 0
93176 0
93177 0
93178 1
93179 1
93180 0
93181 0
93182 1
93183 0
93184 0
93185 0
93186 0
93187 1
93188 1
93189 0
93190 1
93191 0
93192 1
93193 1
93194 1
93195 0
93196 1
93197 1
93198 0
93199 0
93200 0
93201 0
93202 1
93203 1
93204 1
93205 1
93206 0
93207 1
93208 1
93209 1
93210 1
93211 1
93212 0
93213 1
93214 0
93215 0
93216 0
93217 1
93218 1
93219 0
93220 1
93221 0
93222 0
93223 0
93224 0
93225 0
93226 1
93227 0
93228 1
93229 0
93230 1
93231 1
93232 0
93233 0
93234 0
93235 1
93236 0
93237 1
93238 1
93239 1
93240 1
93241 1
93242 1
93243 0
93244 0
93245 1
93246 1
93247 1
93248 0
93249 0
93250 1
93251 0
93252 0
93253 1
93254 1
93255 1
93256 1
93257 0
93258 0
93259 0
93260 1
93261 1
93262 0
93263 0
93264 0
93265 1
93266 1
93267 1
93268 0
93269 1
93270 0
93271 0
93272 1
93273 0
93274 1
93275 1
93276 1
93277 0
93278 1
93279 0
93280 1
93281 0
93282 0
93283 1
93284 1
93285 0
93286 1
93287 1
93288 1
93289 1
93290 0
93291 1
93292 0
93293 1
93294 1
93295 0
93296 0
93297 0
93298 1
93299 0
93300 0
93301 0
93302 0
93303 0
93304 1
93305 0
93306 0
93307 0
93308 0
93309 1
93310 1
93311 0
93312 1
93313 1
93314 0
93315 0
93316 1
93317 0
93318 1
93319 1
93320 0
93321 0
93322 1
93323 0
93324 1
93325 1
93326 0
93327 0
93328 1
93329 0
93330 0
93331 1
93332 1
93333 1
93334 0
93335 0
93336 1
93337 0
93338 1
93339 0
93340 0
93341 0
93342 1
93343 0
93344 0
93345 0
93346 1
93347 1
93348 1
93349 1
93350 1
93351 1
93352 0
93353 1
93354 0
93355 0
93356 0
93357 0
93358 0
93359 0
93360 0
93361 0
93362 1
93363 0
93364 0
93365 0
93366 1
93367 0
93368 1
93369 1
93370 1
93371 0
93372 0
93373 1
93374 0
93375 0
93376 1
93377 0
93378 1
93379 1
93380 0
93381 0
93382 1
93383 0
93384 1
93385 1
93386 1
93387 1
93388 1
93389 1
93390 0
93391 0
93392 1
93393 0
93394 0
93395 1
93396 0
93397 1
93398 1
93399 0
93400 0
93401 1
93402 1
93403 0
93404 0
93405 1
93406 0
93407 1
93408 1
93409 0
93410 1
93411 0
93412 1
93413 0
93414 1
93415 0
93416 1
93417 1
93418 1
93419 0
93420 0
93421 1
93422 1
93423 1
93424 0
93425 0
93426 0
93427 0
93428 1
93429 0
93430 1
93431 1
93432 1
93433 0
93434 0
93435 1
93436 1
93437 0
93438 0
93439 0
93440 1
93441 1
93442 1
93443 0
93444 1
93445 1
93446 1
93447 1
93448 1
93449 0
93450 1
93451 0
93452 1
93453 1
93454 0
93455 0
93456 0
93457 0
93458 1
93459 1
93460 1
93461 1
93462 1
93463 0
93464 0
93465 1
93466 0
93467 0
93468 0
93469 0
93470 0
93471 0
93472 1
93473 0
93474 0
93475 0
93476 0
93477 1
93478 0
93479 1
93480 1
93481 0
93482 0
93483 0
93484 1
93485 0
93486 1
93487 0
93488 1
93489 1
93490 1
93491 1
93492 0
93493 0
93494 1
93495 0
93496 0
93497 0
93498 0
93499 1
93500 1
93501 0
93502 0
93503 0
93504 0
93505 1
93506 1
93507 0
93508 1
93509 1
93510 1
93511 0
93512 0
93513 0
93514 1
93515 0
93516 1
93517 1
93518 0
93519 1
93520 0
93521 1
93522 1
93523 1
93524 0
93525 0
93526 0
93527 1
93528 0
93529 0
93530 0
93531 1
93532 0
93533 0
93534 1
93535 0
93536 1
93537 0
93538 1
93539 1
93540 0
93541 0
93542 1
93543 1
93544 1
93545 1
93546 0
93547 1
93548 1
93549 1
93550 0
93551 0
93552 1
93553 0
93554 0
93555 0
93556 0
93557 0
93558 0
93559 1
93560 0
93561 0
93562 1
93563 1
93564 0
93565 0
93566 0
93567 0
93568 0
93569 0
93570 0
93571 1
93572 1
93573 0
93574 0
93575 1
93576 1
93577 1
93578 0
93579 1
93580 0
93581 1
93582 1
93583 1
93584 0
93585 1
93586 1
93587 0
93588 1
93589 0
93590 0
93591 0
93592 0
93593 0
93594 0
93595 1
93596 0
93597 0
93598 1
93599 0
93600 0
93601 0
93602 1
93603 1
93604 1
93605 0
93606 0
93607 0
93608 0
93609 1
93610 0
93611 0
93612 0
93613 1
93614 0
93615 1
93616 1
93617 1
93618 0
93619 0
93620 0
93621 0
93622 0
93623 1
93624 0
93625 0
93626 0
93627 1
93628 0
93629 1
93630 1
93631 1
93632 0
93633 1
93634 0
93635 0
93636 0
93637 0
93638 1
93639 1
93640 1
93641 0
93642 1
93643 1
93644 1
93645 1
93646 1
93647 0
93648 1
93649 1
93650 0
93651 1
93652 1
93653 1
93654 1
93655 0
93656 1
93657 1
93658 0
93659 1
93660 0
93661 1
93662 1
93663 1
93664 1
93665 1
93666 0
93667 0
93668 1
93669 1
93670 0
93671 0
93672 1
93673 1
93674 1
93675 0
93676 1
93677 1
93678 1
93679 0
93680 0
93681 0
93682 0
93683 0
93684 0
93685 0
93686 1
93687 0
93688 0
93689 0
93690 1
93691 0
93692 0
93693 1
93694 0
93695 1
93696 0
93697 1
93698 0
93699 1
93700 1
93701 0
93702 1
93703 0
93704 0
93705 1
93706 0
93707 0
93708 1
93709 0
93710 0
93711 1
93712 1
93713 0
93714 1
93715 1
93716 1
93717 1
93718 1
93719 1
93720 1
93721 1
93722 1
93723 1
93724 0
93725 0
93726 1
93727 1
93728 1
93729 0
93730 1
93731 1
93732 0
93733 0
93734 1
93735 1
93736 0
93737 0
93738 1
93739 1
93740 0
93741 1
93742 0
93743 1
93744 0
93745 0
93746 0
93747 1
93748 0
93749 1
93750 0
93751 0
93752 0
93753 0
93754 0
93755 0
93756 0
93757 1
93758 1
93759 0
93760 0
93761 1
93762 1
93763 0
93764 1
93765 0
93766 1
93767 0
93768 0
93769 0
93770 0
93771 0
93772 1
93773 1
93774 0
93775 1
93776 0
93777 0
93778 1
93779 0
93780 1
93781 1
93782 0
93783 1
93784 1
93785 0
93786 1
93787 1
93788 0
93789 0
93790 0
93791 1
93792 1
93793 0
93794 1
93795 0
93796 1
93797 1
93798 0
93799 0
93800 1
93801 0
93802 0
93803 1
93804 0
93805 0
93806 0
93807 0
93808 0
93809 1
93810 1
93811 0
93812 0
93813 0
93814 1
93815 1
93816 0
93817 0
93818 1
93819 0
93820 0
93821 1
93822 0
93823 0
93824 0
93825 0
93826 0
93827 0
93828 0
93829 0
93830 1
93831 1
93832 1
93833 1
93834 1
93835 0
93836 1
93837 1
93838 1
93839 0
93840 1
93841 0
93842 1
93843 0
93844 0
93845 0
93846 1
93847 1
93848 0
93849 1
93850 0
93851 0
93852 1
93853 1
93854 1
93855 1
93856 1
93857 1
93858 1
93859 1
93860 1
93861 0
93862 0
93863 1
93864 1
93865 1
93866 0
93867 0
93868 1
93869 0
93870 1
93871 1
93872 0
93873 0
93874 0
93875 0
93876 1
93877 0
93878 0
93879 0
93880 1
93881 0
93882 1
93883 0
93884 0
93885 0
93886 0
93887 0
93888 1
93889 1
93890 0
93891 0
93892 1
93893 1
93894 1
93895 0
93896 0
93897 1
93898 0
93899 0
93900 0
93901 1
93902 1
93903 1
93904 1
93905 1
93906 1
93907 1
93908 1
93909 0
93910 0
93911 1
93912 0
93913 0
93914 0
93915 1
93916 0
93917 1
93918 1
93919 1
93920 1
93921 0
93922 1
93923 1
93924 1
93925 1
93926 0
93927 0
93928 1
93929 1
93930 0
93931 0
93932 1
93933 1
93934 0
93935 1
93936 1
93937 1
93938 1
93939 0
93940 0
93941 1
93942 0
93943 0
93944 1
93945 1
93946 1
93947 0
93948 1
93949 0
93950 1
93951 1
93952 0
93953 1
93954 1
93955 0
93956 0
93957 1
93958 0
93959 0
93960 0
93961 0
93962 0
93963 1
93964 1
93965 1
93966 1
93967 0
93968 1
93969 1
93970 1
93971 1
93972 1
93973 1
93974 1
93975 1
93976 0
93977 1
93978 0
93979 1
93980 0
93981 1
93982 0
93983 1
93984 1
93985 0
93986 1
93987 0
93988 1
93989 1
93990 0
93991 0
93992 1
93993 1
93994 1
93995 1
93996 1
93997 0
93998 1
93999 1
94000 1
94001 1
94002 0
94003 0
94004 1
94005 0
94006 0
94007 1
94008 1
94009 1
94010 1
94011 0
94012 0
94013 0
94014 0
94015 1
94016 1
94017 0
94018 0
94019 0
94020 0
94021 1
94022 0
94023 1
94024 0
94025 1
94026 1
94027 1
94028 0
94029 0
94030 0
94031 1
94032 1
94033 0
94034 1
94035 1
94036 0
94037 0
94038 0
94039 0
94040 0
94041 1
94042 0
94043 0
94044 0
94045 0
94046 0
94047 0
94048 1
94049 0
94050 1
94051 1
94052 1
94053 1
94054 0
94055 0
94056 1
94057 0
94058 1
94059 0
94060 0
94061 0
94062 0
94063 1
94064 0
94065 0
94066 0
94067 1
94068 0
94069 1
94070 0
94071 1
94072 1
94073 1
94074 1
94075 0
94076 0
94077 1
94078 1
94079 1
94080 0
94081 1
94082 1
94083 0
94084 0
94085 1
94086 0
94087 1
94088 1
94089 1
94090 0
94091 0
94092 0
94093 0
94094 1
94095 1
94096 0
94097 1
94098 0
94099 0
94100 1
94101 1
94102 0
94103 0
94104 1
94105 1
94106 1
94107 0
94108 0
94109 1
94110 1
94111 0
94112 0
94113 0
94114 0
94115 0
94116 0
94117 0
94118 1
94119 0
94120 1
94121 1
94122 0
94123 0
94124 1
94125 0
94126 0
94127 0
94128 1
94129 1
94130 0
94131 0
94132 1
94133 0
94134 1
94135 0
94136 0
94137 1
94138 0
94139 1
94140 0
94141 0
94142 1
94143 1
94144 0
94145 1
94146 0
94147 1
94148 0
94149 1
94150 1
94151 1
94152 0
94153 1
94154 0
94155 1
94156 0
94157 1
94158 0
94159 1
94160 1
94161 0
94162 0
94163 0
94164 0
94165 1
94166 1
94167 0
94168 0
94169 1
94170 1
94171 0
94172 1
94173 0
94174 0
94175 1
94176 0
94177 0
94178 1
94179 1
94180 0
94181 1
94182 1
94183 0
94184 0
94185 0
94186 1
94187 0
94188 1
94189 0
94190 0
94191 1
94192 1
94193 0
94194 0
94195 0
94196 0
94197 0
94198 1
94199 0
94200 1
94201 1
94202 1
94203 0
94204 1
94205 0
94206 0
94207 1
94208 1
94209 1
94210 1
94211 1
94212 0
94213 1
94214 1
94215 0
94216 0
94217 1
94218 1
94219 0
94220 1
94221 0
94222 0
94223 0
94224 1
94225 0
94226 0
94227 0
94228 0
94229 1
94230 0
94231 0
94232 0
94233 1
94234 1
94235 1
94236 0
94237 1
94238 1
94239 0
94240 1
94241 0
94242 1
94243 1
94244 0
94245 0
94246 0
94247 1
94248 1
94249 0
94250 0
94251 1
94252 0
94253 0
94254 0
94255 0
94256 1
94257 1
94258 1
94259 1
94260 1
94261 1
94262 0
94263 1
94264 0
94265 0
94266 0
94267 0
94268 1
94269 0
94270 0
94271 0
94272 0
94273 1
94274 1
94275 1
94276 0
94277 0
94278 1
94279 0
94280 0
94281 1
94282 1
94283 0
94284 1
94285 1
94286 1
94287 0
94288 1
94289 0
94290 1
94291 1
94292 1
94293 1
94294 1
94295 1
94296 1
94297 1
94298 0
94299 1
94300 0
94301 1
94302 1
94303 1
94304 1
94305 1
94306 1
94307 1
94308 1
94309 0
94310 0
94311 0
94312 1
94313 0
94314 1
94315 0
94316 1
94317 0
94318 1
94319 0
94320 0
94321 0
94322 0
94323 0
94324 1
94325 0
94326 1
94327 1
94328 0
94329 0
94330 0
94331 0
94332 1
94333 1
94334 1
94335 0
94336 0
94337 1
94338 0
94339 0
94340 1
94341 1
94342 1
94343 0
94344 1
94345 1
94346 1
94347 0
94348 1
94349 0
94350 0
94351 1
94352 1
94353 0
94354 0
94355 0
94356 0
94357 1
94358 1
94359 0
94360 0
94361 0
94362 1
94363 1
94364 1
94365 0
94366 1
94367 0
94368 1
94369 1
94370 0
94371 1
94372 1
94373 0
94374 1
94375 1
94376 1
94377 1
94378 1
94379 0
94380 1
94381 0
94382 1
94383 0
94384 1
94385 0
94386 0
94387 0
94388 0
94389 1
94390 1
94391 1
94392 0
94393 0
94394 1
94395 1
94396 0
94397 0
94398 1
94399 0
94400 0
94401 1
94402 1
94403 1
94404 0
94405 0
94406 1
94407 0
94408 0
94409 0
94410 1
94411 1
94412 1
94413 0
94414 0
94415 0
94416 1
94417 1
94418 1
94419 0
94420 1
94421 1
94422 1
94423 1
94424 0
94425 1
94426 0
94427 1
94428 0
94429 0
94430 1
94431 0
94432 1
94433 1
94434 1
94435 0
94436 0
94437 0
94438 0
94439 0
94440 0
94441 0
94442 1
94443 1
94444 0
94445 0
94446 1
94447 1
94448 0
94449 0
94450 0
94451 1
94452 1
94453 1
94454 1
94455 1
94456 0
94457 1
94458 1
94459 0
94460 0
94461 0
94462 0
94463 0
94464 0
94465 1
94466 0
94467 0
94468 1
94469 0
94470 0
94471 0
94472 0
94473 0
94474 1
94475 0
94476 1
94477 0
94478 0
94479 1
94480 1
94481 0
94482 1
94483 1
94484 1
94485 1
94486 1
94487 1
94488 0
94489 0
94490 1
94491 1
94492 1
94493 0
94494 1
94495 0
94496 0
94497 0
94498 1
94499 0
94500 0
94501 0
94502 1
94503 0
94504 1
94505 1
94506 1
94507 1
94508 0
94509 0
94510 0
94511 0
94512 0
94513 0
94514 1
94515 0
94516 1
94517 0
94518 1
94519 1
94520 1
94521 0
94522 1
94523 0
94524 1
94525 1
94526 0
94527 1
94528 1
94529 1
94530 1
94531 1
94532 1
94533 0
94534 0
94535 1
94536 1
94537 1
94538 1
94539 0
94540 0
94541 1
94542 0
94543 1
94544 0
94545 0
94546 1
94547 0
94548 1
94549 1
94550 1
94551 1
94552 0
94553 1
94554 1
94555 1
94556 0
94557 1
94558 0
94559 1
94560 0
94561 1
94562 1
94563 0
94564 1
94565 1
94566 0
94567 0
94568 0
94569 1
94570 0
94571 0
94572 0
94573 0
94574 1
94575 1
94576 0
94577 0
94578 1
94579 0
94580 1
94581 1
94582 0
94583 1
94584 1
94585 0
94586 0
94587 1
94588 0
94589 1
94590 0
94591 0
94592 0
94593 1
94594 0
94595 0
94596 0
94597 0
94598 0
94599 1
94600 1
94601 1
94602 1
94603 0
94604 1
94605 0
94606 0
94607 0
94608 0
94609 0
94610 0
94611 0
94612 0
94613 0
94614 1
94615 0
94616 0
94617 0
94618 0
94619 1
94620 1
94621 0
94622 0
94623 0
94624 1
94625 1
94626 1
94627 1
94628 0
94629 1
94630 0
94631 0
94632 1
94633 0
94634 0
94635 1
94636 1
94637 0
94638 1
94639 0
94640 0
94641 0
94642 0
94643 1
94644 1
94645 0
94646 1
94647 0
94648 1
94649 0
94650 0
94651 0
94652 0
94653 0
94654 0
94655 1
94656 1
94657 0
94658 0
94659 1
94660 1
94661 0
94662 0
94663 0
94664 0
94665 1
94666 1
94667 1
94668 1
94669 0
94670 1
94671 1
94672 0
94673 0
94674 0
94675 0
94676 0
94677 0
94678 1
94679 0
94680 1
94681 0
94682 0
94683 1
94684 0
94685 0
94686 1
94687 1
94688 1
94689 0
94690 0
94691 0
94692 1
94693 1
94694 1
94695 1
94696 0
94697 0
94698 1
94699 1
94700 0
94701 0
94702 1
94703 1
94704 1
94705 1
94706 0
94707 0
94708 0
94709 1
94710 0
94711 1
94712 0
94713 0
94714 0
94715 0
94716 0
94717 0
94718 1
94719 1
94720 0
94721 1
94722 0
94723 0
94724 1
94725 0
94726 0
94727 0
94728 1
94729 1
94730 1
94731 0
94732 0
94733 1
94734 0
94735 0
94736 0
94737 1
94738 1
94739 1
94740 0
94741 1
94742 0
94743 1
94744 0
94745 0
94746 1
94747 0
94748 0
94749 1
94750 1
94751 1
94752 0
94753 1
94754 1
94755 0
94756 0
94757 0
94758 1
94759 0
94760 0
94761 1
94762 1
94763 1
94764 0
94765 1
94766 0
94767 0
94768 0
94769 1
94770 0
94771 0
94772 0
94773 0
94774 0
94775 1
94776 0
94777 1
94778 1
94779 0
94780 1
94781 0
94782 1
94783 1
94784 0
94785 1
94786 0
94787 1
94788 0
94789 1
94790 0
94791 0
94792 0
94793 1
94794 1
94795 0
94796 1
94797 1
94798 1
94799 1
94800 0
94801 0
94802 0
94803 1
94804 1
94805 0
94806 1
94807 0
94808 0
94809 0
94810 1
94811 1
94812 1
94813 1
94814 0
94815 1
94816 0
94817 0
94818 1
94819 0
94820 1
94821 1
94822 0
94823 1
94824 1
94825 0
94826 0
94827 1
94828 1
94829 0
94830 0
94831 1
94832 0
94833 0
94834 1
94835 0
94836 0
94837 1
94838 1
94839 0
94840 1
94841 0
94842 0
94843 0
94844 1
94845 0
94846 1
94847 1
94848 0
94849 0
94850 1
94851 0
94852 1
94853 0
94854 0
94855 1
94856 0
94857 0
94858 0
94859 0
94860 1
94861 0
94862 0
94863 0
94864 0
94865 0
94866 1
94867 0
94868 1
94869 1
94870 0
94871 1
94872 1
94873 1
94874 0
94875 1
94876 0
94877 1
94878 1
94879 0
94880 1
94881 0
94882 0
94883 1
94884 0
94885 0
94886 0
94887 1
94888 1
94889 0
94890 0
94891 1
94892 0
94893 1
94894 0
94895 1
94896 1
94897 1
94898 0
94899 0
94900 1
94901 1
94902 0
94903 0
94904 0
94905 0
94906 0
94907 0
94908 0
94909 0
94910 0
94911 1
94912 0
94913 0
94914 1
94915 0
94916 0
94917 0
94918 1
94919 0
94920 0
94921 1
94922 1
94923 0
94924 1
94925 1
94926 0
94927 0
94928 0
94929 1
94930 0
94931 0
94932 1
94933 0
94934 0
94935 1
94936 0
94937 0
94938 1
94939 1
94940 1
94941 0
94942 0
94943 0
94944 0
94945 1
94946 0
94947 1
94948 1
94949 1
94950 1
94951 1
94952 1
94953 1
94954 0
94955 0
94956 1
94957 1
94958 0
94959 0
94960 0
94961 0
94962 1
94963 0
94964 0
94965 0
94966 0
94967 0
94968 1
94969 1
94970 1
94971 0
94972 0
94973 1
94974 0
94975 0
94976 1
94977 1
94978 0
94979 0
94980 0
94981 0
94982 1
94983 0
94984 0
94985 1
94986 0
94987 1
94988 0
94989 1
94990 1
94991 1
94992 0
94993 1
94994 0
94995 0
94996 0
94997 0
94998 0
94999 1
95000 1
95001 1
95002 0
95003 1
95004 0
95005 0
95006 0
95007 1
95008 0
95009 1
95010 1
95011 0
95012 1
95013 0
95014 0
95015 0
95016 0
95017 1
95018 0
95019 1
95020 1
95021 0
95022 1
95023 1
95024 0
95025 0
95026 1
95027 1
95028 0
95029 0
95030 0
95031 0
95032 0
95033 1
95034 0
95035 1
95036 0
95037 0
95038 0
95039 1
95040 1
95041 0
95042 1
95043 0
95044 0
95045 0
95046 1
95047 1
95048 0
95049 1
95050 0
95051 1
95052 0
95053 1
95054 1
95055 0
95056 0
95057 0
95058 0
95059 1
95060 0
95061 0
95062 0
95063 1
95064 0
95065 0
95066 0
95067 0
95068 0
95069 1
95070 0
95071 1
95072 0
95073 1
95074 0
95075 1
95076 1
95077 0
95078 1
95079 0
95080 0
95081 0
95082 0
95083 0
95084 0
95085 0
95086 1
95087 1
95088 0
95089 1
95090 0
95091 0
95092 1
95093 1
95094 1
95095 1
95096 1
95097 0
95098 1
95099 0
95100 1
95101 1
95102 0
95103 0
95104 0
95105 1
95106 0
95107 1
95108 0
95109 1
95110 1
95111 1
95112 0
95113 1
95114 1
95115 1
95116 0
95117 1
95118 1
95119 0
95120 1
95121 1
95122 1
95123 1
95124 0
95125 1
95126 1
95127 0
95128 0
95129 1
95130 0
95131 0
95132 0
95133 1
95134 0
95135 0
95136 1
95137 0
95138 1
95139 1
95140 1
95141 1
95142 0
95143 0
95144 1
95145 0
95146 0
95147 1
95148 0
95149 0
95150 1
95151 0
95152 1
95153 0
95154 1
95155 1
95156 1
95157 0
95158 0
95159 0
95160 1
95161 0
95162 1
95163 0
95164 0
95165 0
95166 0
95167 1
95168 1
95169 0
95170 0
95171 1
95172 0
95173 1
95174 0
95175 0
95176 1
95177 0
95178 1
95179 1
95180 1
95181 0
95182 0
95183 1
95184 0
95185 1
95186 1
95187 1
95188 0
95189 0
95190 0
95191 1
95192 0
95193 0
95194 1
95195 0
95196 0
95197 0
95198 1
95199 1
95200 0
95201 1
95202 0
95203 0
95204 0
95205 1
95206 1
95207 0
95208 0
95209 0
95210 1
95211 1
95212 0
95213 1
95214 1
95215 1
95216 1
95217 0
95218 1
95219 0
95220 0
95221 0
95222 1
95223 1
95224 0
95225 0
95226 1
95227 1
95228 0
95229 1
95230 0
95231 0
95232 1
95233 0
95234 1
95235 0
95236 1
95237 0
95238 0
95239 0
95240 0
95241 0
95242 1
95243 0
95244 0
95245 0
95246 0
95247 0
95248 0
95249 0
95250 1
95251 0
95252 0
95253 1
95254 0
95255 1
95256 1
95257 0
95258 1
95259 0
95260 0
95261 1
95262 0
95263 0
95264 0
95265 1
95266 0
95267 1
95268 0
95269 0
95270 0
95271 1
95272 0
95273 0
95274 0
95275 0
95276 0
95277 0
95278 0
95279 1
95280 1
95281 0
95282 1
95283 0
95284 0
95285 0
95286 0
95287 0
95288 0
95289 0
95290 0
95291 0
95292 1
95293 1
95294 1
95295 0
95296 0
95297 1
95298 0
95299 1
95300 1
95301 1
95302 0
95303 0
95304 0
95305 0
95306 1
95307 0
95308 1
95309 1
95310 1
95311 1
95312 1
95313 0
95314 1
95315 1
95316 0
95317 1
95318 0
95319 0
95320 0
95321 0
95322 1
95323 1
95324 1
95325 1
95326 0
95327 0
95328 1
95329 1
95330 1
95331 0
95332 1
95333 1
95334 1
95335 1
95336 1
95337 0
95338 0
95339 0
95340 1
95341 1
95342 0
95343 0
95344 0
95345 1
95346 1
95347 1
95348 1
95349 0
95350 0
95351 1
95352 1
95353 0
95354 0
95355 0
95356 1
95357 0
95358 1
95359 0
95360 1
95361 1
95362 0
95363 0
95364 1
95365 0
95366 0
95367 1
95368 1
95369 1
95370 0
95371 0
95372 0
95373 0
95374 0
95375 1
95376 1
95377 0
95378 0
95379 1
95380 0
95381 1
95382 1
95383 1
95384 0
95385 1
95386 1
95387 1
95388 1
95389 1
95390 1
95391 1
95392 0
95393 0
95394 0
95395 0
95396 0
95397 0
95398 0
95399 0
95400 1
95401 1
95402 1
95403 0
95404 1
95405 0
95406 1
95407 1
95408 0
95409 1
95410 0
95411 0
95412 0
95413 0
95414 1
95415 1
95416 0
95417 1
95418 0
95419 1
95420 1
95421 1
95422 1
95423 1
95424 1
95425 1
95426 0
95427 0
95428 1
95429 0
95430 1
95431 0
95432 1
95433 0
95434 1
95435 0
95436 1
95437 0
95438 0
95439 1
95440 1
95441 0
95442 0
95443 1
95444 0
95445 0
95446 1
95447 0
95448 1
95449 1
95450 1
95451 0
95452 1
95453 0
95454 0
95455 1
95456 0
95457 1
95458 1
95459 0
95460 0
95461 1
95462 1
95463 0
95464 0
95465 0
95466 1
95467 1
95468 0
95469 0
95470 1
95471 1
95472 1
95473 1
95474 0
95475 0
95476 1
95477 0
95478 1
95479 1
95480 0
95481 1
95482 1
95483 0
95484 0
95485 1
95486 1
95487 1
95488 1
95489 1
95490 0
95491 1
95492 1
95493 1
95494 0
95495 1
95496 1
95497 1
95498 0
95499 1
95500 1
95501 0
95502 1
95503 0
95504 0
95505 1
95506 0
95507 1
95508 1
95509 0
95510 1
95511 1
95512 0
95513 0
95514 0
95515 1
95516 1
95517 0
95518 1
95519 1
95520 0
95521 1
95522 1
95523 0
95524 0
95525 0
95526 1
95527 1
95528 0
95529 0
95530 0
95531 1
95532 0
95533 0
95534 0
95535 1
95536 1
95537 1
95538 0
95539 0
95540 0
95541 0
95542 1
95543 0
95544 1
95545 1
95546 0
95547 0
95548 1
95549 0
95550 1
95551 1
95552 1
95553 0
95554 0
95555 0
95556 0
95557 0
95558 1
95559 0
95560 0
95561 1
95562 0
95563 0
95564 0
95565 1
95566 0
95567 0
95568 0
95569 1
95570 1
95571 0
95572 0
95573 1
95574 0
95575 1
95576 0
95577 0
95578 0
95579 1
95580 1
95581 1
95582 1
95583 0
95584 1
95585 1
95586 1
95587 0
95588 0
95589 1
95590 0
95591 0
95592 1
95593 1
95594 1
95595 1
95596 0
95597 1
95598 1
95599 1
95600 0
95601 1
95602 1
95603 0
95604 1
95605 0
95606 0
95607 0
95608 0
95609 1
95610 1
95611 1
95612 0
95613 1
95614 0
95615 0
95616 1
95617 1
95618 0
95619 1
95620 1
95621 1
95622 1
95623 1
95624 1
95625 0
95626 1
95627 1
95628 1
95629 1
95630 0
95631 0
95632 0
95633 0
95634 0
95635 0
95636 1
95637 1
95638 1
95639 0
95640 0
95641 0
95642 0
95643 1
95644 0
95645 1
95646 0
95647 1
95648 0
95649 0
95650 1
95651 1
95652 0
95653 0
95654 1
95655 1
95656 0
95657 0
95658 0
95659 0
95660 0
95661 0
95662 1
95663 1
95664 0
95665 1
95666 1
95667 1
95668 1
95669 1
95670 0
95671 1
95672 0
95673 0
95674 0
95675 1
95676 1
95677 1
95678 1
95679 1
95680 1
95681 0
95682 0
95683 1
95684 1
95685 0
95686 1
95687 0
95688 1
95689 0
95690 0
95691 1
95692 0
95693 1
95694 0
95695 1
95696 0
95697 0
95698 1
95699 0
95700 0
95701 1
95702 0
95703 1
95704 1
95705 1
95706 0
95707 1
95708 0
95709 0
95710 0
95711 1
95712 0
95713 0
95714 0
95715 0
95716 1
95717 0
95718 0
95719 1
95720 0
95721 1
95722 1
95723 1
95724 1
95725 0
95726 0
95727 1
95728 1
95729 1
95730 1
95731 1
95732 1
95733 1
95734 1
95735 1
95736 1
95737 1
95738 1
95739 0
95740 1
95741 0
95742 1
95743 1
95744 1
95745 1
95746 0
95747 0
95748 0
95749 1
95750 0
95751 0
95752 0
95753 0
95754 1
95755 0
95756 0
95757 1
95758 0
95759 0
95760 1
95761 0
95762 1
95763 1
95764 0
95765 1
95766 0
95767 1
95768 1
95769 0
95770 0
95771 0
95772 0
95773 0
95774 1
95775 0
95776 0
95777 0
95778 0
95779 0
95780 1
95781 1
95782 0
95783 0
95784 1
95785 1
95786 1
95787 1
95788 0
95789 1
95790 1
95791 0
95792 1
95793 0
95794 0
95795 0
95796 0
95797 0
95798 0
95799 0
95800 1
95801 0
95802 1
95803 1
95804 1
95805 1
95806 1
95807 0
95808 0
95809 1
95810 0
95811 1
95812 0
95813 0
95814 0
95815 1
95816 1
95817 0
95818 0
95819 0
95820 0
95821 0
95822 1
95823 0
95824 1
95825 0
95826 1
95827 1
95828 0
95829 1
95830 1
95831 0
95832 0
95833 0
95834 0
95835 1
95836 1
95837 0
95838 0
95839 1
95840 0
95841 1
95842 1
95843 0
95844 1
95845 0
95846 0
95847 0
95848 1
95849 1
95850 0
95851 0
95852 0
95853 0
95854 0
95855 1
95856 0
95857 0
95858 1
95859 1
95860 1
95861 1
95862 1
95863 0
95864 0
95865 1
95866 1
95867 0
95868 0
95869 1
95870 1
95871 1
95872 1
95873 0
95874 1
95875 0
95876 1
95877 1
95878 1
95879 1
95880 0
95881 0
95882 0
95883 0
95884 1
95885 0
95886 0
95887 1
95888 0
95889 0
95890 1
95891 0
95892 1
95893 0
95894 0
95895 0
95896 0
95897 0
95898 0
95899 1
95900 1
95901 0
95902 1
95903 1
95904 0
95905 0
95906 0
95907 0
95908 1
95909 1
95910 0
95911 0
95912 1
95913 1
95914 0
95915 0
95916 0
95917 0
95918 1
95919 0
95920 1
95921 0
95922 0
95923 0
95924 1
95925 0
95926 0
95927 1
95928 1
95929 1
95930 1
95931 1
95932 0
95933 0
95934 0
95935 0
95936 0
95937 0
95938 0
95939 1
95940 0
95941 0
95942 0
95943 1
95944 1
95945 0
95946 1
95947 1
95948 1
95949 1
95950 0
95951 0
95952 1
95953 0
95954 1
95955 1
95956 1
95957 0
95958 1
95959 1
95960 0
95961 1
95962 1
95963 0
95964 1
95965 1
95966 1
95967 0
95968 0
95969 0
95970 0
95971 1
95972 1
95973 1
95974 0
95975 0
95976 0
95977 0
95978 0
95979 1
95980 1
95981 1
95982 0
95983 0
95984 0
95985 1
95986 1
95987 0
95988 1
95989 1
95990 1
95991 0
95992 1
95993 1
95994 1
95995 0
95996 0
95997 1
95998 1
95999 0
96000 1
96001 0
96002 0
96003 0
96004 0
96005 0
96006 1
96007 1
96008 1
96009 0
96010 1
96011 0
96012 1
96013 1
96014 0
96015 0
96016 1
96017 0
96018 0
96019 1
96020 0
96021 1
96022 0
96023 1
96024 1
96025 1
96026 1
96027 0
96028 1
96029 0
96030 0
96031 0
96032 0
96033 0
96034 1
96035 1
96036 1
96037 1
96038 1
96039 0
96040 1
96041 1
96042 1
96043 1
96044 1
96045 0
96046 0
96047 0
96048 0
96049 0
96050 1
96051 0
96052 1
96053 0
96054 1
96055 0
96056 0
96057 0
96058 0
96059 1
96060 1
96061 1
96062 1
96063 1
96064 1
96065 1
96066 1
96067 1
96068 1
96069 0
96070 1
96071 0
96072 1
96073 0
96074 1
96075 0
96076 0
96077 1
96078 1
96079 1
96080 0
96081 1
96082 1
96083 1
96084 1
96085 0
96086 0
96087 1
96088 0
96089 0
96090 0
96091 1
96092 1
96093 0
96094 0
96095 0
96096 1
96097 0
96098 0
96099 1
96100 1
96101 0
96102 0
96103 1
96104 1
96105 0
96106 1
96107 1
96108 0
96109 0
96110 1
96111 1
96112 0
96113 0
96114 1
96115 1
96116 0
96117 0
96118 0
96119 1
96120 1
96121 1
96122 0
96123 1
96124 1
96125 0
96126 1
96127 0
96128 0
96129 0
96130 1
96131 1
96132 1
96133 1
96134 0
96135 0
96136 0
96137 1
96138 1
96139 0
96140 1
96141 1
96142 0
96143 1
96144 0
96145 0
96146 0
96147 1
96148 0
96149 0
96150 0
96151 0
96152 0
96153 1
96154 1
96155 0
96156 1
96157 1
96158 0
96159 0
96160 1
96161 0
96162 1
96163 1
96164 1
96165 0
96166 1
96167 0
96168 1
96169 0
96170 0
96171 1
96172 0
96173 1
96174 1
96175 0
96176 1
96177 1
96178 1
96179 0
96180 1
96181 1
96182 1
96183 0
96184 1
96185 1
96186 1
96187 0
96188 0
96189 1
96190 0
96191 1
96192 1
96193 0
96194 1
96195 1
96196 1
96197 0
96198 1
96199 1
96200 0
96201 1
96202 1
96203 1
96204 0
96205 1
96206 0
96207 1
96208 0
96209 1
96210 1
96211 1
96212 0
96213 0
96214 1
96215 0
96216 0
96217 1
96218 1
96219 1
96220 0
96221 0
96222 0
96223 0
96224 1
96225 0
96226 0
96227 0
96228 0
96229 1
96230 0
96231 0
96232 1
96233 1
96234 1
96235 0
96236 1
96237 1
96238 0
96239 1
96240 0
96241 0
96242 1
96243 0
96244 0
96245 1
96246 0
96247 1
96248 1
96249 1
96250 1
96251 0
96252 0
96253 1
96254 0
96255 1
96256 0
96257 0
96258 1
96259 1
96260 0
96261 0
96262 1
96263 0
96264 0
96265 0
96266 0
96267 0
96268 1
96269 0
96270 1
96271 1
96272 1
96273 1
96274 0
96275 1
96276 1
96277 0
96278 0
96279 1
96280 0
96281 0
96282 1
96283 1
96284 1
96285 1
96286 1
96287 0
96288 0
96289 1
96290 0
96291 1
96292 0
96293 0
96294 1
96295 0
96296 0
96297 0
96298 0
96299 1
96300 1
96301 0
96302 1
96303 0
96304 1
96305 1
96306 0
96307 0
96308 1
96309 0
96310 1
96311 1
96312 1
96313 0
96314 1
96315 1
96316 0
96317 0
96318 1
96319 1
96320 0
96321 1
96322 1
96323 1
96324 0
96325 1
96326 0
96327 0
96328 0
96329 1
96330 1
96331 0
96332 0
96333 0
96334 1
96335 0
96336 0
96337 1
96338 0
96339 0
96340 1
96341 0
96342 0
96343 0
96344 0
96345 0
96346 1
96347 0
96348 1
96349 1
96350 1
96351 0
96352 0
96353 1
96354 0
96355 0
96356 1
96357 1
96358 1
96359 0
96360 1
96361 0
96362 0
96363 1
96364 0
96365 1
96366 1
96367 1
96368 1
96369 1
96370 1
96371 1
96372 0
96373 1
96374 1
96375 1
96376 1
96377 0
96378 0
96379 1
96380 1
96381 0
96382 0
96383 0
96384 1
96385 1
96386 1
96387 0
96388 0
96389 0
96390 1
96391 0
96392 1
96393 1
96394 0
96395 0
96396 0
96397 1
96398 1
96399 0
96400 1
96401 1
96402 0
96403 1
96404 0
96405 1
96406 1
96407 0
96408 1
96409 1
96410 0
96411 0
96412 1
96413 0
96414 0
96415 1
96416 1
96417 1
96418 0
96419 1
96420 0
96421 1
96422 1
96423 1
96424 0
96425 1
96426 0
96427 0
96428 1
96429 0
96430 1
96431 1
96432 0
96433 1
96434 1
96435 1
96436 1
96437 0
96438 0
96439 0
96440 1
96441 1
96442 1
96443 1
96444 1
96445 0
96446 1
96447 0
96448 0
96449 0
96450 1
96451 1
96452 1
96453 1
96454 0
96455 0
96456 1
96457 1
96458 1
96459 0
96460 0
96461 1
96462 0
96463 0
96464 0
96465 1
96466 0
96467 0
96468 0
96469 1
96470 1
96471 1
96472 1
96473 1
96474 0
96475 0
96476 1
96477 1
96478 1
96479 1
96480 0
96481 1
96482 0
96483 0
96484 0
96485 0
96486 1
96487 0
96488 1
96489 0
96490 0
96491 1
96492 0
96493 0
96494 0
96495 1
96496 1
96497 0
96498 1
96499 0
96500 1
96501 0
96502 0
96503 1
96504 1
96505 1
96506 1
96507 1
96508 1
96509 0
96510 0
96511 1
96512 0
96513 0
96514 1
96515 0
96516 1
96517 0
96518 1
96519 1
96520 1
96521 1
96522 1
96523 0
96524 1
96525 1
96526 1
96527 1
96528 0
96529 0
96530 0
96531 0
96532 1
96533 1
96534 0
96535 0
96536 0
96537 0
96538 0
96539 0
96540 0
96541 1
96542 1
96543 1
96544 1
96545 1
96546 1
96547 0
96548 0
96549 1
96550 1
96551 0
96552 0
96553 1
96554 1
96555 0
96556 1
96557 1
96558 0
96559 0
96560 0
96561 0
96562 1
96563 0
96564 0
96565 1
96566 1
96567 1
96568 1
96569 1
96570 0
96571 1
96572 0
96573 0
96574 1
96575 0
96576 1
96577 0
96578 1
96579 0
96580 0
96581 0
96582 1
96583 1
96584 0
96585 1
96586 0
96587 0
96588 0
96589 1
96590 0
96591 0
96592 0
96593 1
96594 0
96595 1
96596 1
96597 0
96598 1
96599 1
96600 1
96601 1
96602 1
96603 1
96604 1
96605 0
96606 1
96607 1
96608 0
96609 1
96610 0
96611 0
96612 0
96613 1
96614 1
96615 0
96616 0
96617 0
96618 0
96619 1
96620 1
96621 0
96622 1
96623 0
96624 1
96625 0
96626 1
96627 1
96628 0
96629 0
96630 0
96631 1
96632 0
96633 0
96634 0
96635 1
96636 0
96637 0
96638 1
96639 0
96640 0
96641 0
96642 0
96643 0
96644 0
96645 1
96646 0
96647 0
96648 0
96649 0
96650 0
96651 0
96652 0
96653 0
96654 1
96655 1
96656 1
96657 0
96658 1
96659 1
96660 0
96661 1
96662 1
96663 0
96664 1
96665 0
96666 0
96667 1
96668 1
96669 0
96670 0
96671 0
96672 1
96673 1
96674 0
96675 0
96676 1
96677 1
96678 0
96679 0
96680 0
96681 1
96682 0
96683 1
96684 1
96685 1
96686 1
96687 0
96688 0
96689 1
96690 1
96691 1
96692 1
96693 0
96694 1
96695 0
96696 1
96697 0
96698 1
96699 1
96700 0
96701 0
96702 0
96703 1
96704 1
96705 0
96706 0
96707 1
96708 1
96709 0
96710 0
96711 0
96712 0
96713 0
96714 1
96715 0
96716 1
96717 1
96718 0
96719 1
96720 1
96721 0
96722 0
96723 1
96724 1
96725 1
96726 0
96727 1
96728 1
96729 0
96730 0
96731 1
96732 1
96733 0
96734 1
96735 1
96736 1
96737 1
96738 1
96739 1
96740 1
96741 1
96742 0
96743 1
96744 1
96745 1
96746 1
96747 0
96748 0
96749 0
96750 0
96751 1
96752 0
96753 1
96754 0
96755 1
96756 0
96757 1
96758 0
96759 0
96760 1
96761 1
96762 0
96763 0
96764 1
96765 1
96766 1
96767 1
96768 1
96769 0
96770 1
96771 0
96772 1
96773 1
96774 1
96775 1
96776 0
96777 0
96778 1
96779 0
96780 0
96781 0
96782 1
96783 0
96784 1
96785 1
96786 1
96787 0
96788 1
96789 0
96790 0
96791 1
96792 1
96793 0
96794 1
96795 1
96796 1
96797 1
96798 0
96799 0
96800 1
96801 0
96802 0
96803 0
96804 0
96805 0
96806 1
96807 1
96808 1
96809 1
96810 0
96811 0
96812 1
96813 1
96814 1
96815 1
96816 0
96817 0
96818 0
96819 0
96820 0
96821 0
96822 0
96823 1
96824 0
96825 1
96826 1
96827 1
96828 1
96829 1
96830 1
96831 0
96832 1
96833 0
96834 1
96835 0
96836 1
96837 1
96838 1
96839 1
96840 0
96841 1
96842 1
96843 1
96844 1
96845 1
96846 0
96847 1
96848 1
96849 1
96850 0
96851 1
96852 0
96853 1
96854 0
96855 1
96856 0
96857 0
96858 0
96859 1
96860 0
96861 1
96862 1
96863 0
96864 0
96865 1
96866 0
96867 1
96868 1
96869 1
96870 0
96871 1
96872 1
96873 1
96874 0
96875 1
96876 1
96877 0
96878 0
96879 0
96880 1
96881 1
96882 0
96883 1
96884 1
96885 0
96886 1
96887 0
96888 0
96889 0
96890 0
96891 0
96892 0
96893 0
96894 0
96895 1
96896 1
96897 0
96898 0
96899 1
96900 1
96901 1
96902 1
96903 1
96904 1
96905 1
96906 0
96907 1
96908 0
96909 0
96910 0
96911 0
96912 0
96913 0
96914 0
96915 1
96916 1
96917 0
96918 1
96919 1
96920 0
96921 0
96922 1
96923 0
96924 0
96925 1
96926 0
96927 0
96928 0
96929 1
96930 0
96931 0
96932 0
96933 0
96934 1
96935 1
96936 1
96937 0
96938 1
96939 0
96940 0
96941 1
96942 1
96943 1
96944 0
96945 0
96946 1
96947 1
96948 0
96949 0
96950 1
96951 1
96952 1
96953 1
96954 1
96955 1
96956 0
96957 0
96958 1
96959 0
96960 0
96961 1
96962 1
96963 0
96964 0
96965 0
96966 1
96967 0
96968 1
96969 1
96970 1
96971 1
96972 0
96973 1
96974 1
96975 1
96976 1
96977 1
96978 1
96979 0
96980 0
96981 0
96982 1
96983 1
96984 0
96985 1
96986 0
96987 0
96988 0
96989 1
96990 0
96991 1
96992 1
96993 0
96994 0
96995 0
96996 0
96997 1
96998 1
96999 0
97000 0
97001 1
97002 0
97003 0
97004 1
97005 1
97006 0
97007 0
97008 1
97009 0
97010 1
97011 1
97012 0
97013 0
97014 1
97015 1
97016 0
97017 1
97018 1
97019 1
97020 0
97021 0
97022 1
97023 1
97024 1
97025 0
97026 0
97027 0
97028 0
97029 1
97030 1
97031 1
97032 0
97033 0
97034 0
97035 1
97036 1
97037 0
97038 1
97039 0
97040 0
97041 0
97042 0
97043 1
97044 0
97045 0
97046 0
97047 0
97048 0
97049 0
97050 0
97051 0
97052 1
97053 0
97054 0
97055 0
97056 1
97057 1
97058 1
97059 1
97060 1
97061 1
97062 1
97063 1
97064 0
97065 1
97066 1
97067 0
97068 1
97069 1
97070 0
97071 1
97072 1
97073 1
97074 0
97075 0
97076 1
97077 0
97078 1
97079 0
97080 1
97081 0
97082 1
97083 0
97084 0
97085 0
97086 0
97087 0
97088 0
97089 1
97090 1
97091 0
97092 1
97093 0
97094 1
97095 0
97096 1
97097 0
97098 1
97099 1
97100 1
97101 1
97102 1
97103 1
97104 1
97105 0
97106 0
97107 0
97108 1
97109 0
97110 1
97111 0
97112 0
97113 1
97114 1
97115 0
97116 1
97117 1
97118 0
97119 0
97120 0
97121 0
97122 1
97123 1
97124 0
97125 1
97126 0
97127 1
97128 0
97129 1
97130 0
97131 1
97132 1
97133 0
97134 0
97135 0
97136 1
97137 1
97138 1
97139 0
97140 0
97141 0
97142 1
97143 1
97144 1
97145 1
97146 0
97147 0
97148 0
97149 0
97150 1
97151 1
97152 1
97153 1
97154 0
97155 0
97156 0
97157 1
97158 0
97159 0
97160 0
97161 1
97162 0
97163 1
97164 0
97165 1
97166 0
97167 1
97168 0
97169 1
97170 0
97171 0
97172 0
97173 1
97174 0
97175 0
97176 0
97177 0
97178 1
97179 0
97180 0
97181 0
97182 0
97183 1
97184 1
97185 0
97186 1
97187 1
97188 0
97189 1
97190 0
97191 1
97192 1
97193 0
97194 0
97195 0
97196 1
97197 1
97198 1
97199 1
97200 0
97201 1
97202 1
97203 1
97204 1
97205 1
97206 1
97207 1
97208 0
97209 1
97210 1
97211 1
97212 0
97213 1
97214 0
97215 0
97216 1
97217 0
97218 1
97219 1
97220 1
97221 1
97222 1
97223 0
97224 1
97225 1
97226 1
97227 1
97228 1
97229 1
97230 0
97231 1
97232 0
97233 0
97234 0
97235 1
97236 1
97237 0
97238 0
97239 1
97240 1
97241 1
97242 1
97243 0
97244 1
97245 0
97246 1
97247 0
97248 1
97249 0
97250 0
97251 1
97252 1
97253 0
97254 0
97255 0
97256 0
97257 1
97258 1
97259 0
97260 1
97261 1
97262 1
97263 1
97264 1
97265 0
97266 1
97267 0
97268 1
97269 1
97270 0
97271 1
97272 1
97273 0
97274 1
97275 1
97276 0
97277 0
97278 0
97279 0
97280 0
97281 0
97282 0
97283 1
97284 1
97285 0
97286 0
97287 0
97288 0
97289 0
97290 1
97291 1
97292 1
97293 1
97294 0
97295 1
97296 0
97297 1
97298 1
97299 0
97300 0
97301 0
97302 0
97303 0
97304 0
97305 0
97306 1
97307 1
97308 1
97309 1
97310 0
97311 1
97312 1
97313 1
97314 1
97315 0
97316 1
97317 0
97318 1
97319 1
97320 1
97321 0
97322 0
97323 1
97324 0
97325 1
97326 1
97327 1
97328 0
97329 0
97330 1
97331 1
97332 1
97333 0
97334 1
97335 1
97336 1
97337 1
97338 0
97339 0
97340 1
97341 1
97342 0
97343 0
97344 1
97345 0
97346 1
97347 0
97348 0
97349 1
97350 1
97351 0
97352 1
97353 1
97354 0
97355 1
97356 0
97357 0
97358 0
97359 1
97360 0
97361 0
97362 1
97363 0
97364 0
97365 1
97366 1
97367 1
97368 0
97369 0
97370 1
97371 0
97372 1
97373 1
97374 0
97375 1
97376 1
97377 1
97378 1
97379 0
97380 1
97381 1
97382 0
97383 1
97384 0
97385 0
97386 0
97387 1
97388 0
97389 1
97390 1
97391 1
97392 1
97393 1
97394 0
97395 1
97396 0
97397 0
97398 0
97399 1
97400 1
97401 1
97402 0
97403 0
97404 0
97405 0
97406 1
97407 1
97408 0
97409 0
97410 1
97411 1
97412 1
97413 0
97414 0
97415 0
97416 1
97417 1
97418 1
97419 0
97420 1
97421 1
97422 1
97423 0
97424 1
97425 0
97426 1
97427 0
97428 1
97429 0
97430 1
97431 1
97432 1
97433 0
97434 0
97435 1
97436 0
97437 0
97438 0
97439 1
97440 0
97441 1
97442 1
97443 1
97444 1
97445 1
97446 1
97447 0
97448 1
97449 1
97450 0
97451 1
97452 1
97453 0
97454 0
97455 0
97456 1
97457 1
97458 1
97459 0
97460 1
97461 0
97462 0
97463 1
97464 0
97465 0
97466 0
97467 1
97468 0
97469 1
97470 1
97471 1
97472 0
97473 1
97474 1
97475 0
97476 1
97477 1
97478 1
97479 1
97480 0
97481 1
97482 0
97483 0
97484 0
97485 0
97486 1
97487 1
97488 1
97489 0
97490 0
97491 0
97492 0
97493 0
97494 0
97495 0
97496 0
97497 0
97498 1
97499 0
97500 1
97501 0
97502 1
97503 1
97504 1
97505 0
97506 1
97507 1
97508 0
97509 0
97510 0
97511 1
97512 1
97513 0
97514 0
97515 0
97516 0
97517 0
97518 1
97519 0
97520 0
97521 0
97522 1
97523 0
97524 0
97525 1
97526 0
97527 1
97528 1
97529 0
97530 1
97531 0
97532 1
97533 0
97534 1
97535 1
97536 1
97537 0
97538 1
97539 0
97540 0
97541 0
97542 1
97543 0
97544 0
97545 1
97546 1
97547 0
97548 1
97549 0
97550 0
97551 1
97552 0
97553 1
97554 1
97555 0
97556 1
97557 0
97558 1
97559 1
97560 0
97561 1
97562 1
97563 0
97564 1
97565 0
97566 0
97567 1
97568 0
97569 1
97570 1
97571 1
97572 0
97573 0
97574 1
97575 0
97576 0
97577 1
97578 0
97579 0
97580 1
97581 1
97582 1
97583 0
97584 0
97585 0
97586 1
97587 1
97588 0
97589 0
97590 1
97591 1
97592 1
97593 0
97594 0
97595 0
97596 1
97597 0
97598 0
97599 0
97600 1
97601 1
97602 0
97603 1
97604 0
97605 1
97606 0
97607 1
97608 1
97609 0
97610 1
97611 0
97612 0
97613 0
97614 1
97615 1
97616 1
97617 1
97618 1
97619 0
97620 1
97621 0
97622 1
97623 0
97624 1
97625 0
97626 0
97627 0
97628 1
97629 1
97630 0
97631 0
97632 0
97633 1
97634 1
97635 0
97636 0
97637 0
97638 1
97639 1
97640 0
97641 1
97642 0
97643 0
97644 0
97645 1
97646 1
97647 0
97648 0
97649 1
97650 1
97651 0
97652 0
97653 1
97654 1
97655 0
97656 0
97657 0
97658 0
97659 0
97660 1
97661 0
97662 0
97663 0
97664 1
97665 1
97666 1
97667 0
97668 1
97669 0
97670 0
97671 1
97672 1
97673 1
97674 0
97675 0
97676 0
97677 1
97678 1
97679 0
97680 1
97681 0
97682 0
97683 0
97684 1
97685 1
97686 0
97687 1
97688 1
97689 1
97690 1
97691 0
97692 1
97693 1
97694 1
97695 0
97696 1
97697 0
97698 1
97699 1
97700 1
97701 0
97702 0
97703 1
97704 0
97705 1
97706 0
97707 1
97708 1
97709 0
97710 1
97711 0
97712 1
97713 0
97714 0
97715 1
97716 0
97717 0
97718 1
97719 0
97720 1
97721 0
97722 0
97723 0
97724 1
97725 1
97726 0
97727 0
97728 1
97729 0
97730 1
97731 0
97732 0
97733 1
97734 1
97735 0
97736 0
97737 1
97738 1
97739 0
97740 0
97741 1
97742 0
97743 0
97744 0
97745 0
97746 0
97747 1
97748 1
97749 0
97750 1
97751 0
97752 0
97753 0
97754 1
97755 0
97756 1
97757 0
97758 0
97759 0
97760 0
97761 1
97762 0
97763 1
97764 0
97765 1
97766 0
97767 1
97768 1
97769 1
97770 1
97771 1
97772 1
97773 0
97774 1
97775 1
97776 1
97777 0
97778 0
97779 0
97780 0
97781 0
97782 1
97783 0
97784 0
97785 1
97786 0
97787 1
97788 1
97789 1
97790 0
97791 0
97792 0
97793 1
97794 1
97795 1
97796 1
97797 1
97798 1
97799 0
97800 0
97801 1
97802 1
97803 0
97804 0
97805 0
97806 1
97807 1
97808 1
97809 0
97810 1
97811 0
97812 1
97813 1
97814 1
97815 0
97816 1
97817 0
97818 1
97819 1
97820 0
97821 0
97822 0
97823 0
97824 1
97825 1
97826 1
97827 0
97828 0
97829 1
97830 1
97831 1
97832 1
97833 0
97834 0
97835 1
97836 0
97837 0
97838 0
97839 0
97840 0
97841 1
97842 0
97843 0
97844 1
97845 0
97846 0
97847 0
97848 1
97849 1
97850 1
97851 1
97852 1
97853 1
97854 0
97855 0
97856 0
97857 1
97858 0
97859 1
97860 0
97861 1
97862 1
97863 1
97864 0
97865 1
97866 1
97867 0
97868 0
97869 1
97870 1
97871 0
97872 0
97873 0
97874 1
97875 0
97876 1
97877 0
97878 1
97879 1
97880 1
97881 1
97882 0
97883 1
97884 1
97885 0
97886 0
97887 0
97888 1
97889 0
97890 0
97891 1
97892 1
97893 1
97894 1
97895 0
97896 0
97897 1
97898 0
97899 1
97900 0
97901 0
97902 1
97903 1
97904 0
97905 1
97906 0
97907 0
97908 1
97909 0
97910 1
97911 0
97912 0
97913 1
97914 1
97915 1
97916 1
97917 0
97918 1
97919 0
97920 0
97921 0
97922 1
97923 0
97924 1
97925 0
97926 0
97927 1
97928 0
97929 0
97930 0
97931 0
97932 0
97933 0
97934 1
97935 1
97936 1
97937 1
97938 0
97939 0
97940 0
97941 0
97942 0
97943 1
97944 0
97945 1
97946 0
97947 0
97948 0
97949 0
97950 0
97951 1
97952 1
97953 1
97954 1
97955 1
97956 1
97957 0
97958 0
97959 0
97960 0
97961 0
97962 0
97963 0
97964 1
97965 1
97966 0
97967 0
97968 1
97969 0
97970 1
97971 1
97972 0
97973 0
97974 0
97975 1
97976 0
97977 0
97978 0
97979 0
97980 1
97981 0
97982 1
97983 1
97984 0
97985 1
97986 0
97987 0
97988 0
97989 0
97990 0
97991 0
97992 0
97993 0
97994 0
97995 0
97996 0
97997 1
97998 0
97999 1
98000 1
98001 0
98002 0
98003 0
98004 0
98005 1
98006 0
98007 0
98008 0
98009 0
98010 1
98011 1
98012 1
98013 0
98014 1
98015 0
98016 0
98017 0
98018 0
98019 0
98020 1
98021 1
98022 0
98023 1
98024 0
98025 1
98026 1
98027 1
98028 0
98029 1
98030 1
98031 1
98032 0
98033 0
98034 1
98035 1
98036 1
98037 1
98038 1
98039 0
98040 1
98041 1
98042 0
98043 1
98044 0
98045 0
98046 0
98047 0
98048 0
98049 1
98050 1
98051 1
98052 0
98053 0
98054 1
98055 1
98056 0
98057 0
98058 1
98059 0
98060 1
98061 0
98062 1
98063 1
98064 1
98065 0
98066 1
98067 1
98068 0
98069 1
98070 0
98071 0
98072 1
98073 0
98074 0
98075 1
98076 1
98077 0
98078 1
98079 0
98080 0
98081 1
98082 1
98083 0
98084 1
98085 0
98086 0
98087 0
98088 0
98089 0
98090 1
98091 1
98092 1
98093 1
98094 0
98095 0
98096 0
98097 0
98098 1
98099 0
98100 1
98101 0
98102 1
98103 1
98104 1
98105 0
98106 1
98107 0
98108 1
98109 0
98110 1
98111 1
98112 1
98113 1
98114 1
98115 1
98116 0
98117 1
98118 1
98119 0
98120 0
98121 0
98122 1
98123 0
98124 1
98125 0
98126 1
98127 0
98128 1
98129 1
98130 1
98131 0
98132 0
98133 1
98134 1
98135 1
98136 1
98137 1
98138 1
98139 0
98140 0
98141 0
98142 0
98143 0
98144 0
98145 1
98146 0
98147 1
98148 1
98149 1
98150 1
98151 0
98152 1
98153 0
98154 0
98155 1
98156 1
98157 0
98158 1
98159 0
98160 1
98161 0
98162 0
98163 1
98164 1
98165 0
98166 1
98167 0
98168 0
98169 1
98170 0
98171 1
98172 1
98173 1
98174 0
98175 0
98176 0
98177 1
98178 0
98179 1
98180 1
98181 1
98182 0
98183 0
98184 1
98185 0
98186 1
98187 1
98188 0
98189 1
98190 1
98191 1
98192 1
98193 1
98194 0
98195 1
98196 1
98197 1
98198 1
98199 1
98200 1
98201 0
98202 0
98203 0
98204 0
98205 0
98206 0
98207 0
98208 1
98209 0
98210 0
98211 1
98212 0
98213 1
98214 0
98215 0
98216 0
98217 0
98218 1
98219 0
98220 0
98221 0
98222 1
98223 1
98224 1
98225 1
98226 1
98227 1
98228 0
98229 1
98230 1
98231 0
98232 1
98233 0
98234 1
98235 0
98236 1
98237 1
98238 0
98239 1
98240 0
98241 0
98242 1
98243 1
98244 0
98245 1
98246 0
98247 1
98248 0
98249 1
98250 1
98251 0
98252 0
98253 1
98254 0
98255 1
98256 1
98257 1
98258 1
98259 1
98260 1
98261 1
98262 1
98263 0
98264 1
98265 1
98266 0
98267 0
98268 0
98269 1
98270 1
98271 1
98272 0
98273 0
98274 1
98275 1
98276 1
98277 0
98278 1
98279 1
98280 1
98281 0
98282 0
98283 1
98284 0
98285 1
98286 1
98287 1
98288 0
98289 1
98290 1
98291 1
98292 0
98293 0
98294 1
98295 1
98296 1
98297 0
98298 0
98299 1
98300 0
98301 0
98302 0
98303 0
98304 1
98305 0
98306 1
98307 0
98308 1
98309 1
98310 0
98311 0
98312 0
98313 1
98314 0
98315 0
98316 0
98317 0
98318 1
98319 0
98320 0
98321 0
98322 1
98323 1
98324 0
98325 1
98326 1
98327 0
98328 1
98329 0
98330 1
98331 1
98332 0
98333 0
98334 1
98335 1
98336 0
98337 1
98338 0
98339 0
98340 0
98341 0
98342 1
98343 1
98344 0
98345 1
98346 1
98347 0
98348 0
98349 0
98350 0
98351 0
98352 0
98353 1
98354 1
98355 0
98356 0
98357 0
98358 1
98359 0
98360 1
98361 1
98362 0
98363 0
98364 1
98365 1
98366 0
98367 0
98368 0
98369 0
98370 0
98371 1
98372 1
98373 0
98374 0
98375 1
98376 0
98377 0
98378 0
98379 0
98380 0
98381 1
98382 1
98383 0
98384 0
98385 0
98386 0
98387 0
98388 0
98389 0
98390 0
98391 0
98392 0
98393 1
98394 1
98395 1
98396 0
98397 0
98398 1
98399 1
98400 0
98401 0
98402 1
98403 1
98404 0
98405 1
98406 0
98407 1
98408 1
98409 0
98410 1
98411 1
98412 0
98413 0
98414 1
98415 1
98416 0
98417 1
98418 0
98419 1
98420 1
98421 1
98422 0
98423 1
98424 1
98425 0
98426 1
98427 1
98428 0
98429 1
98430 1
98431 0
98432 0
98433 1
98434 0
98435 1
98436 0
98437 0
98438 1
98439 1
98440 1
98441 1
98442 1
98443 0
98444 0
98445 0
98446 0
98447 1
98448 1
98449 1
98450 1
98451 0
98452 1
98453 1
98454 0
98455 1
98456 0
98457 1
98458 1
98459 1
98460 0
98461 1
98462 0
98463 0
98464 0
98465 0
98466 1
98467 1
98468 0
98469 0
98470 1
98471 0
98472 1
98473 0
98474 1
98475 1
98476 1
98477 0
98478 1
98479 0
98480 1
98481 0
98482 1
98483 0
98484 0
98485 1
98486 1
98487 0
98488 1
98489 0
98490 0
98491 0
98492 0
98493 0
98494 1
98495 0
98496 1
98497 0
98498 0
98499 1
98500 1
98501 1
98502 1
98503 0
98504 1
98505 1
98506 1
98507 0
98508 1
98509 1
98510 1
98511 1
98512 1
98513 0
98514 1
98515 1
98516 1
98517 1
98518 1
98519 1
98520 1
98521 1
98522 1
98523 0
98524 1
98525 0
98526 1
98527 0
98528 0
98529 1
98530 0
98531 0
98532 1
98533 0
98534 1
98535 0
98536 1
98537 0
98538 0
98539 1
98540 0
98541 0
98542 1
98543 1
98544 0
98545 1
98546 0
98547 1
98548 1
98549 0
98550 0
98551 1
98552 0
98553 0
98554 1
98555 1
98556 1
98557 0
98558 1
98559 0
98560 0
98561 0
98562 0
98563 1
98564 1
98565 0
98566 1
98567 0
98568 0
98569 0
98570 1
98571 1
98572 0
98573 0
98574 0
98575 0
98576 1
98577 0
98578 0
98579 0
98580 0
98581 0
98582 0
98583 0
98584 1
98585 0
98586 1
98587 1
98588 0
98589 1
98590 1
98591 1
98592 0
98593 0
98594 0
98595 1
98596 0
98597 0
98598 0
98599 0
98600 0
98601 0
98602 1
98603 0
98604 1
98605 0
98606 1
98607 1
98608 1
98609 1
98610 0
98611 0
98612 0
98613 0
98614 1
98615 0
98616 1
98617 1
98618 0
98619 0
98620 0
98621 0
98622 0
98623 0
98624 0
98625 1
98626 1
98627 0
98628 1
98629 1
98630 0
98631 1
98632 1
98633 1
98634 1
98635 0
98636 0
98637 1
98638 1
98639 1
98640 0
98641 0
98642 1
98643 0
98644 0
98645 1
98646 0
98647 0
98648 1
98649 1
98650 1
98651 1
98652 1
98653 1
98654 1
98655 1
98656 1
98657 0
98658 1
98659 0
98660 1
98661 1
98662 0
98663 1
98664 1
98665 1
98666 1
98667 0
98668 0
98669 0
98670 1
98671 0
98672 0
98673 1
98674 0
98675 1
98676 1
98677 1
98678 0
98679 1
98680 0
98681 1
98682 1
98683 1
98684 1
98685 1
98686 0
98687 0
98688 1
98689 1
98690 1
98691 1
98692 1
98693 1
98694 0
98695 0
98696 1
98697 0
98698 1
98699 1
98700 0
98701 1
98702 0
98703 1
98704 1
98705 0
98706 1
98707 0
98708 1
98709 1
98710 1
98711 0
98712 0
98713 0
98714 1
98715 1
98716 0
98717 1
98718 1
98719 1
98720 1
98721 0
98722 0
98723 0
98724 1
98725 0
98726 0
98727 0
98728 0
98729 1
98730 1
98731 0
98732 0
98733 1
98734 1
98735 0
98736 0
98737 0
98738 0
98739 0
98740 0
98741 1
98742 0
98743 0
98744 0
98745 1
98746 0
98747 0
98748 0
98749 1
98750 0
98751 1
98752 0
98753 1
98754 1
98755 0
98756 0
98757 0
98758 1
98759 0
98760 0
98761 1
98762 1
98763 0
98764 0
98765 1
98766 0
98767 0
98768 1
98769 0
98770 1
98771 0
98772 1
98773 1
98774 1
98775 0
98776 1
98777 0
98778 1
98779 1
98780 1
98781 1
98782 0
98783 0
98784 0
98785 0
98786 0
98787 1
98788 0
98789 1
98790 1
98791 1
98792 0
98793 0
98794 0
98795 1
98796 1
98797 1
98798 1
98799 1
98800 0
98801 1
98802 0
98803 0
98804 1
98805 0
98806 1
98807 1
98808 1
98809 1
98810 0
98811 0
98812 1
98813 1
98814 1
98815 0
98816 0
98817 0
98818 1
98819 1
98820 0
98821 1
98822 0
98823 1
98824 0
98825 1
98826 1
98827 1
98828 1
98829 0
98830 1
98831 1
98832 1
98833 0
98834 0
98835 1
98836 0
98837 0
98838 0
98839 1
98840 0
98841 0
98842 0
98843 0
98844 0
98845 1
98846 1
98847 1
98848 0
98849 0
98850 1
98851 1
98852 0
98853 1
98854 1
98855 0
98856 0
98857 1
98858 0
98859 0
98860 0
98861 0
98862 0
98863 0
98864 0
98865 1
98866 1
98867 0
98868 1
98869 1
98870 1
98871 0
98872 1
98873 0
98874 0
98875 0
98876 1
98877 1
98878 1
98879 0
98880 0
98881 1
98882 0
98883 0
98884 1
98885 0
98886 0
98887 0
98888 1
98889 1
98890 0
98891 1
98892 0
98893 1
98894 0
98895 1
98896 1
98897 1
98898 0
98899 0
98900 1
98901 0
98902 1
98903 1
98904 0
98905 0
98906 1
98907 0
98908 1
98909 0
98910 0
98911 0
98912 1
98913 1
98914 0
98915 0
98916 0
98917 1
98918 0
98919 1
98920 1
98921 1
98922 0
98923 0
98924 1
98925 1
98926 0
98927 1
98928 0
98929 0
98930 0
98931 0
98932 1
98933 1
98934 1
98935 1
98936 0
98937 1
98938 0
98939 1
98940 1
98941 0
98942 0
98943 1
98944 0
98945 0
98946 1
98947 0
98948 0
98949 1
98950 1
98951 1
98952 0
98953 1
98954 1
98955 1
98956 0
98957 1
98958 1
98959 1
98960 1
98961 0
98962 0
98963 1
98964 1
98965 0
98966 1
98967 0
98968 0
98969 1
98970 1
98971 0
98972 0
98973 1
98974 1
98975 1
98976 1
98977 1
98978 0
98979 0
98980 0
98981 1
98982 0
98983 1
98984 0
98985 0
98986 0
98987 1
98988 0
98989 1
98990 0
98991 1
98992 0
98993 0
98994 1
98995 0
98996 1
98997 0
98998 0
98999 0
99000 0
99001 1
99002 0
99003 1
99004 0
99005 1
99006 0
99007 0
99008 0
99009 0
99010 1
99011 1
99012 0
99013 0
99014 0
99015 1
99016 1
99017 0
99018 1
99019 0
99020 0
99021 1
99022 1
99023 0
99024 0
99025 0
99026 0
99027 1
99028 0
99029 0
99030 0
99031 0
99032 0
99033 0
99034 1
99035 1
99036 0
99037 0
99038 1
99039 0
99040 0
99041 1
99042 1
99043 0
99044 0
99045 0
99046 0
99047 1
99048 0
99049 1
99050 0
99051 0
99052 0
99053 0
99054 0
99055 0
99056 1
99057 1
99058 1
99059 1
99060 1
99061 0
99062 0
99063 0
99064 0
99065 0
99066 0
99067 0
99068 1
99069 1
99070 0
99071 1
99072 1
99073 0
99074 0
99075 0
99076 0
99077 0
99078 1
99079 0
99080 1
99081 1
99082 1
99083 0
99084 0
99085 0
99086 0
99087 1
99088 1
99089 1
99090 1
99091 0
99092 1
99093 0
99094 0
99095 1
99096 0
99097 1
99098 1
99099 1
99100 1
99101 0
99102 1
99103 1
99104 1
99105 1
99106 0
99107 1
99108 0
99109 1
99110 0
99111 1
99112 1
99113 0
99114 1
99115 1
99116 0
99117 1
99118 0
99119 0
99120 1
99121 1
99122 1
99123 0
99124 0
99125 0
99126 1
99127 1
99128 1
99129 1
99130 1
99131 0
99132 1
99133 0
99134 1
99135 0
99136 1
99137 1
99138 1
99139 0
99140 1
99141 1
99142 1
99143 1
99144 0
99145 1
99146 1
99147 1
99148 1
99149 0
99150 0
99151 1
99152 1
99153 1
99154 0
99155 0
99156 0
99157 1
99158 0
99159 0
99160 0
99161 0
99162 0
99163 0
99164 0
99165 1
99166 1
99167 1
99168 1
99169 1
99170 0
99171 1
99172 1
99173 0
99174 0
99175 1
99176 0
99177 1
99178 1
99179 0
99180 1
99181 1
99182 0
99183 0
99184 1
99185 1
99186 0
99187 1
99188 1
99189 0
99190 1
99191 0
99192 0
99193 1
99194 0
99195 0
99196 0
99197 0
99198 1
99199 0
99200 0
99201 0
99202 1
99203 1
99204 1
99205 0
99206 0
99207 1
99208 0
99209 0
99210 1
99211 1
99212 0
99213 1
99214 0
99215 0
99216 0
99217 1
99218 0
99219 0
99220 0
99221 0
99222 0
99223 0
99224 0
99225 0
99226 0
99227 0
99228 0
99229 1
99230 0
99231 0
99232 0
99233 1
99234 0
99235 0
99236 1
99237 1
99238 0
99239 0
99240 0
99241 0
99242 1
99243 1
99244 1
99245 0
99246 0
99247 1
99248 1
99249 1
99250 0
99251 1
99252 0
99253 0
99254 0
99255 0
99256 1
99257 1
99258 0
99259 0
99260 0
99261 1
99262 1
99263 1
99264 1
99265 1
99266 0
99267 0
99268 1
99269 1
99270 0
99271 1
99272 1
99273 0
99274 0
99275 1
99276 0
99277 1
99278 0
99279 1
99280 1
99281 0
99282 1
99283 0
99284 0
99285 0
99286 1
99287 1
99288 1
99289 0
99290 0
99291 1
99292 0
99293 1
99294 1
99295 1
99296 0
99297 1
99298 0
99299 0
99300 1
99301 0
99302 1
99303 0
99304 1
99305 1
99306 1
99307 1
99308 1
99309 0
99310 0
99311 0
99312 1
99313 0
99314 0
99315 1
99316 1
99317 0
99318 0
99319 0
99320 0
99321 0
99322 0
99323 0
99324 0
99325 1
99326 0
99327 1
99328 1
99329 1
99330 1
99331 1
99332 0
99333 1
99334 1
99335 0
99336 0
99337 0
99338 0
99339 0
99340 1
99341 0
99342 0
99343 0
99344 0
99345 1
99346 0
99347 1
99348 1
99349 1
99350 1
99351 1
99352 0
99353 0
99354 0
99355 1
99356 0
99357 1
99358 1
99359 0
99360 1
99361 0
99362 1
99363 1
99364 0
99365 0
99366 0
99367 0
99368 1
99369 0
99370 0
99371 0
99372 1
99373 1
99374 0
99375 0
99376 1
99377 0
99378 1
99379 0
99380 1
99381 0
99382 0
99383 1
99384 1
99385 0
99386 0
99387 1
99388 1
99389 1
99390 0
99391 0
99392 1
99393 0
99394 1
99395 1
99396 0
99397 1
99398 1
99399 0
99400 1
99401 0
99402 1
99403 0
99404 1
99405 1
99406 0
99407 0
99408 0
99409 1
99410 1
99411 1
99412 0
99413 1
99414 0
99415 1
99416 0
99417 0
99418 0
99419 1
99420 1
99421 1
99422 0
99423 1
99424 0
99425 1
99426 0
99427 0
99428 0
99429 0
99430 0
99431 0
99432 1
99433 1
99434 0
99435 1
99436 1
99437 1
99438 1
99439 0
99440 0
99441 1
99442 1
99443 1
99444 1
99445 1
99446 1
99447 0
99448 1
99449 0
99450 1
99451 0
99452 1
99453 0
99454 0
99455 0
99456 1
99457 0
99458 1
99459 0
99460 0
99461 1
99462 0
99463 1
99464 0
99465 0
99466 1
99467 1
99468 1
99469 1
99470 1
99471 1
99472 1
99473 0
99474 1
99475 0
99476 0
99477 0
99478 1
99479 0
99480 0
99481 0
99482 1
99483 0
99484 0
99485 0
99486 0
99487 0
99488 1
99489 0
99490 0
99491 1
99492 1
99493 0
99494 0
99495 0
99496 0
99497 0
99498 1
99499 0
99500 1
99501 0
99502 0
99503 1
99504 0
99505 1
99506 1
99507 1
99508 1
99509 0
99510 1
99511 0
99512 1
99513 0
99514 1
99515 1
99516 0
99517 1
99518 0
99519 0
99520 1
99521 0
99522 0
99523 0
99524 1
99525 0
99526 0
99527 0
99528 0
99529 0
99530 0
99531 0
99532 0
99533 0
99534 1
99535 0
99536 1
99537 1
99538 0
99539 1
99540 1
99541 0
99542 1
99543 0
99544 1
99545 0
99546 0
99547 1
99548 1
99549 0
99550 0
99551 1
99552 1
99553 0
99554 0
99555 1
99556 1
99557 1
99558 0
99559 1
99560 0
99561 0
99562 0
99563 0
99564 0
99565 1
99566 1
99567 1
99568 1
99569 1
99570 1
99571 0
99572 1
99573 0
99574 0
99575 0
99576 1
99577 1
99578 0
99579 1
99580 1
99581 1
99582 0
99583 1
99584 0
99585 1
99586 1
99587 1
99588 1
99589 0
99590 0
99591 0
99592 1
99593 0
99594 1
99595 1
99596 1
99597 1
99598 1
99599 1
99600 1
99601 1
99602 1
99603 1
99604 0
99605 0
99606 0
99607 0
99608 0
99609 0
99610 1
99611 0
99612 0
99613 1
99614 1
99615 0
99616 1
99617 0
99618 1
99619 1
99620 0
99621 1
99622 0
99623 1
99624 1
99625 0
99626 1
99627 1
99628 0
99629 0
99630 0
99631 1
99632 0
99633 1
99634 0
99635 1
99636 0
99637 0
99638 1
99639 1
99640 1
99641 0
99642 1
99643 1
99644 1
99645 0
99646 1
99647 1
99648 1
99649 0
99650 0
99651 0
99652 1
99653 1
99654 0
99655 0
99656 1
99657 0
99658 0
99659 1
99660 1
99661 1
99662 1
99663 0
99664 0
99665 0
99666 1
99667 0
99668 0
99669 1
99670 1
99671 1
99672 1
99673 0
99674 0
99675 1
99676 1
99677 0
99678 1
99679 1
99680 1
99681 1
99682 0
99683 0
99684 0
99685 1
99686 1
99687 1
99688 1
99689 0
99690 1
99691 1
99692 1
99693 1
99694 1
99695 0
99696 0
99697 1
99698 0
99699 0
99700 0
99701 1
99702 0
99703 0
99704 1
99705 0
99706 0
99707 0
99708 0
99709 1
99710 1
99711 1
99712 0
99713 1
99714 1
99715 1
99716 0
99717 1
99718 1
99719 1
99720 0
99721 0
99722 1
99723 1
99724 0
99725 0
99726 0
99727 0
99728 0
99729 1
99730 1
99731 0
99732 1
99733 0
99734 0
99735 0
99736 1
99737 0
99738 0
99739 1
99740 0
99741 1
99742 0
99743 0
99744 1
99745 0
99746 1
99747 1
99748 0
99749 1
99750 1
99751 1
99752 0
99753 0
99754 0
99755 0
99756 0
99757 1
99758 0
99759 1
99760 0
99761 1
99762 0
99763 0
99764 1
99765 1
99766 0
99767 1
99768 1
99769 0
99770 1
99771 0
99772 1
99773 0
99774 1
99775 1
99776 0
99777 1
99778 1
99779 1
99780 1
99781 1
99782 0
99783 1
99784 0
99785 1
99786 0
99787 0
99788 0
99789 1
99790 1
99791 1
99792 0
99793 0
99794 1
99795 1
99796 0
99797 1
99798 0
99799 1
99800 1
99801 0
99802 1
99803 0
99804 0
99805 1
99806 0
99807 0
99808 1
99809 1
99810 0
99811 0
99812 0
99813 0
99814 0
99815 1
99816 1
99817 0
99818 1
99819 1
99820 1
99821 0
99822 0
99823 1
99824 0
99825 1
99826 1
99827 1
99828 1
99829 0
99830 1
99831 1
99832 0
99833 1
99834 0
99835 0
99836 1
99837 1
99838 0
99839 1
99840 0
99841 1
99842 1
99843 0
99844 0
99845 1
99846 1
99847 0
99848 1
99849 0
99850 1
99851 1
99852 1
99853 0
99854 0
99855 1
99856 1
99857 1
99858 1
99859 0
99860 1
99861 0
99862 1
99863 0
99864 0
99865 0
99866 0
99867 0
99868 0
99869 1
99870 1
99871 1
99872 0
99873 1
99874 0
99875 1
99876 0
99877 0
99878 0
99879 0
99880 1
99881 1
99882 1
99883 1
99884 0
99885 1
99886 1
99887 1
99888 0
99889 1
99890 1
99891 1
99892 1
99893 0
99894 1
99895 1
99896 0
99897 1
99898 0
99899 0
99900 0
99901 0
99902 0
99903 1
99904 0
99905 1
99906 1
99907 1
99908 1
99909 1
99910 0
99911 1
99912 0
99913 1
99914 0
99915 0
99916 1
99917 0
99918 0
99919 1
99920 1
99921 0
99922 0
99923 0
99924 0
99925 0
99926 0
99927 1
99928 1
99929 0
99930 1
99931 0
99932 1
99933 0
99934 0
99935 1
99936 0
99937 1
99938 1
99939 0
99940 0
99941 1
99942 0
99943 0
99944 1
99945 0
99946 0
99947 1
99948 0
99949 0
99950 0
99951 1
99952 0
99953 0
99954 0
99955 1
99956 0
99957 1
99958 0
99959 0
99960 0
99961 0
99962 0
99963 0
99964 1
99965 0
99966 1
99967 1
99968 1
99969 1
99970 1
99971 1
99972 0
99973 0
99974 0
99975 1
99976 1
99977 0
99978 1
99979 1
99980 0
99981 1
99982 1
99983 1
99984 0
99985 0
99986 1
99987 0
99988 0
99989 0
99990 0
99991 1
99992 0
99993 0
99994 0
99995 1
99996 0
99997 0
99998 0
99999 1
100000 0
