0 0
1 0
2 1
3 1
4 0
5 -1
6 -1
7 1
8 1
9 2
10 2
11 1
12 0
13 0
14 3
15 3
16 4
17 4
18 3
19 2
20 2
21 2
22 2
23 3
24 3
25 2
26 1
27 1
28 -1
29 -1
30 0
31 0
32 -1
33 -2
34 -2
35 -3
36 -3
37 -2
38 -2
39 -3
40 -4
41 -4
42 -2
43 -2
44 -1
45 -1
46 -2
47 -3
48 -3
49 5
50 5
51 6
52 6
53 5
54 4
55 4
56 6
57 6
58 7
59 7
60 6
61 5
62 5
63 8
64 8
65 9
66 9
67 8
68 7
69 7
70 7
71 7
72 8
73 8
74 7
75 6
76 6
77 4
78 4
79 5
80 5
81 4
82 3
83 3
84 2
85 2
86 3
87 3
88 2
89 1
90 1
91 3
92 3
93 4
94 4
95 3
96 2
97 2
98 8
99 8
100 9
101 9
102 8
103 7
104 7
105 9
106 9
107 10
108 10
109 9
110 8
111 8
112 11
113 11
114 12
115 12
116 11
117 10
118 10
119 10
120 10
121 11
122 11
123 10
124 9
125 9
126 7
127 7
128 8
129 8
130 7
131 6
132 6
133 5
134 5
135 6
136 6
137 5
138 4
139 4
140 6
141 6
142 7
143 7
144 6
145 5
146 5
147 3
148 3
149 4
150 4
151 3
152 2
153 2
154 4
155 4
156 5
157 5
158 4
159 3
160 3
161 6
162 6
163 7
164 7
165 6
166 5
167 5
168 5
169 5
170 6
171 6
172 5
173 4
174 4
175 2
176 2
177 3
178 3
179 2
180 1
181 1
182 0
183 0
184 1
185 1
186 0
187 -1
188 -1
189 1
190 1
191 2
192 2
193 1
194 0
195 0
196 -5
197 -5
198 -4
199 -4
200 -5
201 -6
202 -6
203 -4
204 -4
205 -3
206 -3
207 -4
208 -5
209 -5
210 -2
211 -2
212 -1
213 -1
214 -2
215 -3
216 -3
217 -3
218 -3
219 -2
220 -2
221 -3
222 -4
223 -4
224 -6
225 -6
226 -5
227 -5
228 -6
229 -7
230 -7
231 -8
232 -8
233 -7
234 -7
235 -8
236 -9
237 -9
238 -7
239 -7
240 -6
241 -6
242 -7
243 -8
244 -8
245 -8
246 -8
247 -7
248 -7
249 -8
250 -9
251 -9
252 -7
253 -7
254 -6
255 -6
256 -7
257 -8
258 -8
259 -5
260 -5
261 -4
262 -4
263 -5
264 -6
265 -6
266 -6
267 -6
268 -5
269 -5
270 -6
271 -7
272 -7
273 -9
274 -9
275 -8
276 -8
277 -9
278 -10
279 -10
280 -11
281 -11
282 -10
283 -10
284 -11
285 -12
286 -12
287 -10
288 -10
289 -9
290 -9
291 -10
292 -11
293 -11
294 -3
295 -3
296 -2
297 -2
298 -3
299 -4
300 -4
301 -2
302 -2
303 -1
304 -1
305 -2
306 -3
307 -3
308 0
309 0
310 1
311 1
312 0
313 -1
314 -1
315 -1
316 -1
317 0
318 0
319 -1
320 -2
321 -2
322 -4
323 -4
324 -3
325 -3
326 -4
327 -5
328 -5
329 -6
330 -6
331 -5
332 -5
333 -6
334 -7
335 -7
336 -5
337 -5
338 -4
339 -4
340 -5
341 -6
342 -6
343 18
344 18
345 19
346 19
347 18
348 17
349 17
350 19
351 19
352 20
353 20
354 19
355 18
356 18
357 21
358 21
359 22
360 22
361 21
362 20
363 20
364 20
365 20
366 21
367 21
368 20
369 19
370 19
371 17
372 17
373 18
374 18
375 17
376 16
377 16
378 15
379 15
380 16
381 16
382 15
383 14
384 14
385 16
386 16
387 17
388 17
389 16
390 15
391 15
392 23
393 23
394 24
395 24
396 23
397 22
398 22
399 24
400 24
401 25
402 25
403 24
404 23
405 23
406 26
407 26
408 27
409 27
410 26
411 25
412 25
413 25
414 25
415 26
416 26
417 25
418 24
419 24
420 22
421 22
422 23
423 23
424 22
425 21
426 21
427 20
428 20
429 21
430 21
431 20
432 19
433 19
434 21
435 21
436 22
437 22
438 21
439 20
440 20
441 26
442 26
443 27
444 27
445 26
446 25
447 25
448 27
449 27
450 28
451 28
452 27
453 26
454 26
455 29
456 29
457 30
458 30
459 29
460 28
461 28
462 28
463 28
464 29
465 29
466 28
467 27
468 27
469 25
470 25
471 26
472 26
473 25
474 24
475 24
476 23
477 23
478 24
479 24
480 23
481 22
482 22
483 24
484 24
485 25
486 25
487 24
488 23
489 23
490 21
491 21
492 22
493 22
494 21
495 20
496 20
497 22
498 22
499 23
500 23
501 22
502 21
503 21
504 24
505 24
506 25
507 25
508 24
509 23
510 23
511 23
512 23
513 24
514 24
515 23
516 22
517 22
518 20
519 20
520 21
521 21
522 20
523 19
524 19
525 18
526 18
527 19
528 19
529 18
530 17
531 17
532 19
533 19
534 20
535 20
536 19
537 18
538 18
539 13
540 13
541 14
542 14
543 13
544 12
545 12
546 14
547 14
548 15
549 15
550 14
551 13
552 13
553 16
554 16
555 17
556 17
557 16
558 15
559 15
560 15
561 15
562 16
563 16
564 15
565 14
566 14
567 12
568 12
569 13
570 13
571 12
572 11
573 11
574 10
575 10
576 11
577 11
578 10
579 9
580 9
581 11
582 11
583 12
584 12
585 11
586 10
587 10
588 10
589 10
590 11
591 11
592 10
593 9
594 9
595 11
596 11
597 12
598 12
599 11
600 10
601 10
602 13
603 13
604 14
605 14
606 13
607 12
608 12
609 12
610 12
611 13
612 13
613 12
614 11
615 11
616 9
617 9
618 10
619 10
620 9
621 8
622 8
623 7
624 7
625 8
626 8
627 7
628 6
629 6
630 8
631 8
632 9
633 9
634 8
635 7
636 7
637 15
638 15
639 16
640 16
641 15
642 14
643 14
644 16
645 16
646 17
647 17
648 16
649 15
650 15
651 18
652 18
653 19
654 19
655 18
656 17
657 17
658 17
659 17
660 18
661 18
662 17
663 16
664 16
665 14
666 14
667 15
668 15
669 14
670 13
671 13
672 12
673 12
674 13
675 13
676 12
677 11
678 11
679 13
680 13
681 14
682 14
683 13
684 12
685 12
686 19
687 19
688 20
689 20
690 19
691 18
692 18
693 20
694 20
695 21
696 21
697 20
698 19
699 19
700 22
701 22
702 23
703 23
704 22
705 21
706 21
707 21
708 21
709 22
710 22
711 21
712 20
713 20
714 18
715 18
716 19
717 19
718 18
719 17
720 17
721 16
722 16
723 17
724 17
725 16
726 15
727 15
728 17
729 17
730 18
731 18
732 17
733 16
734 16
735 24
736 24
737 25
738 25
739 24
740 23
741 23
742 25
743 25
744 26
745 26
746 25
747 24
748 24
749 27
750 27
751 28
752 28
753 27
754 26
755 26
756 26
757 26
758 27
759 27
760 26
761 25
762 25
763 23
764 23
765 24
766 24
767 23
768 22
769 22
770 21
771 21
772 22
773 22
774 21
775 20
776 20
777 22
778 22
779 23
780 23
781 22
782 21
783 21
784 27
785 27
786 28
787 28
788 27
789 26
790 26
791 28
792 28
793 29
794 29
795 28
796 27
797 27
798 30
799 30
800 31
801 31
802 30
803 29
804 29
805 29
806 29
807 30
808 30
809 29
810 28
811 28
812 26
813 26
814 27
815 27
816 26
817 25
818 25
819 24
820 24
821 25
822 25
823 24
824 23
825 23
826 25
827 25
828 26
829 26
830 25
831 24
832 24
833 22
834 22
835 23
836 23
837 22
838 21
839 21
840 23
841 23
842 24
843 24
844 23
845 22
846 22
847 25
848 25
849 26
850 26
851 25
852 24
853 24
854 24
855 24
856 25
857 25
858 24
859 23
860 23
861 21
862 21
863 22
864 22
865 21
866 20
867 20
868 19
869 19
870 20
871 20
872 19
873 18
874 18
875 20
876 20
877 21
878 21
879 20
880 19
881 19
882 14
883 14
884 15
885 15
886 14
887 13
888 13
889 15
890 15
891 16
892 16
893 15
894 14
895 14
896 17
897 17
898 18
899 18
900 17
901 16
902 16
903 16
904 16
905 17
906 17
907 16
908 15
909 15
910 13
911 13
912 14
913 14
914 13
915 12
916 12
917 11
918 11
919 12
920 12
921 11
922 10
923 10
924 12
925 12
926 13
927 13
928 12
929 11
930 11
931 11
932 11
933 12
934 12
935 11
936 10
937 10
938 12
939 12
940 13
941 13
942 12
943 11
944 11
945 14
946 14
947 15
948 15
949 14
950 13
951 13
952 13
953 13
954 14
955 14
956 13
957 12
958 12
959 10
960 10
961 11
962 11
963 10
964 9
965 9
966 8
967 8
968 9
969 9
970 8
971 7
972 7
973 9
974 9
975 10
976 10
977 9
978 8
979 8
980 16
981 16
982 17
983 17
984 16
985 15
986 15
987 17
988 17
989 18
990 18
991 17
992 16
993 16
994 19
995 19
996 20
997 20
998 19
999 18
1000 18
1001 18
1002 18
1003 19
1004 19
1005 18
1006 17
1007 17
1008 15
1009 15
1010 16
1011 16
1012 15
1013 14
1014 14
1015 13
1016 13
1017 14
1018 14
1019 13
1020 12
1021 12
1022 14
1023 14
1024 15
1025 15
1026 14
1027 13
1028 13
1029 1
1030 1
1031 2
1032 2
1033 1
1034 0
1035 0
1036 2
1037 2
1038 3
1039 3
1040 2
1041 1
1042 1
1043 4
1044 4
1045 5
1046 5
1047 4
1048 3
1049 3
1050 3
1051 3
1052 4
1053 4
1054 3
1055 2
1056 2
1057 0
1058 0
1059 1
1060 1
1061 0
1062 -1
1063 -1
1064 -2
1065 -2
1066 -1
1067 -1
1068 -2
1069 -3
1070 -3
1071 -1
1072 -1
1073 0
1074 0
1075 -1
1076 -2
1077 -2
1078 6
1079 6
1080 7
1081 7
1082 6
1083 5
1084 5
1085 7
1086 7
1087 8
1088 8
1089 7
1090 6
1091 6
1092 9
1093 9
1094 10
1095 10
1096 9
1097 8
1098 8
1099 8
1100 8
1101 9
1102 9
1103 8
1104 7
1105 7
1106 5
1107 5
1108 6
1109 6
1110 5
1111 4
1112 4
1113 3
1114 3
1115 4
1116 4
1117 3
1118 2
1119 2
1120 4
1121 4
1122 5
1123 5
1124 4
1125 3
1126 3
1127 9
1128 9
1129 10
1130 10
1131 9
1132 8
1133 8
1134 10
1135 10
1136 11
1137 11
1138 10
1139 9
1140 9
1141 12
1142 12
1143 13
1144 13
1145 12
1146 11
1147 11
1148 11
1149 11
1150 12
1151 12
1152 11
1153 10
1154 10
1155 8
1156 8
1157 9
1158 9
1159 8
1160 7
1161 7
1162 6
1163 6
1164 7
1165 7
1166 6
1167 5
1168 5
1169 7
1170 7
1171 8
1172 8
1173 7
1174 6
1175 6
1176 4
1177 4
1178 5
1179 5
1180 4
1181 3
1182 3
1183 5
1184 5
1185 6
1186 6
1187 5
1188 4
1189 4
1190 7
1191 7
1192 8
1193 8
1194 7
1195 6
1196 6
1197 6
1198 6
1199 7
1200 7
1201 6
1202 5
1203 5
1204 3
1205 3
1206 4
1207 4
1208 3
1209 2
1210 2
1211 1
1212 1
1213 2
1214 2
1215 1
1216 0
1217 0
1218 2
1219 2
1220 3
1221 3
1222 2
1223 1
1224 1
1225 -4
1226 -4
1227 -3
1228 -3
1229 -4
1230 -5
1231 -5
1232 -3
1233 -3
1234 -2
1235 -2
1236 -3
1237 -4
1238 -4
1239 -1
1240 -1
1241 0
1242 0
1243 -1
1244 -2
1245 -2
1246 -2
1247 -2
1248 -1
1249 -1
1250 -2
1251 -3
1252 -3
1253 -5
1254 -5
1255 -4
1256 -4
1257 -5
1258 -6
1259 -6
1260 -7
1261 -7
1262 -6
1263 -6
1264 -7
1265 -8
1266 -8
1267 -6
1268 -6
1269 -5
1270 -5
1271 -6
1272 -7
1273 -7
1274 -7
1275 -7
1276 -6
1277 -6
1278 -7
1279 -8
1280 -8
1281 -6
1282 -6
1283 -5
1284 -5
1285 -6
1286 -7
1287 -7
1288 -4
1289 -4
1290 -3
1291 -3
1292 -4
1293 -5
1294 -5
1295 -5
1296 -5
1297 -4
1298 -4
1299 -5
1300 -6
1301 -6
1302 -8
1303 -8
1304 -7
1305 -7
1306 -8
1307 -9
1308 -9
1309 -10
1310 -10
1311 -9
1312 -9
1313 -10
1314 -11
1315 -11
1316 -9
1317 -9
1318 -8
1319 -8
1320 -9
1321 -10
1322 -10
1323 -2
1324 -2
1325 -1
1326 -1
1327 -2
1328 -3
1329 -3
1330 -1
1331 -1
1332 0
1333 0
1334 -1
1335 -2
1336 -2
1337 1
1338 1
1339 2
1340 2
1341 1
1342 0
1343 0
1344 0
1345 0
1346 1
1347 1
1348 0
1349 -1
1350 -1
1351 -3
1352 -3
1353 -2
1354 -2
1355 -3
1356 -4
1357 -4
1358 -5
1359 -5
1360 -4
1361 -4
1362 -5
1363 -6
1364 -6
1365 -4
1366 -4
1367 -3
1368 -3
1369 -4
1370 -5
1371 -5
1372 -18
1373 -18
1374 -17
1375 -17
1376 -18
1377 -19
1378 -19
1379 -17
1380 -17
1381 -16
1382 -16
1383 -17
1384 -18
1385 -18
1386 -15
1387 -15
1388 -14
1389 -14
1390 -15
1391 -16
1392 -16
1393 -16
1394 -16
1395 -15
1396 -15
1397 -16
1398 -17
1399 -17
1400 -19
1401 -19
1402 -18
1403 -18
1404 -19
1405 -20
1406 -20
1407 -21
1408 -21
1409 -20
1410 -20
1411 -21
1412 -22
1413 -22
1414 -20
1415 -20
1416 -19
1417 -19
1418 -20
1419 -21
1420 -21
1421 -13
1422 -13
1423 -12
1424 -12
1425 -13
1426 -14
1427 -14
1428 -12
1429 -12
1430 -11
1431 -11
1432 -12
1433 -13
1434 -13
1435 -10
1436 -10
1437 -9
1438 -9
1439 -10
1440 -11
1441 -11
1442 -11
1443 -11
1444 -10
1445 -10
1446 -11
1447 -12
1448 -12
1449 -14
1450 -14
1451 -13
1452 -13
1453 -14
1454 -15
1455 -15
1456 -16
1457 -16
1458 -15
1459 -15
1460 -16
1461 -17
1462 -17
1463 -15
1464 -15
1465 -14
1466 -14
1467 -15
1468 -16
1469 -16
1470 -10
1471 -10
1472 -9
1473 -9
1474 -10
1475 -11
1476 -11
1477 -9
1478 -9
1479 -8
1480 -8
1481 -9
1482 -10
1483 -10
1484 -7
1485 -7
1486 -6
1487 -6
1488 -7
1489 -8
1490 -8
1491 -8
1492 -8
1493 -7
1494 -7
1495 -8
1496 -9
1497 -9
1498 -11
1499 -11
1500 -10
1501 -10
1502 -11
1503 -12
1504 -12
1505 -13
1506 -13
1507 -12
1508 -12
1509 -13
1510 -14
1511 -14
1512 -12
1513 -12
1514 -11
1515 -11
1516 -12
1517 -13
1518 -13
1519 -15
1520 -15
1521 -14
1522 -14
1523 -15
1524 -16
1525 -16
1526 -14
1527 -14
1528 -13
1529 -13
1530 -14
1531 -15
1532 -15
1533 -12
1534 -12
1535 -11
1536 -11
1537 -12
1538 -13
1539 -13
1540 -13
1541 -13
1542 -12
1543 -12
1544 -13
1545 -14
1546 -14
1547 -16
1548 -16
1549 -15
1550 -15
1551 -16
1552 -17
1553 -17
1554 -18
1555 -18
1556 -17
1557 -17
1558 -18
1559 -19
1560 -19
1561 -17
1562 -17
1563 -16
1564 -16
1565 -17
1566 -18
1567 -18
1568 -23
1569 -23
1570 -22
1571 -22
1572 -23
1573 -24
1574 -24
1575 -22
1576 -22
1577 -21
1578 -21
1579 -22
1580 -23
1581 -23
1582 -20
1583 -20
1584 -19
1585 -19
1586 -20
1587 -21
1588 -21
1589 -21
1590 -21
1591 -20
1592 -20
1593 -21
1594 -22
1595 -22
1596 -24
1597 -24
1598 -23
1599 -23
1600 -24
1601 -25
1602 -25
1603 -26
1604 -26
1605 -25
1606 -25
1607 -26
1608 -27
1609 -27
1610 -25
1611 -25
1612 -24
1613 -24
1614 -25
1615 -26
1616 -26
1617 -26
1618 -26
1619 -25
1620 -25
1621 -26
1622 -27
1623 -27
1624 -25
1625 -25
1626 -24
1627 -24
1628 -25
1629 -26
1630 -26
1631 -23
1632 -23
1633 -22
1634 -22
1635 -23
1636 -24
1637 -24
1638 -24
1639 -24
1640 -23
1641 -23
1642 -24
1643 -25
1644 -25
1645 -27
1646 -27
1647 -26
1648 -26
1649 -27
1650 -28
1651 -28
1652 -29
1653 -29
1654 -28
1655 -28
1656 -29
1657 -30
1658 -30
1659 -28
1660 -28
1661 -27
1662 -27
1663 -28
1664 -29
1665 -29
1666 -21
1667 -21
1668 -20
1669 -20
1670 -21
1671 -22
1672 -22
1673 -20
1674 -20
1675 -19
1676 -19
1677 -20
1678 -21
1679 -21
1680 -18
1681 -18
1682 -17
1683 -17
1684 -18
1685 -19
1686 -19
1687 -19
1688 -19
1689 -18
1690 -18
1691 -19
1692 -20
1693 -20
1694 -22
1695 -22
1696 -21
1697 -21
1698 -22
1699 -23
1700 -23
1701 -24
1702 -24
1703 -23
1704 -23
1705 -24
1706 -25
1707 -25
1708 -23
1709 -23
1710 -22
1711 -22
1712 -23
1713 -24
1714 -24
1715 -19
1716 -19
1717 -18
1718 -18
1719 -19
1720 -20
1721 -20
1722 -18
1723 -18
1724 -17
1725 -17
1726 -18
1727 -19
1728 -19
1729 -16
1730 -16
1731 -15
1732 -15
1733 -16
1734 -17
1735 -17
1736 -17
1737 -17
1738 -16
1739 -16
1740 -17
1741 -18
1742 -18
1743 -20
1744 -20
1745 -19
1746 -19
1747 -20
1748 -21
1749 -21
1750 -22
1751 -22
1752 -21
1753 -21
1754 -22
1755 -23
1756 -23
1757 -21
1758 -21
1759 -20
1760 -20
1761 -21
1762 -22
1763 -22
1764 -14
1765 -14
1766 -13
1767 -13
1768 -14
1769 -15
1770 -15
1771 -13
1772 -13
1773 -12
1774 -12
1775 -13
1776 -14
1777 -14
1778 -11
1779 -11
1780 -10
1781 -10
1782 -11
1783 -12
1784 -12
1785 -12
1786 -12
1787 -11
1788 -11
1789 -12
1790 -13
1791 -13
1792 -15
1793 -15
1794 -14
1795 -14
1796 -15
1797 -16
1798 -16
1799 -17
1800 -17
1801 -16
1802 -16
1803 -17
1804 -18
1805 -18
1806 -16
1807 -16
1808 -15
1809 -15
1810 -16
1811 -17
1812 -17
1813 -11
1814 -11
1815 -10
1816 -10
1817 -11
1818 -12
1819 -12
1820 -10
1821 -10
1822 -9
1823 -9
1824 -10
1825 -11
1826 -11
1827 -8
1828 -8
1829 -7
1830 -7
1831 -8
1832 -9
1833 -9
1834 -9
1835 -9
1836 -8
1837 -8
1838 -9
1839 -10
1840 -10
1841 -12
1842 -12
1843 -11
1844 -11
1845 -12
1846 -13
1847 -13
1848 -14
1849 -14
1850 -13
1851 -13
1852 -14
1853 -15
1854 -15
1855 -13
1856 -13
1857 -12
1858 -12
1859 -13
1860 -14
1861 -14
1862 -16
1863 -16
1864 -15
1865 -15
1866 -16
1867 -17
1868 -17
1869 -15
1870 -15
1871 -14
1872 -14
1873 -15
1874 -16
1875 -16
1876 -13
1877 -13
1878 -12
1879 -12
1880 -13
1881 -14
1882 -14
1883 -14
1884 -14
1885 -13
1886 -13
1887 -14
1888 -15
1889 -15
1890 -17
1891 -17
1892 -16
1893 -16
1894 -17
1895 -18
1896 -18
1897 -19
1898 -19
1899 -18
1900 -18
1901 -19
1902 -20
1903 -20
1904 -18
1905 -18
1906 -17
1907 -17
1908 -18
1909 -19
1910 -19
1911 -24
1912 -24
1913 -23
1914 -23
1915 -24
1916 -25
1917 -25
1918 -23
1919 -23
1920 -22
1921 -22
1922 -23
1923 -24
1924 -24
1925 -21
1926 -21
1927 -20
1928 -20
1929 -21
1930 -22
1931 -22
1932 -22
1933 -22
1934 -21
1935 -21
1936 -22
1937 -23
1938 -23
1939 -25
1940 -25
1941 -24
1942 -24
1943 -25
1944 -26
1945 -26
1946 -27
1947 -27
1948 -26
1949 -26
1950 -27
1951 -28
1952 -28
1953 -26
1954 -26
1955 -25
1956 -25
1957 -26
1958 -27
1959 -27
1960 -27
1961 -27
1962 -26
1963 -26
1964 -27
1965 -28
1966 -28
1967 -26
1968 -26
1969 -25
1970 -25
1971 -26
1972 -27
1973 -27
1974 -24
1975 -24
1976 -23
1977 -23
1978 -24
1979 -25
1980 -25
1981 -25
1982 -25
1983 -24
1984 -24
1985 -25
1986 -26
1987 -26
1988 -28
1989 -28
1990 -27
1991 -27
1992 -28
1993 -29
1994 -29
1995 -30
1996 -30
1997 -29
1998 -29
1999 -30
2000 -31
2001 -31
2002 -29
2003 -29
2004 -28
2005 -28
2006 -29
2007 -30
2008 -30
2009 -22
2010 -22
2011 -21
2012 -21
2013 -22
2014 -23
2015 -23
2016 -21
2017 -21
2018 -20
2019 -20
2020 -21
2021 -22
2022 -22
2023 -19
2024 -19
2025 -18
2026 -18
2027 -19
2028 -20
2029 -20
2030 -20
2031 -20
2032 -19
2033 -19
2034 -20
2035 -21
2036 -21
2037 -23
2038 -23
2039 -22
2040 -22
2041 -23
2042 -24
2043 -24
2044 -25
2045 -25
2046 -24
2047 -24
2048 -25
2049 -26
2050 -26
2051 -24
2052 -24
2053 -23
2054 -23
2055 -24
2056 -25
2057 -25
2058 -1
2059 -1
2060 0
2061 0
2062 -1
2063 -2
2064 -2
2065 0
2066 0
2067 1
2068 1
2069 0
2070 -1
2071 -1
2072 2
2073 2
2074 3
2075 3
2076 2
2077 1
2078 1
2079 1
2080 1
2081 2
2082 2
2083 1
2084 0
2085 0
2086 -2
2087 -2
2088 -1
2089 -1
2090 -2
2091 -3
2092 -3
2093 -4
2094 -4
2095 -3
2096 -3
2097 -4
2098 -5
2099 -5
2100 -3
2101 -3
2102 -2
2103 -2
2104 -3
2105 -4
2106 -4
2107 4
2108 4
2109 5
2110 5
2111 4
2112 3
2113 3
2114 5
2115 5
2116 6
2117 6
2118 5
2119 4
2120 4
2121 7
2122 7
2123 8
2124 8
2125 7
2126 6
2127 6
2128 6
2129 6
2130 7
2131 7
2132 6
2133 5
2134 5
2135 3
2136 3
2137 4
2138 4
2139 3
2140 2
2141 2
2142 1
2143 1
2144 2
2145 2
2146 1
2147 0
2148 0
2149 2
2150 2
2151 3
2152 3
2153 2
2154 1
2155 1
2156 7
2157 7
2158 8
2159 8
2160 7
2161 6
2162 6
2163 8
2164 8
2165 9
2166 9
2167 8
2168 7
2169 7
2170 10
2171 10
2172 11
2173 11
2174 10
2175 9
2176 9
2177 9
2178 9
2179 10
2180 10
2181 9
2182 8
2183 8
2184 6
2185 6
2186 7
2187 7
2188 6
2189 5
2190 5
2191 4
2192 4
2193 5
2194 5
2195 4
2196 3
2197 3
2198 5
2199 5
2200 6
2201 6
2202 5
2203 4
2204 4
2205 2
2206 2
2207 3
2208 3
2209 2
2210 1
2211 1
2212 3
2213 3
2214 4
2215 4
2216 3
2217 2
2218 2
2219 5
2220 5
2221 6
2222 6
2223 5
2224 4
2225 4
2226 4
2227 4
2228 5
2229 5
2230 4
2231 3
2232 3
2233 1
2234 1
2235 2
2236 2
2237 1
2238 0
2239 0
2240 -1
2241 -1
2242 0
2243 0
2244 -1
2245 -2
2246 -2
2247 0
2248 0
2249 1
2250 1
2251 0
2252 -1
2253 -1
2254 -6
2255 -6
2256 -5
2257 -5
2258 -6
2259 -7
2260 -7
2261 -5
2262 -5
2263 -4
2264 -4
2265 -5
2266 -6
2267 -6
2268 -3
2269 -3
2270 -2
2271 -2
2272 -3
2273 -4
2274 -4
2275 -4
2276 -4
2277 -3
2278 -3
2279 -4
2280 -5
2281 -5
2282 -7
2283 -7
2284 -6
2285 -6
2286 -7
2287 -8
2288 -8
2289 -9
2290 -9
2291 -8
2292 -8
2293 -9
2294 -10
2295 -10
2296 -8
2297 -8
2298 -7
2299 -7
2300 -8
2301 -9
2302 -9
2303 -9
2304 -9
2305 -8
2306 -8
2307 -9
2308 -10
2309 -10
2310 -8
2311 -8
2312 -7
2313 -7
2314 -8
2315 -9
2316 -9
2317 -6
2318 -6
2319 -5
2320 -5
2321 -6
2322 -7
2323 -7
2324 -7
2325 -7
2326 -6
2327 -6
2328 -7
2329 -8
2330 -8
2331 -10
2332 -10
2333 -9
2334 -9
2335 -10
2336 -11
2337 -11
2338 -12
2339 -12
2340 -11
2341 -11
2342 -12
2343 -13
2344 -13
2345 -11
2346 -11
2347 -10
2348 -10
2349 -11
2350 -12
2351 -12
2352 -4
2353 -4
2354 -3
2355 -3
2356 -4
2357 -5
2358 -5
2359 -3
2360 -3
2361 -2
2362 -2
2363 -3
2364 -4
2365 -4
2366 -1
2367 -1
2368 0
2369 0
2370 -1
2371 -2
2372 -2
2373 -2
2374 -2
2375 -1
2376 -1
2377 -2
2378 -3
2379 -3
2380 -5
2381 -5
2382 -4
2383 -4
2384 -5
2385 -6
2386 -6
2387 -7
2388 -7
2389 -6
2390 -6
2391 -7
2392 -8
2393 -8
2394 -6
2395 -6
2396 -5
2397 -5
2398 -6
2399 -7
2400 -7
2401 55
2402 55
2403 56
2404 56
2405 55
2406 54
2407 54
2408 56
2409 56
2410 57
2411 57
2412 56
2413 55
2414 55
2415 58
2416 58
2417 59
2418 59
2419 58
2420 57
2421 57
2422 57
2423 57
2424 58
2425 58
2426 57
2427 56
2428 56
2429 54
2430 54
2431 55
2432 55
2433 54
2434 53
2435 53
2436 52
2437 52
2438 53
2439 53
2440 52
2441 51
2442 51
2443 53
2444 53
2445 54
2446 54
2447 53
2448 52
2449 52
2450 60
2451 60
2452 61
2453 61
2454 60
2455 59
2456 59
2457 61
2458 61
2459 62
2460 62
2461 61
2462 60
2463 60
2464 63
2465 63
2466 64
2467 64
2468 63
2469 62
2470 62
2471 62
2472 62
2473 63
2474 63
2475 62
2476 61
2477 61
2478 59
2479 59
2480 60
2481 60
2482 59
2483 58
2484 58
2485 57
2486 57
2487 58
2488 58
2489 57
2490 56
2491 56
2492 58
2493 58
2494 59
2495 59
2496 58
2497 57
2498 57
2499 63
2500 63
2501 64
2502 64
2503 63
2504 62
2505 62
2506 64
2507 64
2508 65
2509 65
2510 64
2511 63
2512 63
2513 66
2514 66
2515 67
2516 67
2517 66
2518 65
2519 65
2520 65
2521 65
2522 66
2523 66
2524 65
2525 64
2526 64
2527 62
2528 62
2529 63
2530 63
2531 62
2532 61
2533 61
2534 60
2535 60
2536 61
2537 61
2538 60
2539 59
2540 59
2541 61
2542 61
2543 62
2544 62
2545 61
2546 60
2547 60
2548 58
2549 58
2550 59
2551 59
2552 58
2553 57
2554 57
2555 59
2556 59
2557 60
2558 60
2559 59
2560 58
2561 58
2562 61
2563 61
2564 62
2565 62
2566 61
2567 60
2568 60
2569 60
2570 60
2571 61
2572 61
2573 60
2574 59
2575 59
2576 57
2577 57
2578 58
2579 58
2580 57
2581 56
2582 56
2583 55
2584 55
2585 56
2586 56
2587 55
2588 54
2589 54
2590 56
2591 56
2592 57
2593 57
2594 56
2595 55
2596 55
2597 50
2598 50
2599 51
2600 51
2601 50
2602 49
2603 49
2604 51
2605 51
2606 52
2607 52
2608 51
2609 50
2610 50
2611 53
2612 53
2613 54
2614 54
2615 53
2616 52
2617 52
2618 52
2619 52
2620 53
2621 53
2622 52
2623 51
2624 51
2625 49
2626 49
2627 50
2628 50
2629 49
2630 48
2631 48
2632 47
2633 47
2634 48
2635 48
2636 47
2637 46
2638 46
2639 48
2640 48
2641 49
2642 49
2643 48
2644 47
2645 47
2646 47
2647 47
2648 48
2649 48
2650 47
2651 46
2652 46
2653 48
2654 48
2655 49
2656 49
2657 48
2658 47
2659 47
2660 50
2661 50
2662 51
2663 51
2664 50
2665 49
2666 49
2667 49
2668 49
2669 50
2670 50
2671 49
2672 48
2673 48
2674 46
2675 46
2676 47
2677 47
2678 46
2679 45
2680 45
2681 44
2682 44
2683 45
2684 45
2685 44
2686 43
2687 43
2688 45
2689 45
2690 46
2691 46
2692 45
2693 44
2694 44
2695 52
2696 52
2697 53
2698 53
2699 52
2700 51
2701 51
2702 53
2703 53
2704 54
2705 54
2706 53
2707 52
2708 52
2709 55
2710 55
2711 56
2712 56
2713 55
2714 54
2715 54
2716 54
2717 54
2718 55
2719 55
2720 54
2721 53
2722 53
2723 51
2724 51
2725 52
2726 52
2727 51
2728 50
2729 50
2730 49
2731 49
2732 50
2733 50
2734 49
2735 48
2736 48
2737 50
2738 50
2739 51
2740 51
2741 50
2742 49
2743 49
2744 73
2745 73
2746 74
2747 74
2748 73
2749 72
2750 72
2751 74
2752 74
2753 75
2754 75
2755 74
2756 73
2757 73
2758 76
2759 76
2760 77
2761 77
2762 76
2763 75
2764 75
2765 75
2766 75
2767 76
2768 76
2769 75
2770 74
2771 74
2772 72
2773 72
2774 73
2775 73
2776 72
2777 71
2778 71
2779 70
2780 70
2781 71
2782 71
2783 70
2784 69
2785 69
2786 71
2787 71
2788 72
2789 72
2790 71
2791 70
2792 70
2793 78
2794 78
2795 79
2796 79
2797 78
2798 77
2799 77
2800 79
2801 79
2802 80
2803 80
2804 79
2805 78
2806 78
2807 81
2808 81
2809 82
2810 82
2811 81
2812 80
2813 80
2814 80
2815 80
2816 81
2817 81
2818 80
2819 79
2820 79
2821 77
2822 77
2823 78
2824 78
2825 77
2826 76
2827 76
2828 75
2829 75
2830 76
2831 76
2832 75
2833 74
2834 74
2835 76
2836 76
2837 77
2838 77
2839 76
2840 75
2841 75
2842 81
2843 81
2844 82
2845 82
2846 81
2847 80
2848 80
2849 82
2850 82
2851 83
2852 83
2853 82
2854 81
2855 81
2856 84
2857 84
2858 85
2859 85
2860 84
2861 83
2862 83
2863 83
2864 83
2865 84
2866 84
2867 83
2868 82
2869 82
2870 80
2871 80
2872 81
2873 81
2874 80
2875 79
2876 79
2877 78
2878 78
2879 79
2880 79
2881 78
2882 77
2883 77
2884 79
2885 79
2886 80
2887 80
2888 79
2889 78
2890 78
2891 76
2892 76
2893 77
2894 77
2895 76
2896 75
2897 75
2898 77
2899 77
2900 78
2901 78
2902 77
2903 76
2904 76
2905 79
2906 79
2907 80
2908 80
2909 79
2910 78
2911 78
2912 78
2913 78
2914 79
2915 79
2916 78
2917 77
2918 77
2919 75
2920 75
2921 76
2922 76
2923 75
2924 74
2925 74
2926 73
2927 73
2928 74
2929 74
2930 73
2931 72
2932 72
2933 74
2934 74
2935 75
2936 75
2937 74
2938 73
2939 73
2940 68
2941 68
2942 69
2943 69
2944 68
2945 67
2946 67
2947 69
2948 69
2949 70
2950 70
2951 69
2952 68
2953 68
2954 71
2955 71
2956 72
2957 72
2958 71
2959 70
2960 70
2961 70
2962 70
2963 71
2964 71
2965 70
2966 69
2967 69
2968 67
2969 67
2970 68
2971 68
2972 67
2973 66
2974 66
2975 65
2976 65
2977 66
2978 66
2979 65
2980 64
2981 64
2982 66
2983 66
2984 67
2985 67
2986 66
2987 65
2988 65
2989 65
2990 65
2991 66
2992 66
2993 65
2994 64
2995 64
2996 66
2997 66
2998 67
2999 67
3000 66
3001 65
3002 65
3003 68
3004 68
3005 69
3006 69
3007 68
3008 67
3009 67
3010 67
3011 67
3012 68
3013 68
3014 67
3015 66
3016 66
3017 64
3018 64
3019 65
3020 65
3021 64
3022 63
3023 63
3024 62
3025 62
3026 63
3027 63
3028 62
3029 61
3030 61
3031 63
3032 63
3033 64
3034 64
3035 63
3036 62
3037 62
3038 70
3039 70
3040 71
3041 71
3042 70
3043 69
3044 69
3045 71
3046 71
3047 72
3048 72
3049 71
3050 70
3051 70
3052 73
3053 73
3054 74
3055 74
3056 73
3057 72
3058 72
3059 72
3060 72
3061 73
3062 73
3063 72
3064 71
3065 71
3066 69
3067 69
3068 70
3069 70
3070 69
3071 68
3072 68
3073 67
3074 67
3075 68
3076 68
3077 67
3078 66
3079 66
3080 68
3081 68
3082 69
3083 69
3084 68
3085 67
3086 67
3087 74
3088 74
3089 75
3090 75
3091 74
3092 73
3093 73
3094 75
3095 75
3096 76
3097 76
3098 75
3099 74
3100 74
3101 77
3102 77
3103 78
3104 78
3105 77
3106 76
3107 76
3108 76
3109 76
3110 77
3111 77
3112 76
3113 75
3114 75
3115 73
3116 73
3117 74
3118 74
3119 73
3120 72
3121 72
3122 71
3123 71
3124 72
3125 72
3126 71
3127 70
3128 70
3129 72
3130 72
3131 73
3132 73
3133 72
3134 71
3135 71
3136 79
3137 79
3138 80
3139 80
3140 79
3141 78
3142 78
3143 80
3144 80
3145 81
3146 81
3147 80
3148 79
3149 79
3150 82
3151 82
3152 83
3153 83
3154 82
3155 81
3156 81
3157 81
3158 81
3159 82
3160 82
3161 81
3162 80
3163 80
3164 78
3165 78
3166 79
3167 79
3168 78
3169 77
3170 77
3171 76
3172 76
3173 77
3174 77
3175 76
3176 75
3177 75
3178 77
3179 77
3180 78
3181 78
3182 77
3183 76
3184 76
3185 82
3186 82
3187 83
3188 83
3189 82
3190 81
3191 81
3192 83
3193 83
3194 84
3195 84
3196 83
3197 82
3198 82
3199 85
3200 85
3201 86
3202 86
3203 85
3204 84
3205 84
3206 84
3207 84
3208 85
3209 85
3210 84
3211 83
3212 83
3213 81
3214 81
3215 82
3216 82
3217 81
3218 80
3219 80
3220 79
3221 79
3222 80
3223 80
3224 79
3225 78
3226 78
3227 80
3228 80
3229 81
3230 81
3231 80
3232 79
3233 79
3234 77
3235 77
3236 78
3237 78
3238 77
3239 76
3240 76
3241 78
3242 78
3243 79
3244 79
3245 78
3246 77
3247 77
3248 80
3249 80
3250 81
3251 81
3252 80
3253 79
3254 79
3255 79
3256 79
3257 80
3258 80
3259 79
3260 78
3261 78
3262 76
3263 76
3264 77
3265 77
3266 76
3267 75
3268 75
3269 74
3270 74
3271 75
3272 75
3273 74
3274 73
3275 73
3276 75
3277 75
3278 76
3279 76
3280 75
3281 74
3282 74
3283 69
3284 69
3285 70
3286 70
3287 69
3288 68
3289 68
3290 70
3291 70
3292 71
3293 71
3294 70
3295 69
3296 69
3297 72
3298 72
3299 73
3300 73
3301 72
3302 71
3303 71
3304 71
3305 71
3306 72
3307 72
3308 71
3309 70
3310 70
3311 68
3312 68
3313 69
3314 69
3315 68
3316 67
3317 67
3318 66
3319 66
3320 67
3321 67
3322 66
3323 65
3324 65
3325 67
3326 67
3327 68
3328 68
3329 67
3330 66
3331 66
3332 66
3333 66
3334 67
3335 67
3336 66
3337 65
3338 65
3339 67
3340 67
3341 68
3342 68
3343 67
3344 66
3345 66
3346 69
3347 69
3348 70
3349 70
3350 69
3351 68
3352 68
3353 68
3354 68
3355 69
3356 69
3357 68
3358 67
3359 67
3360 65
3361 65
3362 66
3363 66
3364 65
3365 64
3366 64
3367 63
3368 63
3369 64
3370 64
3371 63
3372 62
3373 62
3374 64
3375 64
3376 65
3377 65
3378 64
3379 63
3380 63
3381 71
3382 71
3383 72
3384 72
3385 71
3386 70
3387 70
3388 72
3389 72
3390 73
3391 73
3392 72
3393 71
3394 71
3395 74
3396 74
3397 75
3398 75
3399 74
3400 73
3401 73
3402 73
3403 73
3404 74
3405 74
3406 73
3407 72
3408 72
3409 70
3410 70
3411 71
3412 71
3413 70
3414 69
3415 69
3416 68
3417 68
3418 69
3419 69
3420 68
3421 67
3422 67
3423 69
3424 69
3425 70
3426 70
3427 69
3428 68
3429 68
3430 56
3431 56
3432 57
3433 57
3434 56
3435 55
3436 55
3437 57
3438 57
3439 58
3440 58
3441 57
3442 56
3443 56
3444 59
3445 59
3446 60
3447 60
3448 59
3449 58
3450 58
3451 58
3452 58
3453 59
3454 59
3455 58
3456 57
3457 57
3458 55
3459 55
3460 56
3461 56
3462 55
3463 54
3464 54
3465 53
3466 53
3467 54
3468 54
3469 53
3470 52
3471 52
3472 54
3473 54
3474 55
3475 55
3476 54
3477 53
3478 53
3479 61
3480 61
3481 62
3482 62
3483 61
3484 60
3485 60
3486 62
3487 62
3488 63
3489 63
3490 62
3491 61
3492 61
3493 64
3494 64
3495 65
3496 65
3497 64
3498 63
3499 63
3500 63
3501 63
3502 64
3503 64
3504 63
3505 62
3506 62
3507 60
3508 60
3509 61
3510 61
3511 60
3512 59
3513 59
3514 58
3515 58
3516 59
3517 59
3518 58
3519 57
3520 57
3521 59
3522 59
3523 60
3524 60
3525 59
3526 58
3527 58
3528 64
3529 64
3530 65
3531 65
3532 64
3533 63
3534 63
3535 65
3536 65
3537 66
3538 66
3539 65
3540 64
3541 64
3542 67
3543 67
3544 68
3545 68
3546 67
3547 66
3548 66
3549 66
3550 66
3551 67
3552 67
3553 66
3554 65
3555 65
3556 63
3557 63
3558 64
3559 64
3560 63
3561 62
3562 62
3563 61
3564 61
3565 62
3566 62
3567 61
3568 60
3569 60
3570 62
3571 62
3572 63
3573 63
3574 62
3575 61
3576 61
3577 59
3578 59
3579 60
3580 60
3581 59
3582 58
3583 58
3584 60
3585 60
3586 61
3587 61
3588 60
3589 59
3590 59
3591 62
3592 62
3593 63
3594 63
3595 62
3596 61
3597 61
3598 61
3599 61
3600 62
3601 62
3602 61
3603 60
3604 60
3605 58
3606 58
3607 59
3608 59
3609 58
3610 57
3611 57
3612 56
3613 56
3614 57
3615 57
3616 56
3617 55
3618 55
3619 57
3620 57
3621 58
3622 58
3623 57
3624 56
3625 56
3626 51
3627 51
3628 52
3629 52
3630 51
3631 50
3632 50
3633 52
3634 52
3635 53
3636 53
3637 52
3638 51
3639 51
3640 54
3641 54
3642 55
3643 55
3644 54
3645 53
3646 53
3647 53
3648 53
3649 54
3650 54
3651 53
3652 52
3653 52
3654 50
3655 50
3656 51
3657 51
3658 50
3659 49
3660 49
3661 48
3662 48
3663 49
3664 49
3665 48
3666 47
3667 47
3668 49
3669 49
3670 50
3671 50
3672 49
3673 48
3674 48
3675 48
3676 48
3677 49
3678 49
3679 48
3680 47
3681 47
3682 49
3683 49
3684 50
3685 50
3686 49
3687 48
3688 48
3689 51
3690 51
3691 52
3692 52
3693 51
3694 50
3695 50
3696 50
3697 50
3698 51
3699 51
3700 50
3701 49
3702 49
3703 47
3704 47
3705 48
3706 48
3707 47
3708 46
3709 46
3710 45
3711 45
3712 46
3713 46
3714 45
3715 44
3716 44
3717 46
3718 46
3719 47
3720 47
3721 46
3722 45
3723 45
3724 53
3725 53
3726 54
3727 54
3728 53
3729 52
3730 52
3731 54
3732 54
3733 55
3734 55
3735 54
3736 53
3737 53
3738 56
3739 56
3740 57
3741 57
3742 56
3743 55
3744 55
3745 55
3746 55
3747 56
3748 56
3749 55
3750 54
3751 54
3752 52
3753 52
3754 53
3755 53
3756 52
3757 51
3758 51
3759 50
3760 50
3761 51
3762 51
3763 50
3764 49
3765 49
3766 51
3767 51
3768 52
3769 52
3770 51
3771 50
3772 50
3773 37
3774 37
3775 38
3776 38
3777 37
3778 36
3779 36
3780 38
3781 38
3782 39
3783 39
3784 38
3785 37
3786 37
3787 40
3788 40
3789 41
3790 41
3791 40
3792 39
3793 39
3794 39
3795 39
3796 40
3797 40
3798 39
3799 38
3800 38
3801 36
3802 36
3803 37
3804 37
3805 36
3806 35
3807 35
3808 34
3809 34
3810 35
3811 35
3812 34
3813 33
3814 33
3815 35
3816 35
3817 36
3818 36
3819 35
3820 34
3821 34
3822 42
3823 42
3824 43
3825 43
3826 42
3827 41
3828 41
3829 43
3830 43
3831 44
3832 44
3833 43
3834 42
3835 42
3836 45
3837 45
3838 46
3839 46
3840 45
3841 44
3842 44
3843 44
3844 44
3845 45
3846 45
3847 44
3848 43
3849 43
3850 41
3851 41
3852 42
3853 42
3854 41
3855 40
3856 40
3857 39
3858 39
3859 40
3860 40
3861 39
3862 38
3863 38
3864 40
3865 40
3866 41
3867 41
3868 40
3869 39
3870 39
3871 45
3872 45
3873 46
3874 46
3875 45
3876 44
3877 44
3878 46
3879 46
3880 47
3881 47
3882 46
3883 45
3884 45
3885 48
3886 48
3887 49
3888 49
3889 48
3890 47
3891 47
3892 47
3893 47
3894 48
3895 48
3896 47
3897 46
3898 46
3899 44
3900 44
3901 45
3902 45
3903 44
3904 43
3905 43
3906 42
3907 42
3908 43
3909 43
3910 42
3911 41
3912 41
3913 43
3914 43
3915 44
3916 44
3917 43
3918 42
3919 42
3920 40
3921 40
3922 41
3923 41
3924 40
3925 39
3926 39
3927 41
3928 41
3929 42
3930 42
3931 41
3932 40
3933 40
3934 43
3935 43
3936 44
3937 44
3938 43
3939 42
3940 42
3941 42
3942 42
3943 43
3944 43
3945 42
3946 41
3947 41
3948 39
3949 39
3950 40
3951 40
3952 39
3953 38
3954 38
3955 37
3956 37
3957 38
3958 38
3959 37
3960 36
3961 36
3962 38
3963 38
3964 39
3965 39
3966 38
3967 37
3968 37
3969 32
3970 32
3971 33
3972 33
3973 32
3974 31
3975 31
3976 33
3977 33
3978 34
3979 34
3980 33
3981 32
3982 32
3983 35
3984 35
3985 36
3986 36
3987 35
3988 34
3989 34
3990 34
3991 34
3992 35
3993 35
3994 34
3995 33
3996 33
3997 31
3998 31
3999 32
4000 32
4001 31
4002 30
4003 30
4004 29
4005 29
4006 30
4007 30
4008 29
4009 28
4010 28
4011 30
4012 30
4013 31
4014 31
4015 30
4016 29
4017 29
4018 29
4019 29
4020 30
4021 30
4022 29
4023 28
4024 28
4025 30
4026 30
4027 31
4028 31
4029 30
4030 29
4031 29
4032 32
4033 32
4034 33
4035 33
4036 32
4037 31
4038 31
4039 31
4040 31
4041 32
4042 32
4043 31
4044 30
4045 30
4046 28
4047 28
4048 29
4049 29
4050 28
4051 27
4052 27
4053 26
4054 26
4055 27
4056 27
4057 26
4058 25
4059 25
4060 27
4061 27
4062 28
4063 28
4064 27
4065 26
4066 26
4067 34
4068 34
4069 35
4070 35
4071 34
4072 33
4073 33
4074 35
4075 35
4076 36
4077 36
4078 35
4079 34
4080 34
4081 37
4082 37
4083 38
4084 38
4085 37
4086 36
4087 36
4088 36
4089 36
4090 37
4091 37
4092 36
4093 35
4094 35
4095 33
4096 33
4097 34
4098 34
4099 33
4100 32
4101 32
4102 31
4103 31
4104 32
4105 32
4106 31
4107 30
4108 30
4109 32
4110 32
4111 33
4112 33
4113 32
4114 31
4115 31
4116 36
4117 36
4118 37
4119 37
4120 36
4121 35
4122 35
4123 37
4124 37
4125 38
4126 38
4127 37
4128 36
4129 36
4130 39
4131 39
4132 40
4133 40
4134 39
4135 38
4136 38
4137 38
4138 38
4139 39
4140 39
4141 38
4142 37
4143 37
4144 35
4145 35
4146 36
4147 36
4148 35
4149 34
4150 34
4151 33
4152 33
4153 34
4154 34
4155 33
4156 32
4157 32
4158 34
4159 34
4160 35
4161 35
4162 34
4163 33
4164 33
4165 41
4166 41
4167 42
4168 42
4169 41
4170 40
4171 40
4172 42
4173 42
4174 43
4175 43
4176 42
4177 41
4178 41
4179 44
4180 44
4181 45
4182 45
4183 44
4184 43
4185 43
4186 43
4187 43
4188 44
4189 44
4190 43
4191 42
4192 42
4193 40
4194 40
4195 41
4196 41
4197 40
4198 39
4199 39
4200 38
4201 38
4202 39
4203 39
4204 38
4205 37
4206 37
4207 39
4208 39
4209 40
4210 40
4211 39
4212 38
4213 38
4214 44
4215 44
4216 45
4217 45
4218 44
4219 43
4220 43
4221 45
4222 45
4223 46
4224 46
4225 45
4226 44
4227 44
4228 47
4229 47
4230 48
4231 48
4232 47
4233 46
4234 46
4235 46
4236 46
4237 47
4238 47
4239 46
4240 45
4241 45
4242 43
4243 43
4244 44
4245 44
4246 43
4247 42
4248 42
4249 41
4250 41
4251 42
4252 42
4253 41
4254 40
4255 40
4256 42
4257 42
4258 43
4259 43
4260 42
4261 41
4262 41
4263 39
4264 39
4265 40
4266 40
4267 39
4268 38
4269 38
4270 40
4271 40
4272 41
4273 41
4274 40
4275 39
4276 39
4277 42
4278 42
4279 43
4280 43
4281 42
4282 41
4283 41
4284 41
4285 41
4286 42
4287 42
4288 41
4289 40
4290 40
4291 38
4292 38
4293 39
4294 39
4295 38
4296 37
4297 37
4298 36
4299 36
4300 37
4301 37
4302 36
4303 35
4304 35
4305 37
4306 37
4307 38
4308 38
4309 37
4310 36
4311 36
4312 31
4313 31
4314 32
4315 32
4316 31
4317 30
4318 30
4319 32
4320 32
4321 33
4322 33
4323 32
4324 31
4325 31
4326 34
4327 34
4328 35
4329 35
4330 34
4331 33
4332 33
4333 33
4334 33
4335 34
4336 34
4337 33
4338 32
4339 32
4340 30
4341 30
4342 31
4343 31
4344 30
4345 29
4346 29
4347 28
4348 28
4349 29
4350 29
4351 28
4352 27
4353 27
4354 29
4355 29
4356 30
4357 30
4358 29
4359 28
4360 28
4361 28
4362 28
4363 29
4364 29
4365 28
4366 27
4367 27
4368 29
4369 29
4370 30
4371 30
4372 29
4373 28
4374 28
4375 31
4376 31
4377 32
4378 32
4379 31
4380 30
4381 30
4382 30
4383 30
4384 31
4385 31
4386 30
4387 29
4388 29
4389 27
4390 27
4391 28
4392 28
4393 27
4394 26
4395 26
4396 25
4397 25
4398 26
4399 26
4400 25
4401 24
4402 24
4403 26
4404 26
4405 27
4406 27
4407 26
4408 25
4409 25
4410 33
4411 33
4412 34
4413 34
4414 33
4415 32
4416 32
4417 34
4418 34
4419 35
4420 35
4421 34
4422 33
4423 33
4424 36
4425 36
4426 37
4427 37
4428 36
4429 35
4430 35
4431 35
4432 35
4433 36
4434 36
4435 35
4436 34
4437 34
4438 32
4439 32
4440 33
4441 33
4442 32
4443 31
4444 31
4445 30
4446 30
4447 31
4448 31
4449 30
4450 29
4451 29
4452 31
4453 31
4454 32
4455 32
4456 31
4457 30
4458 30
4459 54
4460 54
4461 55
4462 55
4463 54
4464 53
4465 53
4466 55
4467 55
4468 56
4469 56
4470 55
4471 54
4472 54
4473 57
4474 57
4475 58
4476 58
4477 57
4478 56
4479 56
4480 56
4481 56
4482 57
4483 57
4484 56
4485 55
4486 55
4487 53
4488 53
4489 54
4490 54
4491 53
4492 52
4493 52
4494 51
4495 51
4496 52
4497 52
4498 51
4499 50
4500 50
4501 52
4502 52
4503 53
4504 53
4505 52
4506 51
4507 51
4508 59
4509 59
4510 60
4511 60
4512 59
4513 58
4514 58
4515 60
4516 60
4517 61
4518 61
4519 60
4520 59
4521 59
4522 62
4523 62
4524 63
4525 63
4526 62
4527 61
4528 61
4529 61
4530 61
4531 62
4532 62
4533 61
4534 60
4535 60
4536 58
4537 58
4538 59
4539 59
4540 58
4541 57
4542 57
4543 56
4544 56
4545 57
4546 57
4547 56
4548 55
4549 55
4550 57
4551 57
4552 58
4553 58
4554 57
4555 56
4556 56
4557 62
4558 62
4559 63
4560 63
4561 62
4562 61
4563 61
4564 63
4565 63
4566 64
4567 64
4568 63
4569 62
4570 62
4571 65
4572 65
4573 66
4574 66
4575 65
4576 64
4577 64
4578 64
4579 64
4580 65
4581 65
4582 64
4583 63
4584 63
4585 61
4586 61
4587 62
4588 62
4589 61
4590 60
4591 60
4592 59
4593 59
4594 60
4595 60
4596 59
4597 58
4598 58
4599 60
4600 60
4601 61
4602 61
4603 60
4604 59
4605 59
4606 57
4607 57
4608 58
4609 58
4610 57
4611 56
4612 56
4613 58
4614 58
4615 59
4616 59
4617 58
4618 57
4619 57
4620 60
4621 60
4622 61
4623 61
4624 60
4625 59
4626 59
4627 59
4628 59
4629 60
4630 60
4631 59
4632 58
4633 58
4634 56
4635 56
4636 57
4637 57
4638 56
4639 55
4640 55
4641 54
4642 54
4643 55
4644 55
4645 54
4646 53
4647 53
4648 55
4649 55
4650 56
4651 56
4652 55
4653 54
4654 54
4655 49
4656 49
4657 50
4658 50
4659 49
4660 48
4661 48
4662 50
4663 50
4664 51
4665 51
4666 50
4667 49
4668 49
4669 52
4670 52
4671 53
4672 53
4673 52
4674 51
4675 51
4676 51
4677 51
4678 52
4679 52
4680 51
4681 50
4682 50
4683 48
4684 48
4685 49
4686 49
4687 48
4688 47
4689 47
4690 46
4691 46
4692 47
4693 47
4694 46
4695 45
4696 45
4697 47
4698 47
4699 48
4700 48
4701 47
4702 46
4703 46
4704 46
4705 46
4706 47
4707 47
4708 46
4709 45
4710 45
4711 47
4712 47
4713 48
4714 48
4715 47
4716 46
4717 46
4718 49
4719 49
4720 50
4721 50
4722 49
4723 48
4724 48
4725 48
4726 48
4727 49
4728 49
4729 48
4730 47
4731 47
4732 45
4733 45
4734 46
4735 46
4736 45
4737 44
4738 44
4739 43
4740 43
4741 44
4742 44
4743 43
4744 42
4745 42
4746 44
4747 44
4748 45
4749 45
4750 44
4751 43
4752 43
4753 51
4754 51
4755 52
4756 52
4757 51
4758 50
4759 50
4760 52
4761 52
4762 53
4763 53
4764 52
4765 51
4766 51
4767 54
4768 54
4769 55
4770 55
4771 54
4772 53
4773 53
4774 53
4775 53
4776 54
4777 54
4778 53
4779 52
4780 52
4781 50
4782 50
4783 51
4784 51
4785 50
4786 49
4787 49
4788 48
4789 48
4790 49
4791 49
4792 48
4793 47
4794 47
4795 49
4796 49
4797 50
4798 50
4799 49
4800 48
4801 48
4802 39
4803 39
4804 40
4805 40
4806 39
4807 38
4808 38
4809 40
4810 40
4811 41
4812 41
4813 40
4814 39
4815 39
4816 42
4817 42
4818 43
4819 43
4820 42
4821 41
4822 41
4823 41
4824 41
4825 42
4826 42
4827 41
4828 40
4829 40
4830 38
4831 38
4832 39
4833 39
4834 38
4835 37
4836 37
4837 36
4838 36
4839 37
4840 37
4841 36
4842 35
4843 35
4844 37
4845 37
4846 38
4847 38
4848 37
4849 36
4850 36
4851 44
4852 44
4853 45
4854 45
4855 44
4856 43
4857 43
4858 45
4859 45
4860 46
4861 46
4862 45
4863 44
4864 44
4865 47
4866 47
4867 48
4868 48
4869 47
4870 46
4871 46
4872 46
4873 46
4874 47
4875 47
4876 46
4877 45
4878 45
4879 43
4880 43
4881 44
4882 44
4883 43
4884 42
4885 42
4886 41
4887 41
4888 42
4889 42
4890 41
4891 40
4892 40
4893 42
4894 42
4895 43
4896 43
4897 42
4898 41
4899 41
4900 47
4901 47
4902 48
4903 48
4904 47
4905 46
4906 46
4907 48
4908 48
4909 49
4910 49
4911 48
4912 47
4913 47
4914 50
4915 50
4916 51
4917 51
4918 50
4919 49
4920 49
4921 49
4922 49
4923 50
4924 50
4925 49
4926 48
4927 48
4928 46
4929 46
4930 47
4931 47
4932 46
4933 45
4934 45
4935 44
4936 44
4937 45
4938 45
4939 44
4940 43
4941 43
4942 45
4943 45
4944 46
4945 46
4946 45
4947 44
4948 44
4949 42
4950 42
4951 43
4952 43
4953 42
4954 41
4955 41
4956 43
4957 43
4958 44
4959 44
4960 43
4961 42
4962 42
4963 45
4964 45
4965 46
4966 46
4967 45
4968 44
4969 44
4970 44
4971 44
4972 45
4973 45
4974 44
4975 43
4976 43
4977 41
4978 41
4979 42
4980 42
4981 41
4982 40
4983 40
4984 39
4985 39
4986 40
4987 40
4988 39
4989 38
4990 38
4991 40
4992 40
4993 41
4994 41
4995 40
4996 39
4997 39
4998 34
4999 34
5000 35
5001 35
5002 34
5003 33
5004 33
5005 35
5006 35
5007 36
5008 36
5009 35
5010 34
5011 34
5012 37
5013 37
5014 38
5015 38
5016 37
5017 36
5018 36
5019 36
5020 36
5021 37
5022 37
5023 36
5024 35
5025 35
5026 33
5027 33
5028 34
5029 34
5030 33
5031 32
5032 32
5033 31
5034 31
5035 32
5036 32
5037 31
5038 30
5039 30
5040 32
5041 32
5042 33
5043 33
5044 32
5045 31
5046 31
5047 31
5048 31
5049 32
5050 32
5051 31
5052 30
5053 30
5054 32
5055 32
5056 33
5057 33
5058 32
5059 31
5060 31
5061 34
5062 34
5063 35
5064 35
5065 34
5066 33
5067 33
5068 33
5069 33
5070 34
5071 34
5072 33
5073 32
5074 32
5075 30
5076 30
5077 31
5078 31
5079 30
5080 29
5081 29
5082 28
5083 28
5084 29
5085 29
5086 28
5087 27
5088 27
5089 29
5090 29
5091 30
5092 30
5093 29
5094 28
5095 28
5096 36
5097 36
5098 37
5099 37
5100 36
5101 35
5102 35
5103 37
5104 37
5105 38
5106 38
5107 37
5108 36
5109 36
5110 39
5111 39
5112 40
5113 40
5114 39
5115 38
5116 38
5117 38
5118 38
5119 39
5120 39
5121 38
5122 37
5123 37
5124 35
5125 35
5126 36
5127 36
5128 35
5129 34
5130 34
5131 33
5132 33
5133 34
5134 34
5135 33
5136 32
5137 32
5138 34
5139 34
5140 35
5141 35
5142 34
5143 33
5144 33
5145 57
5146 57
5147 58
5148 58
5149 57
5150 56
5151 56
5152 58
5153 58
5154 59
5155 59
5156 58
5157 57
5158 57
5159 60
5160 60
5161 61
5162 61
5163 60
5164 59
5165 59
5166 59
5167 59
5168 60
5169 60
5170 59
5171 58
5172 58
5173 56
5174 56
5175 57
5176 57
5177 56
5178 55
5179 55
5180 54
5181 54
5182 55
5183 55
5184 54
5185 53
5186 53
5187 55
5188 55
5189 56
5190 56
5191 55
5192 54
5193 54
5194 62
5195 62
5196 63
5197 63
5198 62
5199 61
5200 61
5201 63
5202 63
5203 64
5204 64
5205 63
5206 62
5207 62
5208 65
5209 65
5210 66
5211 66
5212 65
5213 64
5214 64
5215 64
5216 64
5217 65
5218 65
5219 64
5220 63
5221 63
5222 61
5223 61
5224 62
5225 62
5226 61
5227 60
5228 60
5229 59
5230 59
5231 60
5232 60
5233 59
5234 58
5235 58
5236 60
5237 60
5238 61
5239 61
5240 60
5241 59
5242 59
5243 65
5244 65
5245 66
5246 66
5247 65
5248 64
5249 64
5250 66
5251 66
5252 67
5253 67
5254 66
5255 65
5256 65
5257 68
5258 68
5259 69
5260 69
5261 68
5262 67
5263 67
5264 67
5265 67
5266 68
5267 68
5268 67
5269 66
5270 66
5271 64
5272 64
5273 65
5274 65
5275 64
5276 63
5277 63
5278 62
5279 62
5280 63
5281 63
5282 62
5283 61
5284 61
5285 63
5286 63
5287 64
5288 64
5289 63
5290 62
5291 62
5292 60
5293 60
5294 61
5295 61
5296 60
5297 59
5298 59
5299 61
5300 61
5301 62
5302 62
5303 61
5304 60
5305 60
5306 63
5307 63
5308 64
5309 64
5310 63
5311 62
5312 62
5313 62
5314 62
5315 63
5316 63
5317 62
5318 61
5319 61
5320 59
5321 59
5322 60
5323 60
5324 59
5325 58
5326 58
5327 57
5328 57
5329 58
5330 58
5331 57
5332 56
5333 56
5334 58
5335 58
5336 59
5337 59
5338 58
5339 57
5340 57
5341 52
5342 52
5343 53
5344 53
5345 52
5346 51
5347 51
5348 53
5349 53
5350 54
5351 54
5352 53
5353 52
5354 52
5355 55
5356 55
5357 56
5358 56
5359 55
5360 54
5361 54
5362 54
5363 54
5364 55
5365 55
5366 54
5367 53
5368 53
5369 51
5370 51
5371 52
5372 52
5373 51
5374 50
5375 50
5376 49
5377 49
5378 50
5379 50
5380 49
5381 48
5382 48
5383 50
5384 50
5385 51
5386 51
5387 50
5388 49
5389 49
5390 49
5391 49
5392 50
5393 50
5394 49
5395 48
5396 48
5397 50
5398 50
5399 51
5400 51
5401 50
5402 49
5403 49
5404 52
5405 52
5406 53
5407 53
5408 52
5409 51
5410 51
5411 51
5412 51
5413 52
5414 52
5415 51
5416 50
5417 50
5418 48
5419 48
5420 49
5421 49
5422 48
5423 47
5424 47
5425 46
5426 46
5427 47
5428 47
5429 46
5430 45
5431 45
5432 47
5433 47
5434 48
5435 48
5436 47
5437 46
5438 46
5439 54
5440 54
5441 55
5442 55
5443 54
5444 53
5445 53
5446 55
5447 55
5448 56
5449 56
5450 55
5451 54
5452 54
5453 57
5454 57
5455 58
5456 58
5457 57
5458 56
5459 56
5460 56
5461 56
5462 57
5463 57
5464 56
5465 55
5466 55
5467 53
5468 53
5469 54
5470 54
5471 53
5472 52
5473 52
5474 51
5475 51
5476 52
5477 52
5478 51
5479 50
5480 50
5481 52
5482 52
5483 53
5484 53
5485 52
5486 51
5487 51
5488 58
5489 58
5490 59
5491 59
5492 58
5493 57
5494 57
5495 59
5496 59
5497 60
5498 60
5499 59
5500 58
5501 58
5502 61
5503 61
5504 62
5505 62
5506 61
5507 60
5508 60
5509 60
5510 60
5511 61
5512 61
5513 60
5514 59
5515 59
5516 57
5517 57
5518 58
5519 58
5520 57
5521 56
5522 56
5523 55
5524 55
5525 56
5526 56
5527 55
5528 54
5529 54
5530 56
5531 56
5532 57
5533 57
5534 56
5535 55
5536 55
5537 63
5538 63
5539 64
5540 64
5541 63
5542 62
5543 62
5544 64
5545 64
5546 65
5547 65
5548 64
5549 63
5550 63
5551 66
5552 66
5553 67
5554 67
5555 66
5556 65
5557 65
5558 65
5559 65
5560 66
5561 66
5562 65
5563 64
5564 64
5565 62
5566 62
5567 63
5568 63
5569 62
5570 61
5571 61
5572 60
5573 60
5574 61
5575 61
5576 60
5577 59
5578 59
5579 61
5580 61
5581 62
5582 62
5583 61
5584 60
5585 60
5586 66
5587 66
5588 67
5589 67
5590 66
5591 65
5592 65
5593 67
5594 67
5595 68
5596 68
5597 67
5598 66
5599 66
5600 69
5601 69
5602 70
5603 70
5604 69
5605 68
5606 68
5607 68
5608 68
5609 69
5610 69
5611 68
5612 67
5613 67
5614 65
5615 65
5616 66
5617 66
5618 65
5619 64
5620 64
5621 63
5622 63
5623 64
5624 64
5625 63
5626 62
5627 62
5628 64
5629 64
5630 65
5631 65
5632 64
5633 63
5634 63
5635 61
5636 61
5637 62
5638 62
5639 61
5640 60
5641 60
5642 62
5643 62
5644 63
5645 63
5646 62
5647 61
5648 61
5649 64
5650 64
5651 65
5652 65
5653 64
5654 63
5655 63
5656 63
5657 63
5658 64
5659 64
5660 63
5661 62
5662 62
5663 60
5664 60
5665 61
5666 61
5667 60
5668 59
5669 59
5670 58
5671 58
5672 59
5673 59
5674 58
5675 57
5676 57
5677 59
5678 59
5679 60
5680 60
5681 59
5682 58
5683 58
5684 53
5685 53
5686 54
5687 54
5688 53
5689 52
5690 52
5691 54
5692 54
5693 55
5694 55
5695 54
5696 53
5697 53
5698 56
5699 56
5700 57
5701 57
5702 56
5703 55
5704 55
5705 55
5706 55
5707 56
5708 56
5709 55
5710 54
5711 54
5712 52
5713 52
5714 53
5715 53
5716 52
5717 51
5718 51
5719 50
5720 50
5721 51
5722 51
5723 50
5724 49
5725 49
5726 51
5727 51
5728 52
5729 52
5730 51
5731 50
5732 50
5733 50
5734 50
5735 51
5736 51
5737 50
5738 49
5739 49
5740 51
5741 51
5742 52
5743 52
5744 51
5745 50
5746 50
5747 53
5748 53
5749 54
5750 54
5751 53
5752 52
5753 52
5754 52
5755 52
5756 53
5757 53
5758 52
5759 51
5760 51
5761 49
5762 49
5763 50
5764 50
5765 49
5766 48
5767 48
5768 47
5769 47
5770 48
5771 48
5772 47
5773 46
5774 46
5775 48
5776 48
5777 49
5778 49
5779 48
5780 47
5781 47
5782 55
5783 55
5784 56
5785 56
5786 55
5787 54
5788 54
5789 56
5790 56
5791 57
5792 57
5793 56
5794 55
5795 55
5796 58
5797 58
5798 59
5799 59
5800 58
5801 57
5802 57
5803 57
5804 57
5805 58
5806 58
5807 57
5808 56
5809 56
5810 54
5811 54
5812 55
5813 55
5814 54
5815 53
5816 53
5817 52
5818 52
5819 53
5820 53
5821 52
5822 51
5823 51
5824 53
5825 53
5826 54
5827 54
5828 53
5829 52
5830 52
5831 40
5832 40
5833 41
5834 41
5835 40
5836 39
5837 39
5838 41
5839 41
5840 42
5841 42
5842 41
5843 40
5844 40
5845 43
5846 43
5847 44
5848 44
5849 43
5850 42
5851 42
5852 42
5853 42
5854 43
5855 43
5856 42
5857 41
5858 41
5859 39
5860 39
5861 40
5862 40
5863 39
5864 38
5865 38
5866 37
5867 37
5868 38
5869 38
5870 37
5871 36
5872 36
5873 38
5874 38
5875 39
5876 39
5877 38
5878 37
5879 37
5880 45
5881 45
5882 46
5883 46
5884 45
5885 44
5886 44
5887 46
5888 46
5889 47
5890 47
5891 46
5892 45
5893 45
5894 48
5895 48
5896 49
5897 49
5898 48
5899 47
5900 47
5901 47
5902 47
5903 48
5904 48
5905 47
5906 46
5907 46
5908 44
5909 44
5910 45
5911 45
5912 44
5913 43
5914 43
5915 42
5916 42
5917 43
5918 43
5919 42
5920 41
5921 41
5922 43
5923 43
5924 44
5925 44
5926 43
5927 42
5928 42
5929 48
5930 48
5931 49
5932 49
5933 48
5934 47
5935 47
5936 49
5937 49
5938 50
5939 50
5940 49
5941 48
5942 48
5943 51
5944 51
5945 52
5946 52
5947 51
5948 50
5949 50
5950 50
5951 50
5952 51
5953 51
5954 50
5955 49
5956 49
5957 47
5958 47
5959 48
5960 48
5961 47
5962 46
5963 46
5964 45
5965 45
5966 46
5967 46
5968 45
5969 44
5970 44
5971 46
5972 46
5973 47
5974 47
5975 46
5976 45
5977 45
5978 43
5979 43
5980 44
5981 44
5982 43
5983 42
5984 42
5985 44
5986 44
5987 45
5988 45
5989 44
5990 43
5991 43
5992 46
5993 46
5994 47
5995 47
5996 46
5997 45
5998 45
5999 45
6000 45
6001 46
6002 46
6003 45
6004 44
6005 44
6006 42
6007 42
6008 43
6009 43
6010 42
6011 41
6012 41
6013 40
6014 40
6015 41
6016 41
6017 40
6018 39
6019 39
6020 41
6021 41
6022 42
6023 42
6024 41
6025 40
6026 40
6027 35
6028 35
6029 36
6030 36
6031 35
6032 34
6033 34
6034 36
6035 36
6036 37
6037 37
6038 36
6039 35
6040 35
6041 38
6042 38
6043 39
6044 39
6045 38
6046 37
6047 37
6048 37
6049 37
6050 38
6051 38
6052 37
6053 36
6054 36
6055 34
6056 34
6057 35
6058 35
6059 34
6060 33
6061 33
6062 32
6063 32
6064 33
6065 33
6066 32
6067 31
6068 31
6069 33
6070 33
6071 34
6072 34
6073 33
6074 32
6075 32
6076 32
6077 32
6078 33
6079 33
6080 32
6081 31
6082 31
6083 33
6084 33
6085 34
6086 34
6087 33
6088 32
6089 32
6090 35
6091 35
6092 36
6093 36
6094 35
6095 34
6096 34
6097 34
6098 34
6099 35
6100 35
6101 34
6102 33
6103 33
6104 31
6105 31
6106 32
6107 32
6108 31
6109 30
6110 30
6111 29
6112 29
6113 30
6114 30
6115 29
6116 28
6117 28
6118 30
6119 30
6120 31
6121 31
6122 30
6123 29
6124 29
6125 37
6126 37
6127 38
6128 38
6129 37
6130 36
6131 36
6132 38
6133 38
6134 39
6135 39
6136 38
6137 37
6138 37
6139 40
6140 40
6141 41
6142 41
6143 40
6144 39
6145 39
6146 39
6147 39
6148 40
6149 40
6150 39
6151 38
6152 38
6153 36
6154 36
6155 37
6156 37
6157 36
6158 35
6159 35
6160 34
6161 34
6162 35
6163 35
6164 34
6165 33
6166 33
6167 35
6168 35
6169 36
6170 36
6171 35
6172 34
6173 34
6174 21
6175 21
6176 22
6177 22
6178 21
6179 20
6180 20
6181 22
6182 22
6183 23
6184 23
6185 22
6186 21
6187 21
6188 24
6189 24
6190 25
6191 25
6192 24
6193 23
6194 23
6195 23
6196 23
6197 24
6198 24
6199 23
6200 22
6201 22
6202 20
6203 20
6204 21
6205 21
6206 20
6207 19
6208 19
6209 18
6210 18
6211 19
6212 19
6213 18
6214 17
6215 17
6216 19
6217 19
6218 20
6219 20
6220 19
6221 18
6222 18
6223 26
6224 26
6225 27
6226 27
6227 26
6228 25
6229 25
6230 27
6231 27
6232 28
6233 28
6234 27
6235 26
6236 26
6237 29
6238 29
6239 30
6240 30
6241 29
6242 28
6243 28
6244 28
6245 28
6246 29
6247 29
6248 28
6249 27
6250 27
6251 25
6252 25
6253 26
6254 26
6255 25
6256 24
6257 24
6258 23
6259 23
6260 24
6261 24
6262 23
6263 22
6264 22
6265 24
6266 24
6267 25
6268 25
6269 24
6270 23
6271 23
6272 29
6273 29
6274 30
6275 30
6276 29
6277 28
6278 28
6279 30
6280 30
6281 31
6282 31
6283 30
6284 29
6285 29
6286 32
6287 32
6288 33
6289 33
6290 32
6291 31
6292 31
6293 31
6294 31
6295 32
6296 32
6297 31
6298 30
6299 30
6300 28
6301 28
6302 29
6303 29
6304 28
6305 27
6306 27
6307 26
6308 26
6309 27
6310 27
6311 26
6312 25
6313 25
6314 27
6315 27
6316 28
6317 28
6318 27
6319 26
6320 26
6321 24
6322 24
6323 25
6324 25
6325 24
6326 23
6327 23
6328 25
6329 25
6330 26
6331 26
6332 25
6333 24
6334 24
6335 27
6336 27
6337 28
6338 28
6339 27
6340 26
6341 26
6342 26
6343 26
6344 27
6345 27
6346 26
6347 25
6348 25
6349 23
6350 23
6351 24
6352 24
6353 23
6354 22
6355 22
6356 21
6357 21
6358 22
6359 22
6360 21
6361 20
6362 20
6363 22
6364 22
6365 23
6366 23
6367 22
6368 21
6369 21
6370 16
6371 16
6372 17
6373 17
6374 16
6375 15
6376 15
6377 17
6378 17
6379 18
6380 18
6381 17
6382 16
6383 16
6384 19
6385 19
6386 20
6387 20
6388 19
6389 18
6390 18
6391 18
6392 18
6393 19
6394 19
6395 18
6396 17
6397 17
6398 15
6399 15
6400 16
6401 16
6402 15
6403 14
6404 14
6405 13
6406 13
6407 14
6408 14
6409 13
6410 12
6411 12
6412 14
6413 14
6414 15
6415 15
6416 14
6417 13
6418 13
6419 13
6420 13
6421 14
6422 14
6423 13
6424 12
6425 12
6426 14
6427 14
6428 15
6429 15
6430 14
6431 13
6432 13
6433 16
6434 16
6435 17
6436 17
6437 16
6438 15
6439 15
6440 15
6441 15
6442 16
6443 16
6444 15
6445 14
6446 14
6447 12
6448 12
6449 13
6450 13
6451 12
6452 11
6453 11
6454 10
6455 10
6456 11
6457 11
6458 10
6459 9
6460 9
6461 11
6462 11
6463 12
6464 12
6465 11
6466 10
6467 10
6468 18
6469 18
6470 19
6471 19
6472 18
6473 17
6474 17
6475 19
6476 19
6477 20
6478 20
6479 19
6480 18
6481 18
6482 21
6483 21
6484 22
6485 22
6486 21
6487 20
6488 20
6489 20
6490 20
6491 21
6492 21
6493 20
6494 19
6495 19
6496 17
6497 17
6498 18
6499 18
6500 17
6501 16
6502 16
6503 15
6504 15
6505 16
6506 16
6507 15
6508 14
6509 14
6510 16
6511 16
6512 17
6513 17
6514 16
6515 15
6516 15
6517 20
6518 20
6519 21
6520 21
6521 20
6522 19
6523 19
6524 21
6525 21
6526 22
6527 22
6528 21
6529 20
6530 20
6531 23
6532 23
6533 24
6534 24
6535 23
6536 22
6537 22
6538 22
6539 22
6540 23
6541 23
6542 22
6543 21
6544 21
6545 19
6546 19
6547 20
6548 20
6549 19
6550 18
6551 18
6552 17
6553 17
6554 18
6555 18
6556 17
6557 16
6558 16
6559 18
6560 18
6561 19
6562 19
6563 18
6564 17
6565 17
6566 25
6567 25
6568 26
6569 26
6570 25
6571 24
6572 24
6573 26
6574 26
6575 27
6576 27
6577 26
6578 25
6579 25
6580 28
6581 28
6582 29
6583 29
6584 28
6585 27
6586 27
6587 27
6588 27
6589 28
6590 28
6591 27
6592 26
6593 26
6594 24
6595 24
6596 25
6597 25
6598 24
6599 23
6600 23
6601 22
6602 22
6603 23
6604 23
6605 22
6606 21
6607 21
6608 23
6609 23
6610 24
6611 24
6612 23
6613 22
6614 22
6615 28
6616 28
6617 29
6618 29
6619 28
6620 27
6621 27
6622 29
6623 29
6624 30
6625 30
6626 29
6627 28
6628 28
6629 31
6630 31
6631 32
6632 32
6633 31
6634 30
6635 30
6636 30
6637 30
6638 31
6639 31
6640 30
6641 29
6642 29
6643 27
6644 27
6645 28
6646 28
6647 27
6648 26
6649 26
6650 25
6651 25
6652 26
6653 26
6654 25
6655 24
6656 24
6657 26
6658 26
6659 27
6660 27
6661 26
6662 25
6663 25
6664 23
6665 23
6666 24
6667 24
6668 23
6669 22
6670 22
6671 24
6672 24
6673 25
6674 25
6675 24
6676 23
6677 23
6678 26
6679 26
6680 27
6681 27
6682 26
6683 25
6684 25
6685 25
6686 25
6687 26
6688 26
6689 25
6690 24
6691 24
6692 22
6693 22
6694 23
6695 23
6696 22
6697 21
6698 21
6699 20
6700 20
6701 21
6702 21
6703 20
6704 19
6705 19
6706 21
6707 21
6708 22
6709 22
6710 21
6711 20
6712 20
6713 15
6714 15
6715 16
6716 16
6717 15
6718 14
6719 14
6720 16
6721 16
6722 17
6723 17
6724 16
6725 15
6726 15
6727 18
6728 18
6729 19
6730 19
6731 18
6732 17
6733 17
6734 17
6735 17
6736 18
6737 18
6738 17
6739 16
6740 16
6741 14
6742 14
6743 15
6744 15
6745 14
6746 13
6747 13
6748 12
6749 12
6750 13
6751 13
6752 12
6753 11
6754 11
6755 13
6756 13
6757 14
6758 14
6759 13
6760 12
6761 12
6762 12
6763 12
6764 13
6765 13
6766 12
6767 11
6768 11
6769 13
6770 13
6771 14
6772 14
6773 13
6774 12
6775 12
6776 15
6777 15
6778 16
6779 16
6780 15
6781 14
6782 14
6783 14
6784 14
6785 15
6786 15
6787 14
6788 13
6789 13
6790 11
6791 11
6792 12
6793 12
6794 11
6795 10
6796 10
6797 9
6798 9
6799 10
6800 10
6801 9
6802 8
6803 8
6804 10
6805 10
6806 11
6807 11
6808 10
6809 9
6810 9
6811 17
6812 17
6813 18
6814 18
6815 17
6816 16
6817 16
6818 18
6819 18
6820 19
6821 19
6822 18
6823 17
6824 17
6825 20
6826 20
6827 21
6828 21
6829 20
6830 19
6831 19
6832 19
6833 19
6834 20
6835 20
6836 19
6837 18
6838 18
6839 16
6840 16
6841 17
6842 17
6843 16
6844 15
6845 15
6846 14
6847 14
6848 15
6849 15
6850 14
6851 13
6852 13
6853 15
6854 15
6855 16
6856 16
6857 15
6858 14
6859 14
6860 38
6861 38
6862 39
6863 39
6864 38
6865 37
6866 37
6867 39
6868 39
6869 40
6870 40
6871 39
6872 38
6873 38
6874 41
6875 41
6876 42
6877 42
6878 41
6879 40
6880 40
6881 40
6882 40
6883 41
6884 41
6885 40
6886 39
6887 39
6888 37
6889 37
6890 38
6891 38
6892 37
6893 36
6894 36
6895 35
6896 35
6897 36
6898 36
6899 35
6900 34
6901 34
6902 36
6903 36
6904 37
6905 37
6906 36
6907 35
6908 35
6909 43
6910 43
6911 44
6912 44
6913 43
6914 42
6915 42
6916 44
6917 44
6918 45
6919 45
6920 44
6921 43
6922 43
6923 46
6924 46
6925 47
6926 47
6927 46
6928 45
6929 45
6930 45
6931 45
6932 46
6933 46
6934 45
6935 44
6936 44
6937 42
6938 42
6939 43
6940 43
6941 42
6942 41
6943 41
6944 40
6945 40
6946 41
6947 41
6948 40
6949 39
6950 39
6951 41
6952 41
6953 42
6954 42
6955 41
6956 40
6957 40
6958 46
6959 46
6960 47
6961 47
6962 46
6963 45
6964 45
6965 47
6966 47
6967 48
6968 48
6969 47
6970 46
6971 46
6972 49
6973 49
6974 50
6975 50
6976 49
6977 48
6978 48
6979 48
6980 48
6981 49
6982 49
6983 48
6984 47
6985 47
6986 45
6987 45
6988 46
6989 46
6990 45
6991 44
6992 44
6993 43
6994 43
6995 44
6996 44
6997 43
6998 42
6999 42
7000 44
7001 44
7002 45
7003 45
7004 44
7005 43
7006 43
7007 41
7008 41
7009 42
7010 42
7011 41
7012 40
7013 40
7014 42
7015 42
7016 43
7017 43
7018 42
7019 41
7020 41
7021 44
7022 44
7023 45
7024 45
7025 44
7026 43
7027 43
7028 43
7029 43
7030 44
7031 44
7032 43
7033 42
7034 42
7035 40
7036 40
7037 41
7038 41
7039 40
7040 39
7041 39
7042 38
7043 38
7044 39
7045 39
7046 38
7047 37
7048 37
7049 39
7050 39
7051 40
7052 40
7053 39
7054 38
7055 38
7056 33
7057 33
7058 34
7059 34
7060 33
7061 32
7062 32
7063 34
7064 34
7065 35
7066 35
7067 34
7068 33
7069 33
7070 36
7071 36
7072 37
7073 37
7074 36
7075 35
7076 35
7077 35
7078 35
7079 36
7080 36
7081 35
7082 34
7083 34
7084 32
7085 32
7086 33
7087 33
7088 32
7089 31
7090 31
7091 30
7092 30
7093 31
7094 31
7095 30
7096 29
7097 29
7098 31
7099 31
7100 32
7101 32
7102 31
7103 30
7104 30
7105 30
7106 30
7107 31
7108 31
7109 30
7110 29
7111 29
7112 31
7113 31
7114 32
7115 32
7116 31
7117 30
7118 30
7119 33
7120 33
7121 34
7122 34
7123 33
7124 32
7125 32
7126 32
7127 32
7128 33
7129 33
7130 32
7131 31
7132 31
7133 29
7134 29
7135 30
7136 30
7137 29
7138 28
7139 28
7140 27
7141 27
7142 28
7143 28
7144 27
7145 26
7146 26
7147 28
7148 28
7149 29
7150 29
7151 28
7152 27
7153 27
7154 35
7155 35
7156 36
7157 36
7158 35
7159 34
7160 34
7161 36
7162 36
7163 37
7164 37
7165 36
7166 35
7167 35
7168 38
7169 38
7170 39
7171 39
7172 38
7173 37
7174 37
7175 37
7176 37
7177 38
7178 38
7179 37
7180 36
7181 36
7182 34
7183 34
7184 35
7185 35
7186 34
7187 33
7188 33
7189 32
7190 32
7191 33
7192 33
7193 32
7194 31
7195 31
7196 33
7197 33
7198 34
7199 34
7200 33
7201 32
7202 32
7203 -16
7204 -16
7205 -15
7206 -15
7207 -16
7208 -17
7209 -17
7210 -15
7211 -15
7212 -14
7213 -14
7214 -15
7215 -16
7216 -16
7217 -13
7218 -13
7219 -12
7220 -12
7221 -13
7222 -14
7223 -14
7224 -14
7225 -14
7226 -13
7227 -13
7228 -14
7229 -15
7230 -15
7231 -17
7232 -17
7233 -16
7234 -16
7235 -17
7236 -18
7237 -18
7238 -19
7239 -19
7240 -18
7241 -18
7242 -19
7243 -20
7244 -20
7245 -18
7246 -18
7247 -17
7248 -17
7249 -18
7250 -19
7251 -19
7252 -11
7253 -11
7254 -10
7255 -10
7256 -11
7257 -12
7258 -12
7259 -10
7260 -10
7261 -9
7262 -9
7263 -10
7264 -11
7265 -11
7266 -8
7267 -8
7268 -7
7269 -7
7270 -8
7271 -9
7272 -9
7273 -9
7274 -9
7275 -8
7276 -8
7277 -9
7278 -10
7279 -10
7280 -12
7281 -12
7282 -11
7283 -11
7284 -12
7285 -13
7286 -13
7287 -14
7288 -14
7289 -13
7290 -13
7291 -14
7292 -15
7293 -15
7294 -13
7295 -13
7296 -12
7297 -12
7298 -13
7299 -14
7300 -14
7301 -8
7302 -8
7303 -7
7304 -7
7305 -8
7306 -9
7307 -9
7308 -7
7309 -7
7310 -6
7311 -6
7312 -7
7313 -8
7314 -8
7315 -5
7316 -5
7317 -4
7318 -4
7319 -5
7320 -6
7321 -6
7322 -6
7323 -6
7324 -5
7325 -5
7326 -6
7327 -7
7328 -7
7329 -9
7330 -9
7331 -8
7332 -8
7333 -9
7334 -10
7335 -10
7336 -11
7337 -11
7338 -10
7339 -10
7340 -11
7341 -12
7342 -12
7343 -10
7344 -10
7345 -9
7346 -9
7347 -10
7348 -11
7349 -11
7350 -13
7351 -13
7352 -12
7353 -12
7354 -13
7355 -14
7356 -14
7357 -12
7358 -12
7359 -11
7360 -11
7361 -12
7362 -13
7363 -13
7364 -10
7365 -10
7366 -9
7367 -9
7368 -10
7369 -11
7370 -11
7371 -11
7372 -11
7373 -10
7374 -10
7375 -11
7376 -12
7377 -12
7378 -14
7379 -14
7380 -13
7381 -13
7382 -14
7383 -15
7384 -15
7385 -16
7386 -16
7387 -15
7388 -15
7389 -16
7390 -17
7391 -17
7392 -15
7393 -15
7394 -14
7395 -14
7396 -15
7397 -16
7398 -16
7399 -21
7400 -21
7401 -20
7402 -20
7403 -21
7404 -22
7405 -22
7406 -20
7407 -20
7408 -19
7409 -19
7410 -20
7411 -21
7412 -21
7413 -18
7414 -18
7415 -17
7416 -17
7417 -18
7418 -19
7419 -19
7420 -19
7421 -19
7422 -18
7423 -18
7424 -19
7425 -20
7426 -20
7427 -22
7428 -22
7429 -21
7430 -21
7431 -22
7432 -23
7433 -23
7434 -24
7435 -24
7436 -23
7437 -23
7438 -24
7439 -25
7440 -25
7441 -23
7442 -23
7443 -22
7444 -22
7445 -23
7446 -24
7447 -24
7448 -24
7449 -24
7450 -23
7451 -23
7452 -24
7453 -25
7454 -25
7455 -23
7456 -23
7457 -22
7458 -22
7459 -23
7460 -24
7461 -24
7462 -21
7463 -21
7464 -20
7465 -20
7466 -21
7467 -22
7468 -22
7469 -22
7470 -22
7471 -21
7472 -21
7473 -22
7474 -23
7475 -23
7476 -25
7477 -25
7478 -24
7479 -24
7480 -25
7481 -26
7482 -26
7483 -27
7484 -27
7485 -26
7486 -26
7487 -27
7488 -28
7489 -28
7490 -26
7491 -26
7492 -25
7493 -25
7494 -26
7495 -27
7496 -27
7497 -19
7498 -19
7499 -18
7500 -18
7501 -19
7502 -20
7503 -20
7504 -18
7505 -18
7506 -17
7507 -17
7508 -18
7509 -19
7510 -19
7511 -16
7512 -16
7513 -15
7514 -15
7515 -16
7516 -17
7517 -17
7518 -17
7519 -17
7520 -16
7521 -16
7522 -17
7523 -18
7524 -18
7525 -20
7526 -20
7527 -19
7528 -19
7529 -20
7530 -21
7531 -21
7532 -22
7533 -22
7534 -21
7535 -21
7536 -22
7537 -23
7538 -23
7539 -21
7540 -21
7541 -20
7542 -20
7543 -21
7544 -22
7545 -22
7546 2
7547 2
7548 3
7549 3
7550 2
7551 1
7552 1
7553 3
7554 3
7555 4
7556 4
7557 3
7558 2
7559 2
7560 5
7561 5
7562 6
7563 6
7564 5
7565 4
7566 4
7567 4
7568 4
7569 5
7570 5
7571 4
7572 3
7573 3
7574 1
7575 1
7576 2
7577 2
7578 1
7579 0
7580 0
7581 -1
7582 -1
7583 0
7584 0
7585 -1
7586 -2
7587 -2
7588 0
7589 0
7590 1
7591 1
7592 0
7593 -1
7594 -1
7595 7
7596 7
7597 8
7598 8
7599 7
7600 6
7601 6
7602 8
7603 8
7604 9
7605 9
7606 8
7607 7
7608 7
7609 10
7610 10
7611 11
7612 11
7613 10
7614 9
7615 9
7616 9
7617 9
7618 10
7619 10
7620 9
7621 8
7622 8
7623 6
7624 6
7625 7
7626 7
7627 6
7628 5
7629 5
7630 4
7631 4
7632 5
7633 5
7634 4
7635 3
7636 3
7637 5
7638 5
7639 6
7640 6
7641 5
7642 4
7643 4
7644 10
7645 10
7646 11
7647 11
7648 10
7649 9
7650 9
7651 11
7652 11
7653 12
7654 12
7655 11
7656 10
7657 10
7658 13
7659 13
7660 14
7661 14
7662 13
7663 12
7664 12
7665 12
7666 12
7667 13
7668 13
7669 12
7670 11
7671 11
7672 9
7673 9
7674 10
7675 10
7676 9
7677 8
7678 8
7679 7
7680 7
7681 8
7682 8
7683 7
7684 6
7685 6
7686 8
7687 8
7688 9
7689 9
7690 8
7691 7
7692 7
7693 5
7694 5
7695 6
7696 6
7697 5
7698 4
7699 4
7700 6
7701 6
7702 7
7703 7
7704 6
7705 5
7706 5
7707 8
7708 8
7709 9
7710 9
7711 8
7712 7
7713 7
7714 7
7715 7
7716 8
7717 8
7718 7
7719 6
7720 6
7721 4
7722 4
7723 5
7724 5
7725 4
7726 3
7727 3
7728 2
7729 2
7730 3
7731 3
7732 2
7733 1
7734 1
7735 3
7736 3
7737 4
7738 4
7739 3
7740 2
7741 2
7742 -3
7743 -3
7744 -2
7745 -2
7746 -3
7747 -4
7748 -4
7749 -2
7750 -2
7751 -1
7752 -1
7753 -2
7754 -3
7755 -3
7756 0
7757 0
7758 1
7759 1
7760 0
7761 -1
7762 -1
7763 -1
7764 -1
7765 0
7766 0
7767 -1
7768 -2
7769 -2
7770 -4
7771 -4
7772 -3
7773 -3
7774 -4
7775 -5
7776 -5
7777 -6
7778 -6
7779 -5
7780 -5
7781 -6
7782 -7
7783 -7
7784 -5
7785 -5
7786 -4
7787 -4
7788 -5
7789 -6
7790 -6
7791 -6
7792 -6
7793 -5
7794 -5
7795 -6
7796 -7
7797 -7
7798 -5
7799 -5
7800 -4
7801 -4
7802 -5
7803 -6
7804 -6
7805 -3
7806 -3
7807 -2
7808 -2
7809 -3
7810 -4
7811 -4
7812 -4
7813 -4
7814 -3
7815 -3
7816 -4
7817 -5
7818 -5
7819 -7
7820 -7
7821 -6
7822 -6
7823 -7
7824 -8
7825 -8
7826 -9
7827 -9
7828 -8
7829 -8
7830 -9
7831 -10
7832 -10
7833 -8
7834 -8
7835 -7
7836 -7
7837 -8
7838 -9
7839 -9
7840 -1
7841 -1
7842 0
7843 0
7844 -1
7845 -2
7846 -2
7847 0
7848 0
7849 1
7850 1
7851 0
7852 -1
7853 -1
7854 2
7855 2
7856 3
7857 3
7858 2
7859 1
7860 1
7861 1
7862 1
7863 2
7864 2
7865 1
7866 0
7867 0
7868 -2
7869 -2
7870 -1
7871 -1
7872 -2
7873 -3
7874 -3
7875 -4
7876 -4
7877 -3
7878 -3
7879 -4
7880 -5
7881 -5
7882 -3
7883 -3
7884 -2
7885 -2
7886 -3
7887 -4
7888 -4
7889 3
7890 3
7891 4
7892 4
7893 3
7894 2
7895 2
7896 4
7897 4
7898 5
7899 5
7900 4
7901 3
7902 3
7903 6
7904 6
7905 7
7906 7
7907 6
7908 5
7909 5
7910 5
7911 5
7912 6
7913 6
7914 5
7915 4
7916 4
7917 2
7918 2
7919 3
7920 3
7921 2
7922 1
7923 1
7924 0
7925 0
7926 1
7927 1
7928 0
7929 -1
7930 -1
7931 1
7932 1
7933 2
7934 2
7935 1
7936 0
7937 0
7938 8
7939 8
7940 9
7941 9
7942 8
7943 7
7944 7
7945 9
7946 9
7947 10
7948 10
7949 9
7950 8
7951 8
7952 11
7953 11
7954 12
7955 12
7956 11
7957 10
7958 10
7959 10
7960 10
7961 11
7962 11
7963 10
7964 9
7965 9
7966 7
7967 7
7968 8
7969 8
7970 7
7971 6
7972 6
7973 5
7974 5
7975 6
7976 6
7977 5
7978 4
7979 4
7980 6
7981 6
7982 7
7983 7
7984 6
7985 5
7986 5
7987 11
7988 11
7989 12
7990 12
7991 11
7992 10
7993 10
7994 12
7995 12
7996 13
7997 13
7998 12
7999 11
8000 11
8001 14
8002 14
8003 15
8004 15
8005 14
8006 13
8007 13
8008 13
8009 13
8010 14
8011 14
8012 13
8013 12
8014 12
8015 10
8016 10
8017 11
8018 11
8019 10
8020 9
8021 9
8022 8
8023 8
8024 9
8025 9
8026 8
8027 7
8028 7
8029 9
8030 9
8031 10
8032 10
8033 9
8034 8
8035 8
8036 6
8037 6
8038 7
8039 7
8040 6
8041 5
8042 5
8043 7
8044 7
8045 8
8046 8
8047 7
8048 6
8049 6
8050 9
8051 9
8052 10
8053 10
8054 9
8055 8
8056 8
8057 8
8058 8
8059 9
8060 9
8061 8
8062 7
8063 7
8064 5
8065 5
8066 6
8067 6
8068 5
8069 4
8070 4
8071 3
8072 3
8073 4
8074 4
8075 3
8076 2
8077 2
8078 4
8079 4
8080 5
8081 5
8082 4
8083 3
8084 3
8085 -2
8086 -2
8087 -1
8088 -1
8089 -2
8090 -3
8091 -3
8092 -1
8093 -1
8094 0
8095 0
8096 -1
8097 -2
8098 -2
8099 1
8100 1
8101 2
8102 2
8103 1
8104 0
8105 0
8106 0
8107 0
8108 1
8109 1
8110 0
8111 -1
8112 -1
8113 -3
8114 -3
8115 -2
8116 -2
8117 -3
8118 -4
8119 -4
8120 -5
8121 -5
8122 -4
8123 -4
8124 -5
8125 -6
8126 -6
8127 -4
8128 -4
8129 -3
8130 -3
8131 -4
8132 -5
8133 -5
8134 -5
8135 -5
8136 -4
8137 -4
8138 -5
8139 -6
8140 -6
8141 -4
8142 -4
8143 -3
8144 -3
8145 -4
8146 -5
8147 -5
8148 -2
8149 -2
8150 -1
8151 -1
8152 -2
8153 -3
8154 -3
8155 -3
8156 -3
8157 -2
8158 -2
8159 -3
8160 -4
8161 -4
8162 -6
8163 -6
8164 -5
8165 -5
8166 -6
8167 -7
8168 -7
8169 -8
8170 -8
8171 -7
8172 -7
8173 -8
8174 -9
8175 -9
8176 -7
8177 -7
8178 -6
8179 -6
8180 -7
8181 -8
8182 -8
8183 0
8184 0
8185 1
8186 1
8187 0
8188 -1
8189 -1
8190 1
8191 1
8192 2
8193 2
8194 1
8195 0
8196 0
8197 3
8198 3
8199 4
8200 4
8201 3
8202 2
8203 2
8204 2
8205 2
8206 3
8207 3
8208 2
8209 1
8210 1
8211 -1
8212 -1
8213 0
8214 0
8215 -1
8216 -2
8217 -2
8218 -3
8219 -3
8220 -2
8221 -2
8222 -3
8223 -4
8224 -4
8225 -2
8226 -2
8227 -1
8228 -1
8229 -2
8230 -3
8231 -3
8232 -15
8233 -15
8234 -14
8235 -14
8236 -15
8237 -16
8238 -16
8239 -14
8240 -14
8241 -13
8242 -13
8243 -14
8244 -15
8245 -15
8246 -12
8247 -12
8248 -11
8249 -11
8250 -12
8251 -13
8252 -13
8253 -13
8254 -13
8255 -12
8256 -12
8257 -13
8258 -14
8259 -14
8260 -16
8261 -16
8262 -15
8263 -15
8264 -16
8265 -17
8266 -17
8267 -18
8268 -18
8269 -17
8270 -17
8271 -18
8272 -19
8273 -19
8274 -17
8275 -17
8276 -16
8277 -16
8278 -17
8279 -18
8280 -18
8281 -10
8282 -10
8283 -9
8284 -9
8285 -10
8286 -11
8287 -11
8288 -9
8289 -9
8290 -8
8291 -8
8292 -9
8293 -10
8294 -10
8295 -7
8296 -7
8297 -6
8298 -6
8299 -7
8300 -8
8301 -8
8302 -8
8303 -8
8304 -7
8305 -7
8306 -8
8307 -9
8308 -9
8309 -11
8310 -11
8311 -10
8312 -10
8313 -11
8314 -12
8315 -12
8316 -13
8317 -13
8318 -12
8319 -12
8320 -13
8321 -14
8322 -14
8323 -12
8324 -12
8325 -11
8326 -11
8327 -12
8328 -13
8329 -13
8330 -7
8331 -7
8332 -6
8333 -6
8334 -7
8335 -8
8336 -8
8337 -6
8338 -6
8339 -5
8340 -5
8341 -6
8342 -7
8343 -7
8344 -4
8345 -4
8346 -3
8347 -3
8348 -4
8349 -5
8350 -5
8351 -5
8352 -5
8353 -4
8354 -4
8355 -5
8356 -6
8357 -6
8358 -8
8359 -8
8360 -7
8361 -7
8362 -8
8363 -9
8364 -9
8365 -10
8366 -10
8367 -9
8368 -9
8369 -10
8370 -11
8371 -11
8372 -9
8373 -9
8374 -8
8375 -8
8376 -9
8377 -10
8378 -10
8379 -12
8380 -12
8381 -11
8382 -11
8383 -12
8384 -13
8385 -13
8386 -11
8387 -11
8388 -10
8389 -10
8390 -11
8391 -12
8392 -12
8393 -9
8394 -9
8395 -8
8396 -8
8397 -9
8398 -10
8399 -10
8400 -10
8401 -10
8402 -9
8403 -9
8404 -10
8405 -11
8406 -11
8407 -13
8408 -13
8409 -12
8410 -12
8411 -13
8412 -14
8413 -14
8414 -15
8415 -15
8416 -14
8417 -14
8418 -15
8419 -16
8420 -16
8421 -14
8422 -14
8423 -13
8424 -13
8425 -14
8426 -15
8427 -15
8428 -20
8429 -20
8430 -19
8431 -19
8432 -20
8433 -21
8434 -21
8435 -19
8436 -19
8437 -18
8438 -18
8439 -19
8440 -20
8441 -20
8442 -17
8443 -17
8444 -16
8445 -16
8446 -17
8447 -18
8448 -18
8449 -18
8450 -18
8451 -17
8452 -17
8453 -18
8454 -19
8455 -19
8456 -21
8457 -21
8458 -20
8459 -20
8460 -21
8461 -22
8462 -22
8463 -23
8464 -23
8465 -22
8466 -22
8467 -23
8468 -24
8469 -24
8470 -22
8471 -22
8472 -21
8473 -21
8474 -22
8475 -23
8476 -23
8477 -23
8478 -23
8479 -22
8480 -22
8481 -23
8482 -24
8483 -24
8484 -22
8485 -22
8486 -21
8487 -21
8488 -22
8489 -23
8490 -23
8491 -20
8492 -20
8493 -19
8494 -19
8495 -20
8496 -21
8497 -21
8498 -21
8499 -21
8500 -20
8501 -20
8502 -21
8503 -22
8504 -22
8505 -24
8506 -24
8507 -23
8508 -23
8509 -24
8510 -25
8511 -25
8512 -26
8513 -26
8514 -25
8515 -25
8516 -26
8517 -27
8518 -27
8519 -25
8520 -25
8521 -24
8522 -24
8523 -25
8524 -26
8525 -26
8526 -18
8527 -18
8528 -17
8529 -17
8530 -18
8531 -19
8532 -19
8533 -17
8534 -17
8535 -16
8536 -16
8537 -17
8538 -18
8539 -18
8540 -15
8541 -15
8542 -14
8543 -14
8544 -15
8545 -16
8546 -16
8547 -16
8548 -16
8549 -15
8550 -15
8551 -16
8552 -17
8553 -17
8554 -19
8555 -19
8556 -18
8557 -18
8558 -19
8559 -20
8560 -20
8561 -21
8562 -21
8563 -20
8564 -20
8565 -21
8566 -22
8567 -22
8568 -20
8569 -20
8570 -19
8571 -19
8572 -20
8573 -21
8574 -21
8575 -34
8576 -34
8577 -33
8578 -33
8579 -34
8580 -35
8581 -35
8582 -33
8583 -33
8584 -32
8585 -32
8586 -33
8587 -34
8588 -34
8589 -31
8590 -31
8591 -30
8592 -30
8593 -31
8594 -32
8595 -32
8596 -32
8597 -32
8598 -31
8599 -31
8600 -32
8601 -33
8602 -33
8603 -35
8604 -35
8605 -34
8606 -34
8607 -35
8608 -36
8609 -36
8610 -37
8611 -37
8612 -36
8613 -36
8614 -37
8615 -38
8616 -38
8617 -36
8618 -36
8619 -35
8620 -35
8621 -36
8622 -37
8623 -37
8624 -29
8625 -29
8626 -28
8627 -28
8628 -29
8629 -30
8630 -30
8631 -28
8632 -28
8633 -27
8634 -27
8635 -28
8636 -29
8637 -29
8638 -26
8639 -26
8640 -25
8641 -25
8642 -26
8643 -27
8644 -27
8645 -27
8646 -27
8647 -26
8648 -26
8649 -27
8650 -28
8651 -28
8652 -30
8653 -30
8654 -29
8655 -29
8656 -30
8657 -31
8658 -31
8659 -32
8660 -32
8661 -31
8662 -31
8663 -32
8664 -33
8665 -33
8666 -31
8667 -31
8668 -30
8669 -30
8670 -31
8671 -32
8672 -32
8673 -26
8674 -26
8675 -25
8676 -25
8677 -26
8678 -27
8679 -27
8680 -25
8681 -25
8682 -24
8683 -24
8684 -25
8685 -26
8686 -26
8687 -23
8688 -23
8689 -22
8690 -22
8691 -23
8692 -24
8693 -24
8694 -24
8695 -24
8696 -23
8697 -23
8698 -24
8699 -25
8700 -25
8701 -27
8702 -27
8703 -26
8704 -26
8705 -27
8706 -28
8707 -28
8708 -29
8709 -29
8710 -28
8711 -28
8712 -29
8713 -30
8714 -30
8715 -28
8716 -28
8717 -27
8718 -27
8719 -28
8720 -29
8721 -29
8722 -31
8723 -31
8724 -30
8725 -30
8726 -31
8727 -32
8728 -32
8729 -30
8730 -30
8731 -29
8732 -29
8733 -30
8734 -31
8735 -31
8736 -28
8737 -28
8738 -27
8739 -27
8740 -28
8741 -29
8742 -29
8743 -29
8744 -29
8745 -28
8746 -28
8747 -29
8748 -30
8749 -30
8750 -32
8751 -32
8752 -31
8753 -31
8754 -32
8755 -33
8756 -33
8757 -34
8758 -34
8759 -33
8760 -33
8761 -34
8762 -35
8763 -35
8764 -33
8765 -33
8766 -32
8767 -32
8768 -33
8769 -34
8770 -34
8771 -39
8772 -39
8773 -38
8774 -38
8775 -39
8776 -40
8777 -40
8778 -38
8779 -38
8780 -37
8781 -37
8782 -38
8783 -39
8784 -39
8785 -36
8786 -36
8787 -35
8788 -35
8789 -36
8790 -37
8791 -37
8792 -37
8793 -37
8794 -36
8795 -36
8796 -37
8797 -38
8798 -38
8799 -40
8800 -40
8801 -39
8802 -39
8803 -40
8804 -41
8805 -41
8806 -42
8807 -42
8808 -41
8809 -41
8810 -42
8811 -43
8812 -43
8813 -41
8814 -41
8815 -40
8816 -40
8817 -41
8818 -42
8819 -42
8820 -42
8821 -42
8822 -41
8823 -41
8824 -42
8825 -43
8826 -43
8827 -41
8828 -41
8829 -40
8830 -40
8831 -41
8832 -42
8833 -42
8834 -39
8835 -39
8836 -38
8837 -38
8838 -39
8839 -40
8840 -40
8841 -40
8842 -40
8843 -39
8844 -39
8845 -40
8846 -41
8847 -41
8848 -43
8849 -43
8850 -42
8851 -42
8852 -43
8853 -44
8854 -44
8855 -45
8856 -45
8857 -44
8858 -44
8859 -45
8860 -46
8861 -46
8862 -44
8863 -44
8864 -43
8865 -43
8866 -44
8867 -45
8868 -45
8869 -37
8870 -37
8871 -36
8872 -36
8873 -37
8874 -38
8875 -38
8876 -36
8877 -36
8878 -35
8879 -35
8880 -36
8881 -37
8882 -37
8883 -34
8884 -34
8885 -33
8886 -33
8887 -34
8888 -35
8889 -35
8890 -35
8891 -35
8892 -34
8893 -34
8894 -35
8895 -36
8896 -36
8897 -38
8898 -38
8899 -37
8900 -37
8901 -38
8902 -39
8903 -39
8904 -40
8905 -40
8906 -39
8907 -39
8908 -40
8909 -41
8910 -41
8911 -39
8912 -39
8913 -38
8914 -38
8915 -39
8916 -40
8917 -40
8918 -35
8919 -35
8920 -34
8921 -34
8922 -35
8923 -36
8924 -36
8925 -34
8926 -34
8927 -33
8928 -33
8929 -34
8930 -35
8931 -35
8932 -32
8933 -32
8934 -31
8935 -31
8936 -32
8937 -33
8938 -33
8939 -33
8940 -33
8941 -32
8942 -32
8943 -33
8944 -34
8945 -34
8946 -36
8947 -36
8948 -35
8949 -35
8950 -36
8951 -37
8952 -37
8953 -38
8954 -38
8955 -37
8956 -37
8957 -38
8958 -39
8959 -39
8960 -37
8961 -37
8962 -36
8963 -36
8964 -37
8965 -38
8966 -38
8967 -30
8968 -30
8969 -29
8970 -29
8971 -30
8972 -31
8973 -31
8974 -29
8975 -29
8976 -28
8977 -28
8978 -29
8979 -30
8980 -30
8981 -27
8982 -27
8983 -26
8984 -26
8985 -27
8986 -28
8987 -28
8988 -28
8989 -28
8990 -27
8991 -27
8992 -28
8993 -29
8994 -29
8995 -31
8996 -31
8997 -30
8998 -30
8999 -31
9000 -32
9001 -32
9002 -33
9003 -33
9004 -32
9005 -32
9006 -33
9007 -34
9008 -34
9009 -32
9010 -32
9011 -31
9012 -31
9013 -32
9014 -33
9015 -33
9016 -27
9017 -27
9018 -26
9019 -26
9020 -27
9021 -28
9022 -28
9023 -26
9024 -26
9025 -25
9026 -25
9027 -26
9028 -27
9029 -27
9030 -24
9031 -24
9032 -23
9033 -23
9034 -24
9035 -25
9036 -25
9037 -25
9038 -25
9039 -24
9040 -24
9041 -25
9042 -26
9043 -26
9044 -28
9045 -28
9046 -27
9047 -27
9048 -28
9049 -29
9050 -29
9051 -30
9052 -30
9053 -29
9054 -29
9055 -30
9056 -31
9057 -31
9058 -29
9059 -29
9060 -28
9061 -28
9062 -29
9063 -30
9064 -30
9065 -32
9066 -32
9067 -31
9068 -31
9069 -32
9070 -33
9071 -33
9072 -31
9073 -31
9074 -30
9075 -30
9076 -31
9077 -32
9078 -32
9079 -29
9080 -29
9081 -28
9082 -28
9083 -29
9084 -30
9085 -30
9086 -30
9087 -30
9088 -29
9089 -29
9090 -30
9091 -31
9092 -31
9093 -33
9094 -33
9095 -32
9096 -32
9097 -33
9098 -34
9099 -34
9100 -35
9101 -35
9102 -34
9103 -34
9104 -35
9105 -36
9106 -36
9107 -34
9108 -34
9109 -33
9110 -33
9111 -34
9112 -35
9113 -35
9114 -40
9115 -40
9116 -39
9117 -39
9118 -40
9119 -41
9120 -41
9121 -39
9122 -39
9123 -38
9124 -38
9125 -39
9126 -40
9127 -40
9128 -37
9129 -37
9130 -36
9131 -36
9132 -37
9133 -38
9134 -38
9135 -38
9136 -38
9137 -37
9138 -37
9139 -38
9140 -39
9141 -39
9142 -41
9143 -41
9144 -40
9145 -40
9146 -41
9147 -42
9148 -42
9149 -43
9150 -43
9151 -42
9152 -42
9153 -43
9154 -44
9155 -44
9156 -42
9157 -42
9158 -41
9159 -41
9160 -42
9161 -43
9162 -43
9163 -43
9164 -43
9165 -42
9166 -42
9167 -43
9168 -44
9169 -44
9170 -42
9171 -42
9172 -41
9173 -41
9174 -42
9175 -43
9176 -43
9177 -40
9178 -40
9179 -39
9180 -39
9181 -40
9182 -41
9183 -41
9184 -41
9185 -41
9186 -40
9187 -40
9188 -41
9189 -42
9190 -42
9191 -44
9192 -44
9193 -43
9194 -43
9195 -44
9196 -45
9197 -45
9198 -46
9199 -46
9200 -45
9201 -45
9202 -46
9203 -47
9204 -47
9205 -45
9206 -45
9207 -44
9208 -44
9209 -45
9210 -46
9211 -46
9212 -38
9213 -38
9214 -37
9215 -37
9216 -38
9217 -39
9218 -39
9219 -37
9220 -37
9221 -36
9222 -36
9223 -37
9224 -38
9225 -38
9226 -35
9227 -35
9228 -34
9229 -34
9230 -35
9231 -36
9232 -36
9233 -36
9234 -36
9235 -35
9236 -35
9237 -36
9238 -37
9239 -37
9240 -39
9241 -39
9242 -38
9243 -38
9244 -39
9245 -40
9246 -40
9247 -41
9248 -41
9249 -40
9250 -40
9251 -41
9252 -42
9253 -42
9254 -40
9255 -40
9256 -39
9257 -39
9258 -40
9259 -41
9260 -41
9261 -17
9262 -17
9263 -16
9264 -16
9265 -17
9266 -18
9267 -18
9268 -16
9269 -16
9270 -15
9271 -15
9272 -16
9273 -17
9274 -17
9275 -14
9276 -14
9277 -13
9278 -13
9279 -14
9280 -15
9281 -15
9282 -15
9283 -15
9284 -14
9285 -14
9286 -15
9287 -16
9288 -16
9289 -18
9290 -18
9291 -17
9292 -17
9293 -18
9294 -19
9295 -19
9296 -20
9297 -20
9298 -19
9299 -19
9300 -20
9301 -21
9302 -21
9303 -19
9304 -19
9305 -18
9306 -18
9307 -19
9308 -20
9309 -20
9310 -12
9311 -12
9312 -11
9313 -11
9314 -12
9315 -13
9316 -13
9317 -11
9318 -11
9319 -10
9320 -10
9321 -11
9322 -12
9323 -12
9324 -9
9325 -9
9326 -8
9327 -8
9328 -9
9329 -10
9330 -10
9331 -10
9332 -10
9333 -9
9334 -9
9335 -10
9336 -11
9337 -11
9338 -13
9339 -13
9340 -12
9341 -12
9342 -13
9343 -14
9344 -14
9345 -15
9346 -15
9347 -14
9348 -14
9349 -15
9350 -16
9351 -16
9352 -14
9353 -14
9354 -13
9355 -13
9356 -14
9357 -15
9358 -15
9359 -9
9360 -9
9361 -8
9362 -8
9363 -9
9364 -10
9365 -10
9366 -8
9367 -8
9368 -7
9369 -7
9370 -8
9371 -9
9372 -9
9373 -6
9374 -6
9375 -5
9376 -5
9377 -6
9378 -7
9379 -7
9380 -7
9381 -7
9382 -6
9383 -6
9384 -7
9385 -8
9386 -8
9387 -10
9388 -10
9389 -9
9390 -9
9391 -10
9392 -11
9393 -11
9394 -12
9395 -12
9396 -11
9397 -11
9398 -12
9399 -13
9400 -13
9401 -11
9402 -11
9403 -10
9404 -10
9405 -11
9406 -12
9407 -12
9408 -14
9409 -14
9410 -13
9411 -13
9412 -14
9413 -15
9414 -15
9415 -13
9416 -13
9417 -12
9418 -12
9419 -13
9420 -14
9421 -14
9422 -11
9423 -11
9424 -10
9425 -10
9426 -11
9427 -12
9428 -12
9429 -12
9430 -12
9431 -11
9432 -11
9433 -12
9434 -13
9435 -13
9436 -15
9437 -15
9438 -14
9439 -14
9440 -15
9441 -16
9442 -16
9443 -17
9444 -17
9445 -16
9446 -16
9447 -17
9448 -18
9449 -18
9450 -16
9451 -16
9452 -15
9453 -15
9454 -16
9455 -17
9456 -17
9457 -22
9458 -22
9459 -21
9460 -21
9461 -22
9462 -23
9463 -23
9464 -21
9465 -21
9466 -20
9467 -20
9468 -21
9469 -22
9470 -22
9471 -19
9472 -19
9473 -18
9474 -18
9475 -19
9476 -20
9477 -20
9478 -20
9479 -20
9480 -19
9481 -19
9482 -20
9483 -21
9484 -21
9485 -23
9486 -23
9487 -22
9488 -22
9489 -23
9490 -24
9491 -24
9492 -25
9493 -25
9494 -24
9495 -24
9496 -25
9497 -26
9498 -26
9499 -24
9500 -24
9501 -23
9502 -23
9503 -24
9504 -25
9505 -25
9506 -25
9507 -25
9508 -24
9509 -24
9510 -25
9511 -26
9512 -26
9513 -24
9514 -24
9515 -23
9516 -23
9517 -24
9518 -25
9519 -25
9520 -22
9521 -22
9522 -21
9523 -21
9524 -22
9525 -23
9526 -23
9527 -23
9528 -23
9529 -22
9530 -22
9531 -23
9532 -24
9533 -24
9534 -26
9535 -26
9536 -25
9537 -25
9538 -26
9539 -27
9540 -27
9541 -28
9542 -28
9543 -27
9544 -27
9545 -28
9546 -29
9547 -29
9548 -27
9549 -27
9550 -26
9551 -26
9552 -27
9553 -28
9554 -28
9555 -20
9556 -20
9557 -19
9558 -19
9559 -20
9560 -21
9561 -21
9562 -19
9563 -19
9564 -18
9565 -18
9566 -19
9567 -20
9568 -20
9569 -17
9570 -17
9571 -16
9572 -16
9573 -17
9574 -18
9575 -18
9576 -18
9577 -18
9578 -17
9579 -17
9580 -18
9581 -19
9582 -19
9583 -21
9584 -21
9585 -20
9586 -20
9587 -21
9588 -22
9589 -22
9590 -23
9591 -23
9592 -22
9593 -22
9594 -23
9595 -24
9596 -24
9597 -22
9598 -22
9599 -21
9600 -21
9601 -22
9602 -23
9603 -23
9604 -55
9605 -55
9606 -54
9607 -54
9608 -55
9609 -56
9610 -56
9611 -54
9612 -54
9613 -53
9614 -53
9615 -54
9616 -55
9617 -55
9618 -52
9619 -52
9620 -51
9621 -51
9622 -52
9623 -53
9624 -53
9625 -53
9626 -53
9627 -52
9628 -52
9629 -53
9630 -54
9631 -54
9632 -56
9633 -56
9634 -55
9635 -55
9636 -56
9637 -57
9638 -57
9639 -58
9640 -58
9641 -57
9642 -57
9643 -58
9644 -59
9645 -59
9646 -57
9647 -57
9648 -56
9649 -56
9650 -57
9651 -58
9652 -58
9653 -50
9654 -50
9655 -49
9656 -49
9657 -50
9658 -51
9659 -51
9660 -49
9661 -49
9662 -48
9663 -48
9664 -49
9665 -50
9666 -50
9667 -47
9668 -47
9669 -46
9670 -46
9671 -47
9672 -48
9673 -48
9674 -48
9675 -48
9676 -47
9677 -47
9678 -48
9679 -49
9680 -49
9681 -51
9682 -51
9683 -50
9684 -50
9685 -51
9686 -52
9687 -52
9688 -53
9689 -53
9690 -52
9691 -52
9692 -53
9693 -54
9694 -54
9695 -52
9696 -52
9697 -51
9698 -51
9699 -52
9700 -53
9701 -53
9702 -47
9703 -47
9704 -46
9705 -46
9706 -47
9707 -48
9708 -48
9709 -46
9710 -46
9711 -45
9712 -45
9713 -46
9714 -47
9715 -47
9716 -44
9717 -44
9718 -43
9719 -43
9720 -44
9721 -45
9722 -45
9723 -45
9724 -45
9725 -44
9726 -44
9727 -45
9728 -46
9729 -46
9730 -48
9731 -48
9732 -47
9733 -47
9734 -48
9735 -49
9736 -49
9737 -50
9738 -50
9739 -49
9740 -49
9741 -50
9742 -51
9743 -51
9744 -49
9745 -49
9746 -48
9747 -48
9748 -49
9749 -50
9750 -50
9751 -52
9752 -52
9753 -51
9754 -51
9755 -52
9756 -53
9757 -53
9758 -51
9759 -51
9760 -50
9761 -50
9762 -51
9763 -52
9764 -52
9765 -49
9766 -49
9767 -48
9768 -48
9769 -49
9770 -50
9771 -50
9772 -50
9773 -50
9774 -49
9775 -49
9776 -50
9777 -51
9778 -51
9779 -53
9780 -53
9781 -52
9782 -52
9783 -53
9784 -54
9785 -54
9786 -55
9787 -55
9788 -54
9789 -54
9790 -55
9791 -56
9792 -56
9793 -54
9794 -54
9795 -53
9796 -53
9797 -54
9798 -55
9799 -55
9800 -60
9801 -60
9802 -59
9803 -59
9804 -60
9805 -61
9806 -61
9807 -59
9808 -59
9809 -58
9810 -58
9811 -59
9812 -60
9813 -60
9814 -57
9815 -57
9816 -56
9817 -56
9818 -57
9819 -58
9820 -58
9821 -58
9822 -58
9823 -57
9824 -57
9825 -58
9826 -59
9827 -59
9828 -61
9829 -61
9830 -60
9831 -60
9832 -61
9833 -62
9834 -62
9835 -63
9836 -63
9837 -62
9838 -62
9839 -63
9840 -64
9841 -64
9842 -62
9843 -62
9844 -61
9845 -61
9846 -62
9847 -63
9848 -63
9849 -63
9850 -63
9851 -62
9852 -62
9853 -63
9854 -64
9855 -64
9856 -62
9857 -62
9858 -61
9859 -61
9860 -62
9861 -63
9862 -63
9863 -60
9864 -60
9865 -59
9866 -59
9867 -60
9868 -61
9869 -61
9870 -61
9871 -61
9872 -60
9873 -60
9874 -61
9875 -62
9876 -62
9877 -64
9878 -64
9879 -63
9880 -63
9881 -64
9882 -65
9883 -65
9884 -66
9885 -66
9886 -65
9887 -65
9888 -66
9889 -67
9890 -67
9891 -65
9892 -65
9893 -64
9894 -64
9895 -65
9896 -66
9897 -66
9898 -58
9899 -58
9900 -57
9901 -57
9902 -58
9903 -59
9904 -59
9905 -57
9906 -57
9907 -56
9908 -56
9909 -57
9910 -58
9911 -58
9912 -55
9913 -55
9914 -54
9915 -54
9916 -55
9917 -56
9918 -56
9919 -56
9920 -56
9921 -55
9922 -55
9923 -56
9924 -57
9925 -57
9926 -59
9927 -59
9928 -58
9929 -58
9930 -59
9931 -60
9932 -60
9933 -61
9934 -61
9935 -60
9936 -60
9937 -61
9938 -62
9939 -62
9940 -60
9941 -60
9942 -59
9943 -59
9944 -60
9945 -61
9946 -61
9947 -37
9948 -37
9949 -36
9950 -36
9951 -37
9952 -38
9953 -38
9954 -36
9955 -36
9956 -35
9957 -35
9958 -36
9959 -37
9960 -37
9961 -34
9962 -34
9963 -33
9964 -33
9965 -34
9966 -35
9967 -35
9968 -35
9969 -35
9970 -34
9971 -34
9972 -35
9973 -36
9974 -36
9975 -38
9976 -38
9977 -37
9978 -37
9979 -38
9980 -39
9981 -39
9982 -40
9983 -40
9984 -39
9985 -39
9986 -40
9987 -41
9988 -41
9989 -39
9990 -39
9991 -38
9992 -38
9993 -39
9994 -40
9995 -40
9996 -32
9997 -32
9998 -31
9999 -31
10000 -32
10001 -33
10002 -33
10003 -31
10004 -31
10005 -30
10006 -30
10007 -31
10008 -32
10009 -32
10010 -29
10011 -29
10012 -28
10013 -28
10014 -29
10015 -30
10016 -30
10017 -30
10018 -30
10019 -29
10020 -29
10021 -30
10022 -31
10023 -31
10024 -33
10025 -33
10026 -32
10027 -32
10028 -33
10029 -34
10030 -34
10031 -35
10032 -35
10033 -34
10034 -34
10035 -35
10036 -36
10037 -36
10038 -34
10039 -34
10040 -33
10041 -33
10042 -34
10043 -35
10044 -35
10045 -29
10046 -29
10047 -28
10048 -28
10049 -29
10050 -30
10051 -30
10052 -28
10053 -28
10054 -27
10055 -27
10056 -28
10057 -29
10058 -29
10059 -26
10060 -26
10061 -25
10062 -25
10063 -26
10064 -27
10065 -27
10066 -27
10067 -27
10068 -26
10069 -26
10070 -27
10071 -28
10072 -28
10073 -30
10074 -30
10075 -29
10076 -29
10077 -30
10078 -31
10079 -31
10080 -32
10081 -32
10082 -31
10083 -31
10084 -32
10085 -33
10086 -33
10087 -31
10088 -31
10089 -30
10090 -30
10091 -31
10092 -32
10093 -32
10094 -34
10095 -34
10096 -33
10097 -33
10098 -34
10099 -35
10100 -35
10101 -33
10102 -33
10103 -32
10104 -32
10105 -33
10106 -34
10107 -34
10108 -31
10109 -31
10110 -30
10111 -30
10112 -31
10113 -32
10114 -32
10115 -32
10116 -32
10117 -31
10118 -31
10119 -32
10120 -33
10121 -33
10122 -35
10123 -35
10124 -34
10125 -34
10126 -35
10127 -36
10128 -36
10129 -37
10130 -37
10131 -36
10132 -36
10133 -37
10134 -38
10135 -38
10136 -36
10137 -36
10138 -35
10139 -35
10140 -36
10141 -37
10142 -37
10143 -42
10144 -42
10145 -41
10146 -41
10147 -42
10148 -43
10149 -43
10150 -41
10151 -41
10152 -40
10153 -40
10154 -41
10155 -42
10156 -42
10157 -39
10158 -39
10159 -38
10160 -38
10161 -39
10162 -40
10163 -40
10164 -40
10165 -40
10166 -39
10167 -39
10168 -40
10169 -41
10170 -41
10171 -43
10172 -43
10173 -42
10174 -42
10175 -43
10176 -44
10177 -44
10178 -45
10179 -45
10180 -44
10181 -44
10182 -45
10183 -46
10184 -46
10185 -44
10186 -44
10187 -43
10188 -43
10189 -44
10190 -45
10191 -45
10192 -45
10193 -45
10194 -44
10195 -44
10196 -45
10197 -46
10198 -46
10199 -44
10200 -44
10201 -43
10202 -43
10203 -44
10204 -45
10205 -45
10206 -42
10207 -42
10208 -41
10209 -41
10210 -42
10211 -43
10212 -43
10213 -43
10214 -43
10215 -42
10216 -42
10217 -43
10218 -44
10219 -44
10220 -46
10221 -46
10222 -45
10223 -45
10224 -46
10225 -47
10226 -47
10227 -48
10228 -48
10229 -47
10230 -47
10231 -48
10232 -49
10233 -49
10234 -47
10235 -47
10236 -46
10237 -46
10238 -47
10239 -48
10240 -48
10241 -40
10242 -40
10243 -39
10244 -39
10245 -40
10246 -41
10247 -41
10248 -39
10249 -39
10250 -38
10251 -38
10252 -39
10253 -40
10254 -40
10255 -37
10256 -37
10257 -36
10258 -36
10259 -37
10260 -38
10261 -38
10262 -38
10263 -38
10264 -37
10265 -37
10266 -38
10267 -39
10268 -39
10269 -41
10270 -41
10271 -40
10272 -40
10273 -41
10274 -42
10275 -42
10276 -43
10277 -43
10278 -42
10279 -42
10280 -43
10281 -44
10282 -44
10283 -42
10284 -42
10285 -41
10286 -41
10287 -42
10288 -43
10289 -43
10290 -36
10291 -36
10292 -35
10293 -35
10294 -36
10295 -37
10296 -37
10297 -35
10298 -35
10299 -34
10300 -34
10301 -35
10302 -36
10303 -36
10304 -33
10305 -33
10306 -32
10307 -32
10308 -33
10309 -34
10310 -34
10311 -34
10312 -34
10313 -33
10314 -33
10315 -34
10316 -35
10317 -35
10318 -37
10319 -37
10320 -36
10321 -36
10322 -37
10323 -38
10324 -38
10325 -39
10326 -39
10327 -38
10328 -38
10329 -39
10330 -40
10331 -40
10332 -38
10333 -38
10334 -37
10335 -37
10336 -38
10337 -39
10338 -39
10339 -31
10340 -31
10341 -30
10342 -30
10343 -31
10344 -32
10345 -32
10346 -30
10347 -30
10348 -29
10349 -29
10350 -30
10351 -31
10352 -31
10353 -28
10354 -28
10355 -27
10356 -27
10357 -28
10358 -29
10359 -29
10360 -29
10361 -29
10362 -28
10363 -28
10364 -29
10365 -30
10366 -30
10367 -32
10368 -32
10369 -31
10370 -31
10371 -32
10372 -33
10373 -33
10374 -34
10375 -34
10376 -33
10377 -33
10378 -34
10379 -35
10380 -35
10381 -33
10382 -33
10383 -32
10384 -32
10385 -33
10386 -34
10387 -34
10388 -28
10389 -28
10390 -27
10391 -27
10392 -28
10393 -29
10394 -29
10395 -27
10396 -27
10397 -26
10398 -26
10399 -27
10400 -28
10401 -28
10402 -25
10403 -25
10404 -24
10405 -24
10406 -25
10407 -26
10408 -26
10409 -26
10410 -26
10411 -25
10412 -25
10413 -26
10414 -27
10415 -27
10416 -29
10417 -29
10418 -28
10419 -28
10420 -29
10421 -30
10422 -30
10423 -31
10424 -31
10425 -30
10426 -30
10427 -31
10428 -32
10429 -32
10430 -30
10431 -30
10432 -29
10433 -29
10434 -30
10435 -31
10436 -31
10437 -33
10438 -33
10439 -32
10440 -32
10441 -33
10442 -34
10443 -34
10444 -32
10445 -32
10446 -31
10447 -31
10448 -32
10449 -33
10450 -33
10451 -30
10452 -30
10453 -29
10454 -29
10455 -30
10456 -31
10457 -31
10458 -31
10459 -31
10460 -30
10461 -30
10462 -31
10463 -32
10464 -32
10465 -34
10466 -34
10467 -33
10468 -33
10469 -34
10470 -35
10471 -35
10472 -36
10473 -36
10474 -35
10475 -35
10476 -36
10477 -37
10478 -37
10479 -35
10480 -35
10481 -34
10482 -34
10483 -35
10484 -36
10485 -36
10486 -41
10487 -41
10488 -40
10489 -40
10490 -41
10491 -42
10492 -42
10493 -40
10494 -40
10495 -39
10496 -39
10497 -40
10498 -41
10499 -41
10500 -38
10501 -38
10502 -37
10503 -37
10504 -38
10505 -39
10506 -39
10507 -39
10508 -39
10509 -38
10510 -38
10511 -39
10512 -40
10513 -40
10514 -42
10515 -42
10516 -41
10517 -41
10518 -42
10519 -43
10520 -43
10521 -44
10522 -44
10523 -43
10524 -43
10525 -44
10526 -45
10527 -45
10528 -43
10529 -43
10530 -42
10531 -42
10532 -43
10533 -44
10534 -44
10535 -44
10536 -44
10537 -43
10538 -43
10539 -44
10540 -45
10541 -45
10542 -43
10543 -43
10544 -42
10545 -42
10546 -43
10547 -44
10548 -44
10549 -41
10550 -41
10551 -40
10552 -40
10553 -41
10554 -42
10555 -42
10556 -42
10557 -42
10558 -41
10559 -41
10560 -42
10561 -43
10562 -43
10563 -45
10564 -45
10565 -44
10566 -44
10567 -45
10568 -46
10569 -46
10570 -47
10571 -47
10572 -46
10573 -46
10574 -47
10575 -48
10576 -48
10577 -46
10578 -46
10579 -45
10580 -45
10581 -46
10582 -47
10583 -47
10584 -39
10585 -39
10586 -38
10587 -38
10588 -39
10589 -40
10590 -40
10591 -38
10592 -38
10593 -37
10594 -37
10595 -38
10596 -39
10597 -39
10598 -36
10599 -36
10600 -35
10601 -35
10602 -36
10603 -37
10604 -37
10605 -37
10606 -37
10607 -36
10608 -36
10609 -37
10610 -38
10611 -38
10612 -40
10613 -40
10614 -39
10615 -39
10616 -40
10617 -41
10618 -41
10619 -42
10620 -42
10621 -41
10622 -41
10623 -42
10624 -43
10625 -43
10626 -41
10627 -41
10628 -40
10629 -40
10630 -41
10631 -42
10632 -42
10633 -54
10634 -54
10635 -53
10636 -53
10637 -54
10638 -55
10639 -55
10640 -53
10641 -53
10642 -52
10643 -52
10644 -53
10645 -54
10646 -54
10647 -51
10648 -51
10649 -50
10650 -50
10651 -51
10652 -52
10653 -52
10654 -52
10655 -52
10656 -51
10657 -51
10658 -52
10659 -53
10660 -53
10661 -55
10662 -55
10663 -54
10664 -54
10665 -55
10666 -56
10667 -56
10668 -57
10669 -57
10670 -56
10671 -56
10672 -57
10673 -58
10674 -58
10675 -56
10676 -56
10677 -55
10678 -55
10679 -56
10680 -57
10681 -57
10682 -49
10683 -49
10684 -48
10685 -48
10686 -49
10687 -50
10688 -50
10689 -48
10690 -48
10691 -47
10692 -47
10693 -48
10694 -49
10695 -49
10696 -46
10697 -46
10698 -45
10699 -45
10700 -46
10701 -47
10702 -47
10703 -47
10704 -47
10705 -46
10706 -46
10707 -47
10708 -48
10709 -48
10710 -50
10711 -50
10712 -49
10713 -49
10714 -50
10715 -51
10716 -51
10717 -52
10718 -52
10719 -51
10720 -51
10721 -52
10722 -53
10723 -53
10724 -51
10725 -51
10726 -50
10727 -50
10728 -51
10729 -52
10730 -52
10731 -46
10732 -46
10733 -45
10734 -45
10735 -46
10736 -47
10737 -47
10738 -45
10739 -45
10740 -44
10741 -44
10742 -45
10743 -46
10744 -46
10745 -43
10746 -43
10747 -42
10748 -42
10749 -43
10750 -44
10751 -44
10752 -44
10753 -44
10754 -43
10755 -43
10756 -44
10757 -45
10758 -45
10759 -47
10760 -47
10761 -46
10762 -46
10763 -47
10764 -48
10765 -48
10766 -49
10767 -49
10768 -48
10769 -48
10770 -49
10771 -50
10772 -50
10773 -48
10774 -48
10775 -47
10776 -47
10777 -48
10778 -49
10779 -49
10780 -51
10781 -51
10782 -50
10783 -50
10784 -51
10785 -52
10786 -52
10787 -50
10788 -50
10789 -49
10790 -49
10791 -50
10792 -51
10793 -51
10794 -48
10795 -48
10796 -47
10797 -47
10798 -48
10799 -49
10800 -49
10801 -49
10802 -49
10803 -48
10804 -48
10805 -49
10806 -50
10807 -50
10808 -52
10809 -52
10810 -51
10811 -51
10812 -52
10813 -53
10814 -53
10815 -54
10816 -54
10817 -53
10818 -53
10819 -54
10820 -55
10821 -55
10822 -53
10823 -53
10824 -52
10825 -52
10826 -53
10827 -54
10828 -54
10829 -59
10830 -59
10831 -58
10832 -58
10833 -59
10834 -60
10835 -60
10836 -58
10837 -58
10838 -57
10839 -57
10840 -58
10841 -59
10842 -59
10843 -56
10844 -56
10845 -55
10846 -55
10847 -56
10848 -57
10849 -57
10850 -57
10851 -57
10852 -56
10853 -56
10854 -57
10855 -58
10856 -58
10857 -60
10858 -60
10859 -59
10860 -59
10861 -60
10862 -61
10863 -61
10864 -62
10865 -62
10866 -61
10867 -61
10868 -62
10869 -63
10870 -63
10871 -61
10872 -61
10873 -60
10874 -60
10875 -61
10876 -62
10877 -62
10878 -62
10879 -62
10880 -61
10881 -61
10882 -62
10883 -63
10884 -63
10885 -61
10886 -61
10887 -60
10888 -60
10889 -61
10890 -62
10891 -62
10892 -59
10893 -59
10894 -58
10895 -58
10896 -59
10897 -60
10898 -60
10899 -60
10900 -60
10901 -59
10902 -59
10903 -60
10904 -61
10905 -61
10906 -63
10907 -63
10908 -62
10909 -62
10910 -63
10911 -64
10912 -64
10913 -65
10914 -65
10915 -64
10916 -64
10917 -65
10918 -66
10919 -66
10920 -64
10921 -64
10922 -63
10923 -63
10924 -64
10925 -65
10926 -65
10927 -57
10928 -57
10929 -56
10930 -56
10931 -57
10932 -58
10933 -58
10934 -56
10935 -56
10936 -55
10937 -55
10938 -56
10939 -57
10940 -57
10941 -54
10942 -54
10943 -53
10944 -53
10945 -54
10946 -55
10947 -55
10948 -55
10949 -55
10950 -54
10951 -54
10952 -55
10953 -56
10954 -56
10955 -58
10956 -58
10957 -57
10958 -57
10959 -58
10960 -59
10961 -59
10962 -60
10963 -60
10964 -59
10965 -59
10966 -60
10967 -61
10968 -61
10969 -59
10970 -59
10971 -58
10972 -58
10973 -59
10974 -60
10975 -60
10976 -73
10977 -73
10978 -72
10979 -72
10980 -73
10981 -74
10982 -74
10983 -72
10984 -72
10985 -71
10986 -71
10987 -72
10988 -73
10989 -73
10990 -70
10991 -70
10992 -69
10993 -69
10994 -70
10995 -71
10996 -71
10997 -71
10998 -71
10999 -70
11000 -70
11001 -71
11002 -72
11003 -72
11004 -74
11005 -74
11006 -73
11007 -73
11008 -74
11009 -75
11010 -75
11011 -76
11012 -76
11013 -75
11014 -75
11015 -76
11016 -77
11017 -77
11018 -75
11019 -75
11020 -74
11021 -74
11022 -75
11023 -76
11024 -76
11025 -68
11026 -68
11027 -67
11028 -67
11029 -68
11030 -69
11031 -69
11032 -67
11033 -67
11034 -66
11035 -66
11036 -67
11037 -68
11038 -68
11039 -65
11040 -65
11041 -64
11042 -64
11043 -65
11044 -66
11045 -66
11046 -66
11047 -66
11048 -65
11049 -65
11050 -66
11051 -67
11052 -67
11053 -69
11054 -69
11055 -68
11056 -68
11057 -69
11058 -70
11059 -70
11060 -71
11061 -71
11062 -70
11063 -70
11064 -71
11065 -72
11066 -72
11067 -70
11068 -70
11069 -69
11070 -69
11071 -70
11072 -71
11073 -71
11074 -65
11075 -65
11076 -64
11077 -64
11078 -65
11079 -66
11080 -66
11081 -64
11082 -64
11083 -63
11084 -63
11085 -64
11086 -65
11087 -65
11088 -62
11089 -62
11090 -61
11091 -61
11092 -62
11093 -63
11094 -63
11095 -63
11096 -63
11097 -62
11098 -62
11099 -63
11100 -64
11101 -64
11102 -66
11103 -66
11104 -65
11105 -65
11106 -66
11107 -67
11108 -67
11109 -68
11110 -68
11111 -67
11112 -67
11113 -68
11114 -69
11115 -69
11116 -67
11117 -67
11118 -66
11119 -66
11120 -67
11121 -68
11122 -68
11123 -70
11124 -70
11125 -69
11126 -69
11127 -70
11128 -71
11129 -71
11130 -69
11131 -69
11132 -68
11133 -68
11134 -69
11135 -70
11136 -70
11137 -67
11138 -67
11139 -66
11140 -66
11141 -67
11142 -68
11143 -68
11144 -68
11145 -68
11146 -67
11147 -67
11148 -68
11149 -69
11150 -69
11151 -71
11152 -71
11153 -70
11154 -70
11155 -71
11156 -72
11157 -72
11158 -73
11159 -73
11160 -72
11161 -72
11162 -73
11163 -74
11164 -74
11165 -72
11166 -72
11167 -71
11168 -71
11169 -72
11170 -73
11171 -73
11172 -78
11173 -78
11174 -77
11175 -77
11176 -78
11177 -79
11178 -79
11179 -77
11180 -77
11181 -76
11182 -76
11183 -77
11184 -78
11185 -78
11186 -75
11187 -75
11188 -74
11189 -74
11190 -75
11191 -76
11192 -76
11193 -76
11194 -76
11195 -75
11196 -75
11197 -76
11198 -77
11199 -77
11200 -79
11201 -79
11202 -78
11203 -78
11204 -79
11205 -80
11206 -80
11207 -81
11208 -81
11209 -80
11210 -80
11211 -81
11212 -82
11213 -82
11214 -80
11215 -80
11216 -79
11217 -79
11218 -80
11219 -81
11220 -81
11221 -81
11222 -81
11223 -80
11224 -80
11225 -81
11226 -82
11227 -82
11228 -80
11229 -80
11230 -79
11231 -79
11232 -80
11233 -81
11234 -81
11235 -78
11236 -78
11237 -77
11238 -77
11239 -78
11240 -79
11241 -79
11242 -79
11243 -79
11244 -78
11245 -78
11246 -79
11247 -80
11248 -80
11249 -82
11250 -82
11251 -81
11252 -81
11253 -82
11254 -83
11255 -83
11256 -84
11257 -84
11258 -83
11259 -83
11260 -84
11261 -85
11262 -85
11263 -83
11264 -83
11265 -82
11266 -82
11267 -83
11268 -84
11269 -84
11270 -76
11271 -76
11272 -75
11273 -75
11274 -76
11275 -77
11276 -77
11277 -75
11278 -75
11279 -74
11280 -74
11281 -75
11282 -76
11283 -76
11284 -73
11285 -73
11286 -72
11287 -72
11288 -73
11289 -74
11290 -74
11291 -74
11292 -74
11293 -73
11294 -73
11295 -74
11296 -75
11297 -75
11298 -77
11299 -77
11300 -76
11301 -76
11302 -77
11303 -78
11304 -78
11305 -79
11306 -79
11307 -78
11308 -78
11309 -79
11310 -80
11311 -80
11312 -78
11313 -78
11314 -77
11315 -77
11316 -78
11317 -79
11318 -79
11319 -74
11320 -74
11321 -73
11322 -73
11323 -74
11324 -75
11325 -75
11326 -73
11327 -73
11328 -72
11329 -72
11330 -73
11331 -74
11332 -74
11333 -71
11334 -71
11335 -70
11336 -70
11337 -71
11338 -72
11339 -72
11340 -72
11341 -72
11342 -71
11343 -71
11344 -72
11345 -73
11346 -73
11347 -75
11348 -75
11349 -74
11350 -74
11351 -75
11352 -76
11353 -76
11354 -77
11355 -77
11356 -76
11357 -76
11358 -77
11359 -78
11360 -78
11361 -76
11362 -76
11363 -75
11364 -75
11365 -76
11366 -77
11367 -77
11368 -69
11369 -69
11370 -68
11371 -68
11372 -69
11373 -70
11374 -70
11375 -68
11376 -68
11377 -67
11378 -67
11379 -68
11380 -69
11381 -69
11382 -66
11383 -66
11384 -65
11385 -65
11386 -66
11387 -67
11388 -67
11389 -67
11390 -67
11391 -66
11392 -66
11393 -67
11394 -68
11395 -68
11396 -70
11397 -70
11398 -69
11399 -69
11400 -70
11401 -71
11402 -71
11403 -72
11404 -72
11405 -71
11406 -71
11407 -72
11408 -73
11409 -73
11410 -71
11411 -71
11412 -70
11413 -70
11414 -71
11415 -72
11416 -72
11417 -66
11418 -66
11419 -65
11420 -65
11421 -66
11422 -67
11423 -67
11424 -65
11425 -65
11426 -64
11427 -64
11428 -65
11429 -66
11430 -66
11431 -63
11432 -63
11433 -62
11434 -62
11435 -63
11436 -64
11437 -64
11438 -64
11439 -64
11440 -63
11441 -63
11442 -64
11443 -65
11444 -65
11445 -67
11446 -67
11447 -66
11448 -66
11449 -67
11450 -68
11451 -68
11452 -69
11453 -69
11454 -68
11455 -68
11456 -69
11457 -70
11458 -70
11459 -68
11460 -68
11461 -67
11462 -67
11463 -68
11464 -69
11465 -69
11466 -71
11467 -71
11468 -70
11469 -70
11470 -71
11471 -72
11472 -72
11473 -70
11474 -70
11475 -69
11476 -69
11477 -70
11478 -71
11479 -71
11480 -68
11481 -68
11482 -67
11483 -67
11484 -68
11485 -69
11486 -69
11487 -69
11488 -69
11489 -68
11490 -68
11491 -69
11492 -70
11493 -70
11494 -72
11495 -72
11496 -71
11497 -71
11498 -72
11499 -73
11500 -73
11501 -74
11502 -74
11503 -73
11504 -73
11505 -74
11506 -75
11507 -75
11508 -73
11509 -73
11510 -72
11511 -72
11512 -73
11513 -74
11514 -74
11515 -79
11516 -79
11517 -78
11518 -78
11519 -79
11520 -80
11521 -80
11522 -78
11523 -78
11524 -77
11525 -77
11526 -78
11527 -79
11528 -79
11529 -76
11530 -76
11531 -75
11532 -75
11533 -76
11534 -77
11535 -77
11536 -77
11537 -77
11538 -76
11539 -76
11540 -77
11541 -78
11542 -78
11543 -80
11544 -80
11545 -79
11546 -79
11547 -80
11548 -81
11549 -81
11550 -82
11551 -82
11552 -81
11553 -81
11554 -82
11555 -83
11556 -83
11557 -81
11558 -81
11559 -80
11560 -80
11561 -81
11562 -82
11563 -82
11564 -82
11565 -82
11566 -81
11567 -81
11568 -82
11569 -83
11570 -83
11571 -81
11572 -81
11573 -80
11574 -80
11575 -81
11576 -82
11577 -82
11578 -79
11579 -79
11580 -78
11581 -78
11582 -79
11583 -80
11584 -80
11585 -80
11586 -80
11587 -79
11588 -79
11589 -80
11590 -81
11591 -81
11592 -83
11593 -83
11594 -82
11595 -82
11596 -83
11597 -84
11598 -84
11599 -85
11600 -85
11601 -84
11602 -84
11603 -85
11604 -86
11605 -86
11606 -84
11607 -84
11608 -83
11609 -83
11610 -84
11611 -85
11612 -85
11613 -77
11614 -77
11615 -76
11616 -76
11617 -77
11618 -78
11619 -78
11620 -76
11621 -76
11622 -75
11623 -75
11624 -76
11625 -77
11626 -77
11627 -74
11628 -74
11629 -73
11630 -73
11631 -74
11632 -75
11633 -75
11634 -75
11635 -75
11636 -74
11637 -74
11638 -75
11639 -76
11640 -76
11641 -78
11642 -78
11643 -77
11644 -77
11645 -78
11646 -79
11647 -79
11648 -80
11649 -80
11650 -79
11651 -79
11652 -80
11653 -81
11654 -81
11655 -79
11656 -79
11657 -78
11658 -78
11659 -79
11660 -80
11661 -80
11662 -56
11663 -56
11664 -55
11665 -55
11666 -56
11667 -57
11668 -57
11669 -55
11670 -55
11671 -54
11672 -54
11673 -55
11674 -56
11675 -56
11676 -53
11677 -53
11678 -52
11679 -52
11680 -53
11681 -54
11682 -54
11683 -54
11684 -54
11685 -53
11686 -53
11687 -54
11688 -55
11689 -55
11690 -57
11691 -57
11692 -56
11693 -56
11694 -57
11695 -58
11696 -58
11697 -59
11698 -59
11699 -58
11700 -58
11701 -59
11702 -60
11703 -60
11704 -58
11705 -58
11706 -57
11707 -57
11708 -58
11709 -59
11710 -59
11711 -51
11712 -51
11713 -50
11714 -50
11715 -51
11716 -52
11717 -52
11718 -50
11719 -50
11720 -49
11721 -49
11722 -50
11723 -51
11724 -51
11725 -48
11726 -48
11727 -47
11728 -47
11729 -48
11730 -49
11731 -49
11732 -49
11733 -49
11734 -48
11735 -48
11736 -49
11737 -50
11738 -50
11739 -52
11740 -52
11741 -51
11742 -51
11743 -52
11744 -53
11745 -53
11746 -54
11747 -54
11748 -53
11749 -53
11750 -54
11751 -55
11752 -55
11753 -53
11754 -53
11755 -52
11756 -52
11757 -53
11758 -54
11759 -54
11760 -48
11761 -48
11762 -47
11763 -47
11764 -48
11765 -49
11766 -49
11767 -47
11768 -47
11769 -46
11770 -46
11771 -47
11772 -48
11773 -48
11774 -45
11775 -45
11776 -44
11777 -44
11778 -45
11779 -46
11780 -46
11781 -46
11782 -46
11783 -45
11784 -45
11785 -46
11786 -47
11787 -47
11788 -49
11789 -49
11790 -48
11791 -48
11792 -49
11793 -50
11794 -50
11795 -51
11796 -51
11797 -50
11798 -50
11799 -51
11800 -52
11801 -52
11802 -50
11803 -50
11804 -49
11805 -49
11806 -50
11807 -51
11808 -51
11809 -53
11810 -53
11811 -52
11812 -52
11813 -53
11814 -54
11815 -54
11816 -52
11817 -52
11818 -51
11819 -51
11820 -52
11821 -53
11822 -53
11823 -50
11824 -50
11825 -49
11826 -49
11827 -50
11828 -51
11829 -51
11830 -51
11831 -51
11832 -50
11833 -50
11834 -51
11835 -52
11836 -52
11837 -54
11838 -54
11839 -53
11840 -53
11841 -54
11842 -55
11843 -55
11844 -56
11845 -56
11846 -55
11847 -55
11848 -56
11849 -57
11850 -57
11851 -55
11852 -55
11853 -54
11854 -54
11855 -55
11856 -56
11857 -56
11858 -61
11859 -61
11860 -60
11861 -60
11862 -61
11863 -62
11864 -62
11865 -60
11866 -60
11867 -59
11868 -59
11869 -60
11870 -61
11871 -61
11872 -58
11873 -58
11874 -57
11875 -57
11876 -58
11877 -59
11878 -59
11879 -59
11880 -59
11881 -58
11882 -58
11883 -59
11884 -60
11885 -60
11886 -62
11887 -62
11888 -61
11889 -61
11890 -62
11891 -63
11892 -63
11893 -64
11894 -64
11895 -63
11896 -63
11897 -64
11898 -65
11899 -65
11900 -63
11901 -63
11902 -62
11903 -62
11904 -63
11905 -64
11906 -64
11907 -64
11908 -64
11909 -63
11910 -63
11911 -64
11912 -65
11913 -65
11914 -63
11915 -63
11916 -62
11917 -62
11918 -63
11919 -64
11920 -64
11921 -61
11922 -61
11923 -60
11924 -60
11925 -61
11926 -62
11927 -62
11928 -62
11929 -62
11930 -61
11931 -61
11932 -62
11933 -63
11934 -63
11935 -65
11936 -65
11937 -64
11938 -64
11939 -65
11940 -66
11941 -66
11942 -67
11943 -67
11944 -66
11945 -66
11946 -67
11947 -68
11948 -68
11949 -66
11950 -66
11951 -65
11952 -65
11953 -66
11954 -67
11955 -67
11956 -59
11957 -59
11958 -58
11959 -58
11960 -59
11961 -60
11962 -60
11963 -58
11964 -58
11965 -57
11966 -57
11967 -58
11968 -59
11969 -59
11970 -56
11971 -56
11972 -55
11973 -55
11974 -56
11975 -57
11976 -57
11977 -57
11978 -57
11979 -56
11980 -56
11981 -57
11982 -58
11983 -58
11984 -60
11985 -60
11986 -59
11987 -59
11988 -60
11989 -61
11990 -61
11991 -62
11992 -62
11993 -61
11994 -61
11995 -62
11996 -63
11997 -63
11998 -61
11999 -61
12000 -60
12001 -60
12002 -61
12003 -62
12004 -62
12005 -39
12006 -39
12007 -38
12008 -38
12009 -39
12010 -40
12011 -40
12012 -38
12013 -38
12014 -37
12015 -37
12016 -38
12017 -39
12018 -39
12019 -36
12020 -36
12021 -35
12022 -35
12023 -36
12024 -37
12025 -37
12026 -37
12027 -37
12028 -36
12029 -36
12030 -37
12031 -38
12032 -38
12033 -40
12034 -40
12035 -39
12036 -39
12037 -40
12038 -41
12039 -41
12040 -42
12041 -42
12042 -41
12043 -41
12044 -42
12045 -43
12046 -43
12047 -41
12048 -41
12049 -40
12050 -40
12051 -41
12052 -42
12053 -42
12054 -34
12055 -34
12056 -33
12057 -33
12058 -34
12059 -35
12060 -35
12061 -33
12062 -33
12063 -32
12064 -32
12065 -33
12066 -34
12067 -34
12068 -31
12069 -31
12070 -30
12071 -30
12072 -31
12073 -32
12074 -32
12075 -32
12076 -32
12077 -31
12078 -31
12079 -32
12080 -33
12081 -33
12082 -35
12083 -35
12084 -34
12085 -34
12086 -35
12087 -36
12088 -36
12089 -37
12090 -37
12091 -36
12092 -36
12093 -37
12094 -38
12095 -38
12096 -36
12097 -36
12098 -35
12099 -35
12100 -36
12101 -37
12102 -37
12103 -31
12104 -31
12105 -30
12106 -30
12107 -31
12108 -32
12109 -32
12110 -30
12111 -30
12112 -29
12113 -29
12114 -30
12115 -31
12116 -31
12117 -28
12118 -28
12119 -27
12120 -27
12121 -28
12122 -29
12123 -29
12124 -29
12125 -29
12126 -28
12127 -28
12128 -29
12129 -30
12130 -30
12131 -32
12132 -32
12133 -31
12134 -31
12135 -32
12136 -33
12137 -33
12138 -34
12139 -34
12140 -33
12141 -33
12142 -34
12143 -35
12144 -35
12145 -33
12146 -33
12147 -32
12148 -32
12149 -33
12150 -34
12151 -34
12152 -36
12153 -36
12154 -35
12155 -35
12156 -36
12157 -37
12158 -37
12159 -35
12160 -35
12161 -34
12162 -34
12163 -35
12164 -36
12165 -36
12166 -33
12167 -33
12168 -32
12169 -32
12170 -33
12171 -34
12172 -34
12173 -34
12174 -34
12175 -33
12176 -33
12177 -34
12178 -35
12179 -35
12180 -37
12181 -37
12182 -36
12183 -36
12184 -37
12185 -38
12186 -38
12187 -39
12188 -39
12189 -38
12190 -38
12191 -39
12192 -40
12193 -40
12194 -38
12195 -38
12196 -37
12197 -37
12198 -38
12199 -39
12200 -39
12201 -44
12202 -44
12203 -43
12204 -43
12205 -44
12206 -45
12207 -45
12208 -43
12209 -43
12210 -42
12211 -42
12212 -43
12213 -44
12214 -44
12215 -41
12216 -41
12217 -40
12218 -40
12219 -41
12220 -42
12221 -42
12222 -42
12223 -42
12224 -41
12225 -41
12226 -42
12227 -43
12228 -43
12229 -45
12230 -45
12231 -44
12232 -44
12233 -45
12234 -46
12235 -46
12236 -47
12237 -47
12238 -46
12239 -46
12240 -47
12241 -48
12242 -48
12243 -46
12244 -46
12245 -45
12246 -45
12247 -46
12248 -47
12249 -47
12250 -47
12251 -47
12252 -46
12253 -46
12254 -47
12255 -48
12256 -48
12257 -46
12258 -46
12259 -45
12260 -45
12261 -46
12262 -47
12263 -47
12264 -44
12265 -44
12266 -43
12267 -43
12268 -44
12269 -45
12270 -45
12271 -45
12272 -45
12273 -44
12274 -44
12275 -45
12276 -46
12277 -46
12278 -48
12279 -48
12280 -47
12281 -47
12282 -48
12283 -49
12284 -49
12285 -50
12286 -50
12287 -49
12288 -49
12289 -50
12290 -51
12291 -51
12292 -49
12293 -49
12294 -48
12295 -48
12296 -49
12297 -50
12298 -50
12299 -42
12300 -42
12301 -41
12302 -41
12303 -42
12304 -43
12305 -43
12306 -41
12307 -41
12308 -40
12309 -40
12310 -41
12311 -42
12312 -42
12313 -39
12314 -39
12315 -38
12316 -38
12317 -39
12318 -40
12319 -40
12320 -40
12321 -40
12322 -39
12323 -39
12324 -40
12325 -41
12326 -41
12327 -43
12328 -43
12329 -42
12330 -42
12331 -43
12332 -44
12333 -44
12334 -45
12335 -45
12336 -44
12337 -44
12338 -45
12339 -46
12340 -46
12341 -44
12342 -44
12343 -43
12344 -43
12345 -44
12346 -45
12347 -45
12348 -21
12349 -21
12350 -20
12351 -20
12352 -21
12353 -22
12354 -22
12355 -20
12356 -20
12357 -19
12358 -19
12359 -20
12360 -21
12361 -21
12362 -18
12363 -18
12364 -17
12365 -17
12366 -18
12367 -19
12368 -19
12369 -19
12370 -19
12371 -18
12372 -18
12373 -19
12374 -20
12375 -20
12376 -22
12377 -22
12378 -21
12379 -21
12380 -22
12381 -23
12382 -23
12383 -24
12384 -24
12385 -23
12386 -23
12387 -24
12388 -25
12389 -25
12390 -23
12391 -23
12392 -22
12393 -22
12394 -23
12395 -24
12396 -24
12397 -16
12398 -16
12399 -15
12400 -15
12401 -16
12402 -17
12403 -17
12404 -15
12405 -15
12406 -14
12407 -14
12408 -15
12409 -16
12410 -16
12411 -13
12412 -13
12413 -12
12414 -12
12415 -13
12416 -14
12417 -14
12418 -14
12419 -14
12420 -13
12421 -13
12422 -14
12423 -15
12424 -15
12425 -17
12426 -17
12427 -16
12428 -16
12429 -17
12430 -18
12431 -18
12432 -19
12433 -19
12434 -18
12435 -18
12436 -19
12437 -20
12438 -20
12439 -18
12440 -18
12441 -17
12442 -17
12443 -18
12444 -19
12445 -19
12446 -13
12447 -13
12448 -12
12449 -12
12450 -13
12451 -14
12452 -14
12453 -12
12454 -12
12455 -11
12456 -11
12457 -12
12458 -13
12459 -13
12460 -10
12461 -10
12462 -9
12463 -9
12464 -10
12465 -11
12466 -11
12467 -11
12468 -11
12469 -10
12470 -10
12471 -11
12472 -12
12473 -12
12474 -14
12475 -14
12476 -13
12477 -13
12478 -14
12479 -15
12480 -15
12481 -16
12482 -16
12483 -15
12484 -15
12485 -16
12486 -17
12487 -17
12488 -15
12489 -15
12490 -14
12491 -14
12492 -15
12493 -16
12494 -16
12495 -18
12496 -18
12497 -17
12498 -17
12499 -18
12500 -19
12501 -19
12502 -17
12503 -17
12504 -16
12505 -16
12506 -17
12507 -18
12508 -18
12509 -15
12510 -15
12511 -14
12512 -14
12513 -15
12514 -16
12515 -16
12516 -16
12517 -16
12518 -15
12519 -15
12520 -16
12521 -17
12522 -17
12523 -19
12524 -19
12525 -18
12526 -18
12527 -19
12528 -20
12529 -20
12530 -21
12531 -21
12532 -20
12533 -20
12534 -21
12535 -22
12536 -22
12537 -20
12538 -20
12539 -19
12540 -19
12541 -20
12542 -21
12543 -21
12544 -26
12545 -26
12546 -25
12547 -25
12548 -26
12549 -27
12550 -27
12551 -25
12552 -25
12553 -24
12554 -24
12555 -25
12556 -26
12557 -26
12558 -23
12559 -23
12560 -22
12561 -22
12562 -23
12563 -24
12564 -24
12565 -24
12566 -24
12567 -23
12568 -23
12569 -24
12570 -25
12571 -25
12572 -27
12573 -27
12574 -26
12575 -26
12576 -27
12577 -28
12578 -28
12579 -29
12580 -29
12581 -28
12582 -28
12583 -29
12584 -30
12585 -30
12586 -28
12587 -28
12588 -27
12589 -27
12590 -28
12591 -29
12592 -29
12593 -29
12594 -29
12595 -28
12596 -28
12597 -29
12598 -30
12599 -30
12600 -28
12601 -28
12602 -27
12603 -27
12604 -28
12605 -29
12606 -29
12607 -26
12608 -26
12609 -25
12610 -25
12611 -26
12612 -27
12613 -27
12614 -27
12615 -27
12616 -26
12617 -26
12618 -27
12619 -28
12620 -28
12621 -30
12622 -30
12623 -29
12624 -29
12625 -30
12626 -31
12627 -31
12628 -32
12629 -32
12630 -31
12631 -31
12632 -32
12633 -33
12634 -33
12635 -31
12636 -31
12637 -30
12638 -30
12639 -31
12640 -32
12641 -32
12642 -24
12643 -24
12644 -23
12645 -23
12646 -24
12647 -25
12648 -25
12649 -23
12650 -23
12651 -22
12652 -22
12653 -23
12654 -24
12655 -24
12656 -21
12657 -21
12658 -20
12659 -20
12660 -21
12661 -22
12662 -22
12663 -22
12664 -22
12665 -21
12666 -21
12667 -22
12668 -23
12669 -23
12670 -25
12671 -25
12672 -24
12673 -24
12674 -25
12675 -26
12676 -26
12677 -27
12678 -27
12679 -26
12680 -26
12681 -27
12682 -28
12683 -28
12684 -26
12685 -26
12686 -25
12687 -25
12688 -26
12689 -27
12690 -27
12691 -20
12692 -20
12693 -19
12694 -19
12695 -20
12696 -21
12697 -21
12698 -19
12699 -19
12700 -18
12701 -18
12702 -19
12703 -20
12704 -20
12705 -17
12706 -17
12707 -16
12708 -16
12709 -17
12710 -18
12711 -18
12712 -18
12713 -18
12714 -17
12715 -17
12716 -18
12717 -19
12718 -19
12719 -21
12720 -21
12721 -20
12722 -20
12723 -21
12724 -22
12725 -22
12726 -23
12727 -23
12728 -22
12729 -22
12730 -23
12731 -24
12732 -24
12733 -22
12734 -22
12735 -21
12736 -21
12737 -22
12738 -23
12739 -23
12740 -15
12741 -15
12742 -14
12743 -14
12744 -15
12745 -16
12746 -16
12747 -14
12748 -14
12749 -13
12750 -13
12751 -14
12752 -15
12753 -15
12754 -12
12755 -12
12756 -11
12757 -11
12758 -12
12759 -13
12760 -13
12761 -13
12762 -13
12763 -12
12764 -12
12765 -13
12766 -14
12767 -14
12768 -16
12769 -16
12770 -15
12771 -15
12772 -16
12773 -17
12774 -17
12775 -18
12776 -18
12777 -17
12778 -17
12779 -18
12780 -19
12781 -19
12782 -17
12783 -17
12784 -16
12785 -16
12786 -17
12787 -18
12788 -18
12789 -12
12790 -12
12791 -11
12792 -11
12793 -12
12794 -13
12795 -13
12796 -11
12797 -11
12798 -10
12799 -10
12800 -11
12801 -12
12802 -12
12803 -9
12804 -9
12805 -8
12806 -8
12807 -9
12808 -10
12809 -10
12810 -10
12811 -10
12812 -9
12813 -9
12814 -10
12815 -11
12816 -11
12817 -13
12818 -13
12819 -12
12820 -12
12821 -13
12822 -14
12823 -14
12824 -15
12825 -15
12826 -14
12827 -14
12828 -15
12829 -16
12830 -16
12831 -14
12832 -14
12833 -13
12834 -13
12835 -14
12836 -15
12837 -15
12838 -17
12839 -17
12840 -16
12841 -16
12842 -17
12843 -18
12844 -18
12845 -16
12846 -16
12847 -15
12848 -15
12849 -16
12850 -17
12851 -17
12852 -14
12853 -14
12854 -13
12855 -13
12856 -14
12857 -15
12858 -15
12859 -15
12860 -15
12861 -14
12862 -14
12863 -15
12864 -16
12865 -16
12866 -18
12867 -18
12868 -17
12869 -17
12870 -18
12871 -19
12872 -19
12873 -20
12874 -20
12875 -19
12876 -19
12877 -20
12878 -21
12879 -21
12880 -19
12881 -19
12882 -18
12883 -18
12884 -19
12885 -20
12886 -20
12887 -25
12888 -25
12889 -24
12890 -24
12891 -25
12892 -26
12893 -26
12894 -24
12895 -24
12896 -23
12897 -23
12898 -24
12899 -25
12900 -25
12901 -22
12902 -22
12903 -21
12904 -21
12905 -22
12906 -23
12907 -23
12908 -23
12909 -23
12910 -22
12911 -22
12912 -23
12913 -24
12914 -24
12915 -26
12916 -26
12917 -25
12918 -25
12919 -26
12920 -27
12921 -27
12922 -28
12923 -28
12924 -27
12925 -27
12926 -28
12927 -29
12928 -29
12929 -27
12930 -27
12931 -26
12932 -26
12933 -27
12934 -28
12935 -28
12936 -28
12937 -28
12938 -27
12939 -27
12940 -28
12941 -29
12942 -29
12943 -27
12944 -27
12945 -26
12946 -26
12947 -27
12948 -28
12949 -28
12950 -25
12951 -25
12952 -24
12953 -24
12954 -25
12955 -26
12956 -26
12957 -26
12958 -26
12959 -25
12960 -25
12961 -26
12962 -27
12963 -27
12964 -29
12965 -29
12966 -28
12967 -28
12968 -29
12969 -30
12970 -30
12971 -31
12972 -31
12973 -30
12974 -30
12975 -31
12976 -32
12977 -32
12978 -30
12979 -30
12980 -29
12981 -29
12982 -30
12983 -31
12984 -31
12985 -23
12986 -23
12987 -22
12988 -22
12989 -23
12990 -24
12991 -24
12992 -22
12993 -22
12994 -21
12995 -21
12996 -22
12997 -23
12998 -23
12999 -20
13000 -20
13001 -19
13002 -19
13003 -20
13004 -21
13005 -21
13006 -21
13007 -21
13008 -20
13009 -20
13010 -21
13011 -22
13012 -22
13013 -24
13014 -24
13015 -23
13016 -23
13017 -24
13018 -25
13019 -25
13020 -26
13021 -26
13022 -25
13023 -25
13024 -26
13025 -27
13026 -27
13027 -25
13028 -25
13029 -24
13030 -24
13031 -25
13032 -26
13033 -26
13034 -38
13035 -38
13036 -37
13037 -37
13038 -38
13039 -39
13040 -39
13041 -37
13042 -37
13043 -36
13044 -36
13045 -37
13046 -38
13047 -38
13048 -35
13049 -35
13050 -34
13051 -34
13052 -35
13053 -36
13054 -36
13055 -36
13056 -36
13057 -35
13058 -35
13059 -36
13060 -37
13061 -37
13062 -39
13063 -39
13064 -38
13065 -38
13066 -39
13067 -40
13068 -40
13069 -41
13070 -41
13071 -40
13072 -40
13073 -41
13074 -42
13075 -42
13076 -40
13077 -40
13078 -39
13079 -39
13080 -40
13081 -41
13082 -41
13083 -33
13084 -33
13085 -32
13086 -32
13087 -33
13088 -34
13089 -34
13090 -32
13091 -32
13092 -31
13093 -31
13094 -32
13095 -33
13096 -33
13097 -30
13098 -30
13099 -29
13100 -29
13101 -30
13102 -31
13103 -31
13104 -31
13105 -31
13106 -30
13107 -30
13108 -31
13109 -32
13110 -32
13111 -34
13112 -34
13113 -33
13114 -33
13115 -34
13116 -35
13117 -35
13118 -36
13119 -36
13120 -35
13121 -35
13122 -36
13123 -37
13124 -37
13125 -35
13126 -35
13127 -34
13128 -34
13129 -35
13130 -36
13131 -36
13132 -30
13133 -30
13134 -29
13135 -29
13136 -30
13137 -31
13138 -31
13139 -29
13140 -29
13141 -28
13142 -28
13143 -29
13144 -30
13145 -30
13146 -27
13147 -27
13148 -26
13149 -26
13150 -27
13151 -28
13152 -28
13153 -28
13154 -28
13155 -27
13156 -27
13157 -28
13158 -29
13159 -29
13160 -31
13161 -31
13162 -30
13163 -30
13164 -31
13165 -32
13166 -32
13167 -33
13168 -33
13169 -32
13170 -32
13171 -33
13172 -34
13173 -34
13174 -32
13175 -32
13176 -31
13177 -31
13178 -32
13179 -33
13180 -33
13181 -35
13182 -35
13183 -34
13184 -34
13185 -35
13186 -36
13187 -36
13188 -34
13189 -34
13190 -33
13191 -33
13192 -34
13193 -35
13194 -35
13195 -32
13196 -32
13197 -31
13198 -31
13199 -32
13200 -33
13201 -33
13202 -33
13203 -33
13204 -32
13205 -32
13206 -33
13207 -34
13208 -34
13209 -36
13210 -36
13211 -35
13212 -35
13213 -36
13214 -37
13215 -37
13216 -38
13217 -38
13218 -37
13219 -37
13220 -38
13221 -39
13222 -39
13223 -37
13224 -37
13225 -36
13226 -36
13227 -37
13228 -38
13229 -38
13230 -43
13231 -43
13232 -42
13233 -42
13234 -43
13235 -44
13236 -44
13237 -42
13238 -42
13239 -41
13240 -41
13241 -42
13242 -43
13243 -43
13244 -40
13245 -40
13246 -39
13247 -39
13248 -40
13249 -41
13250 -41
13251 -41
13252 -41
13253 -40
13254 -40
13255 -41
13256 -42
13257 -42
13258 -44
13259 -44
13260 -43
13261 -43
13262 -44
13263 -45
13264 -45
13265 -46
13266 -46
13267 -45
13268 -45
13269 -46
13270 -47
13271 -47
13272 -45
13273 -45
13274 -44
13275 -44
13276 -45
13277 -46
13278 -46
13279 -46
13280 -46
13281 -45
13282 -45
13283 -46
13284 -47
13285 -47
13286 -45
13287 -45
13288 -44
13289 -44
13290 -45
13291 -46
13292 -46
13293 -43
13294 -43
13295 -42
13296 -42
13297 -43
13298 -44
13299 -44
13300 -44
13301 -44
13302 -43
13303 -43
13304 -44
13305 -45
13306 -45
13307 -47
13308 -47
13309 -46
13310 -46
13311 -47
13312 -48
13313 -48
13314 -49
13315 -49
13316 -48
13317 -48
13318 -49
13319 -50
13320 -50
13321 -48
13322 -48
13323 -47
13324 -47
13325 -48
13326 -49
13327 -49
13328 -41
13329 -41
13330 -40
13331 -40
13332 -41
13333 -42
13334 -42
13335 -40
13336 -40
13337 -39
13338 -39
13339 -40
13340 -41
13341 -41
13342 -38
13343 -38
13344 -37
13345 -37
13346 -38
13347 -39
13348 -39
13349 -39
13350 -39
13351 -38
13352 -38
13353 -39
13354 -40
13355 -40
13356 -42
13357 -42
13358 -41
13359 -41
13360 -42
13361 -43
13362 -43
13363 -44
13364 -44
13365 -43
13366 -43
13367 -44
13368 -45
13369 -45
13370 -43
13371 -43
13372 -42
13373 -42
13374 -43
13375 -44
13376 -44
13377 -57
13378 -57
13379 -56
13380 -56
13381 -57
13382 -58
13383 -58
13384 -56
13385 -56
13386 -55
13387 -55
13388 -56
13389 -57
13390 -57
13391 -54
13392 -54
13393 -53
13394 -53
13395 -54
13396 -55
13397 -55
13398 -55
13399 -55
13400 -54
13401 -54
13402 -55
13403 -56
13404 -56
13405 -58
13406 -58
13407 -57
13408 -57
13409 -58
13410 -59
13411 -59
13412 -60
13413 -60
13414 -59
13415 -59
13416 -60
13417 -61
13418 -61
13419 -59
13420 -59
13421 -58
13422 -58
13423 -59
13424 -60
13425 -60
13426 -52
13427 -52
13428 -51
13429 -51
13430 -52
13431 -53
13432 -53
13433 -51
13434 -51
13435 -50
13436 -50
13437 -51
13438 -52
13439 -52
13440 -49
13441 -49
13442 -48
13443 -48
13444 -49
13445 -50
13446 -50
13447 -50
13448 -50
13449 -49
13450 -49
13451 -50
13452 -51
13453 -51
13454 -53
13455 -53
13456 -52
13457 -52
13458 -53
13459 -54
13460 -54
13461 -55
13462 -55
13463 -54
13464 -54
13465 -55
13466 -56
13467 -56
13468 -54
13469 -54
13470 -53
13471 -53
13472 -54
13473 -55
13474 -55
13475 -49
13476 -49
13477 -48
13478 -48
13479 -49
13480 -50
13481 -50
13482 -48
13483 -48
13484 -47
13485 -47
13486 -48
13487 -49
13488 -49
13489 -46
13490 -46
13491 -45
13492 -45
13493 -46
13494 -47
13495 -47
13496 -47
13497 -47
13498 -46
13499 -46
13500 -47
13501 -48
13502 -48
13503 -50
13504 -50
13505 -49
13506 -49
13507 -50
13508 -51
13509 -51
13510 -52
13511 -52
13512 -51
13513 -51
13514 -52
13515 -53
13516 -53
13517 -51
13518 -51
13519 -50
13520 -50
13521 -51
13522 -52
13523 -52
13524 -54
13525 -54
13526 -53
13527 -53
13528 -54
13529 -55
13530 -55
13531 -53
13532 -53
13533 -52
13534 -52
13535 -53
13536 -54
13537 -54
13538 -51
13539 -51
13540 -50
13541 -50
13542 -51
13543 -52
13544 -52
13545 -52
13546 -52
13547 -51
13548 -51
13549 -52
13550 -53
13551 -53
13552 -55
13553 -55
13554 -54
13555 -54
13556 -55
13557 -56
13558 -56
13559 -57
13560 -57
13561 -56
13562 -56
13563 -57
13564 -58
13565 -58
13566 -56
13567 -56
13568 -55
13569 -55
13570 -56
13571 -57
13572 -57
13573 -62
13574 -62
13575 -61
13576 -61
13577 -62
13578 -63
13579 -63
13580 -61
13581 -61
13582 -60
13583 -60
13584 -61
13585 -62
13586 -62
13587 -59
13588 -59
13589 -58
13590 -58
13591 -59
13592 -60
13593 -60
13594 -60
13595 -60
13596 -59
13597 -59
13598 -60
13599 -61
13600 -61
13601 -63
13602 -63
13603 -62
13604 -62
13605 -63
13606 -64
13607 -64
13608 -65
13609 -65
13610 -64
13611 -64
13612 -65
13613 -66
13614 -66
13615 -64
13616 -64
13617 -63
13618 -63
13619 -64
13620 -65
13621 -65
13622 -65
13623 -65
13624 -64
13625 -64
13626 -65
13627 -66
13628 -66
13629 -64
13630 -64
13631 -63
13632 -63
13633 -64
13634 -65
13635 -65
13636 -62
13637 -62
13638 -61
13639 -61
13640 -62
13641 -63
13642 -63
13643 -63
13644 -63
13645 -62
13646 -62
13647 -63
13648 -64
13649 -64
13650 -66
13651 -66
13652 -65
13653 -65
13654 -66
13655 -67
13656 -67
13657 -68
13658 -68
13659 -67
13660 -67
13661 -68
13662 -69
13663 -69
13664 -67
13665 -67
13666 -66
13667 -66
13668 -67
13669 -68
13670 -68
13671 -60
13672 -60
13673 -59
13674 -59
13675 -60
13676 -61
13677 -61
13678 -59
13679 -59
13680 -58
13681 -58
13682 -59
13683 -60
13684 -60
13685 -57
13686 -57
13687 -56
13688 -56
13689 -57
13690 -58
13691 -58
13692 -58
13693 -58
13694 -57
13695 -57
13696 -58
13697 -59
13698 -59
13699 -61
13700 -61
13701 -60
13702 -60
13703 -61
13704 -62
13705 -62
13706 -63
13707 -63
13708 -62
13709 -62
13710 -63
13711 -64
13712 -64
13713 -62
13714 -62
13715 -61
13716 -61
13717 -62
13718 -63
13719 -63
13720 -58
13721 -58
13722 -57
13723 -57
13724 -58
13725 -59
13726 -59
13727 -57
13728 -57
13729 -56
13730 -56
13731 -57
13732 -58
13733 -58
13734 -55
13735 -55
13736 -54
13737 -54
13738 -55
13739 -56
13740 -56
13741 -56
13742 -56
13743 -55
13744 -55
13745 -56
13746 -57
13747 -57
13748 -59
13749 -59
13750 -58
13751 -58
13752 -59
13753 -60
13754 -60
13755 -61
13756 -61
13757 -60
13758 -60
13759 -61
13760 -62
13761 -62
13762 -60
13763 -60
13764 -59
13765 -59
13766 -60
13767 -61
13768 -61
13769 -53
13770 -53
13771 -52
13772 -52
13773 -53
13774 -54
13775 -54
13776 -52
13777 -52
13778 -51
13779 -51
13780 -52
13781 -53
13782 -53
13783 -50
13784 -50
13785 -49
13786 -49
13787 -50
13788 -51
13789 -51
13790 -51
13791 -51
13792 -50
13793 -50
13794 -51
13795 -52
13796 -52
13797 -54
13798 -54
13799 -53
13800 -53
13801 -54
13802 -55
13803 -55
13804 -56
13805 -56
13806 -55
13807 -55
13808 -56
13809 -57
13810 -57
13811 -55
13812 -55
13813 -54
13814 -54
13815 -55
13816 -56
13817 -56
13818 -50
13819 -50
13820 -49
13821 -49
13822 -50
13823 -51
13824 -51
13825 -49
13826 -49
13827 -48
13828 -48
13829 -49
13830 -50
13831 -50
13832 -47
13833 -47
13834 -46
13835 -46
13836 -47
13837 -48
13838 -48
13839 -48
13840 -48
13841 -47
13842 -47
13843 -48
13844 -49
13845 -49
13846 -51
13847 -51
13848 -50
13849 -50
13850 -51
13851 -52
13852 -52
13853 -53
13854 -53
13855 -52
13856 -52
13857 -53
13858 -54
13859 -54
13860 -52
13861 -52
13862 -51
13863 -51
13864 -52
13865 -53
13866 -53
13867 -55
13868 -55
13869 -54
13870 -54
13871 -55
13872 -56
13873 -56
13874 -54
13875 -54
13876 -53
13877 -53
13878 -54
13879 -55
13880 -55
13881 -52
13882 -52
13883 -51
13884 -51
13885 -52
13886 -53
13887 -53
13888 -53
13889 -53
13890 -52
13891 -52
13892 -53
13893 -54
13894 -54
13895 -56
13896 -56
13897 -55
13898 -55
13899 -56
13900 -57
13901 -57
13902 -58
13903 -58
13904 -57
13905 -57
13906 -58
13907 -59
13908 -59
13909 -57
13910 -57
13911 -56
13912 -56
13913 -57
13914 -58
13915 -58
13916 -63
13917 -63
13918 -62
13919 -62
13920 -63
13921 -64
13922 -64
13923 -62
13924 -62
13925 -61
13926 -61
13927 -62
13928 -63
13929 -63
13930 -60
13931 -60
13932 -59
13933 -59
13934 -60
13935 -61
13936 -61
13937 -61
13938 -61
13939 -60
13940 -60
13941 -61
13942 -62
13943 -62
13944 -64
13945 -64
13946 -63
13947 -63
13948 -64
13949 -65
13950 -65
13951 -66
13952 -66
13953 -65
13954 -65
13955 -66
13956 -67
13957 -67
13958 -65
13959 -65
13960 -64
13961 -64
13962 -65
13963 -66
13964 -66
13965 -66
13966 -66
13967 -65
13968 -65
13969 -66
13970 -67
13971 -67
13972 -65
13973 -65
13974 -64
13975 -64
13976 -65
13977 -66
13978 -66
13979 -63
13980 -63
13981 -62
13982 -62
13983 -63
13984 -64
13985 -64
13986 -64
13987 -64
13988 -63
13989 -63
13990 -64
13991 -65
13992 -65
13993 -67
13994 -67
13995 -66
13996 -66
13997 -67
13998 -68
13999 -68
14000 -69
14001 -69
14002 -68
14003 -68
14004 -69
14005 -70
14006 -70
14007 -68
14008 -68
14009 -67
14010 -67
14011 -68
14012 -69
14013 -69
14014 -61
14015 -61
14016 -60
14017 -60
14018 -61
14019 -62
14020 -62
14021 -60
14022 -60
14023 -59
14024 -59
14025 -60
14026 -61
14027 -61
14028 -58
14029 -58
14030 -57
14031 -57
14032 -58
14033 -59
14034 -59
14035 -59
14036 -59
14037 -58
14038 -58
14039 -59
14040 -60
14041 -60
14042 -62
14043 -62
14044 -61
14045 -61
14046 -62
14047 -63
14048 -63
14049 -64
14050 -64
14051 -63
14052 -63
14053 -64
14054 -65
14055 -65
14056 -63
14057 -63
14058 -62
14059 -62
14060 -63
14061 -64
14062 -64
14063 -40
14064 -40
14065 -39
14066 -39
14067 -40
14068 -41
14069 -41
14070 -39
14071 -39
14072 -38
14073 -38
14074 -39
14075 -40
14076 -40
14077 -37
14078 -37
14079 -36
14080 -36
14081 -37
14082 -38
14083 -38
14084 -38
14085 -38
14086 -37
14087 -37
14088 -38
14089 -39
14090 -39
14091 -41
14092 -41
14093 -40
14094 -40
14095 -41
14096 -42
14097 -42
14098 -43
14099 -43
14100 -42
14101 -42
14102 -43
14103 -44
14104 -44
14105 -42
14106 -42
14107 -41
14108 -41
14109 -42
14110 -43
14111 -43
14112 -35
14113 -35
14114 -34
14115 -34
14116 -35
14117 -36
14118 -36
14119 -34
14120 -34
14121 -33
14122 -33
14123 -34
14124 -35
14125 -35
14126 -32
14127 -32
14128 -31
14129 -31
14130 -32
14131 -33
14132 -33
14133 -33
14134 -33
14135 -32
14136 -32
14137 -33
14138 -34
14139 -34
14140 -36
14141 -36
14142 -35
14143 -35
14144 -36
14145 -37
14146 -37
14147 -38
14148 -38
14149 -37
14150 -37
14151 -38
14152 -39
14153 -39
14154 -37
14155 -37
14156 -36
14157 -36
14158 -37
14159 -38
14160 -38
14161 -32
14162 -32
14163 -31
14164 -31
14165 -32
14166 -33
14167 -33
14168 -31
14169 -31
14170 -30
14171 -30
14172 -31
14173 -32
14174 -32
14175 -29
14176 -29
14177 -28
14178 -28
14179 -29
14180 -30
14181 -30
14182 -30
14183 -30
14184 -29
14185 -29
14186 -30
14187 -31
14188 -31
14189 -33
14190 -33
14191 -32
14192 -32
14193 -33
14194 -34
14195 -34
14196 -35
14197 -35
14198 -34
14199 -34
14200 -35
14201 -36
14202 -36
14203 -34
14204 -34
14205 -33
14206 -33
14207 -34
14208 -35
14209 -35
14210 -37
14211 -37
14212 -36
14213 -36
14214 -37
14215 -38
14216 -38
14217 -36
14218 -36
14219 -35
14220 -35
14221 -36
14222 -37
14223 -37
14224 -34
14225 -34
14226 -33
14227 -33
14228 -34
14229 -35
14230 -35
14231 -35
14232 -35
14233 -34
14234 -34
14235 -35
14236 -36
14237 -36
14238 -38
14239 -38
14240 -37
14241 -37
14242 -38
14243 -39
14244 -39
14245 -40
14246 -40
14247 -39
14248 -39
14249 -40
14250 -41
14251 -41
14252 -39
14253 -39
14254 -38
14255 -38
14256 -39
14257 -40
14258 -40
14259 -45
14260 -45
14261 -44
14262 -44
14263 -45
14264 -46
14265 -46
14266 -44
14267 -44
14268 -43
14269 -43
14270 -44
14271 -45
14272 -45
14273 -42
14274 -42
14275 -41
14276 -41
14277 -42
14278 -43
14279 -43
14280 -43
14281 -43
14282 -42
14283 -42
14284 -43
14285 -44
14286 -44
14287 -46
14288 -46
14289 -45
14290 -45
14291 -46
14292 -47
14293 -47
14294 -48
14295 -48
14296 -47
14297 -47
14298 -48
14299 -49
14300 -49
14301 -47
14302 -47
14303 -46
14304 -46
14305 -47
14306 -48
14307 -48
14308 -48
14309 -48
14310 -47
14311 -47
14312 -48
14313 -49
14314 -49
14315 -47
14316 -47
14317 -46
14318 -46
14319 -47
14320 -48
14321 -48
14322 -45
14323 -45
14324 -44
14325 -44
14326 -45
14327 -46
14328 -46
14329 -46
14330 -46
14331 -45
14332 -45
14333 -46
14334 -47
14335 -47
14336 -49
14337 -49
14338 -48
14339 -48
14340 -49
14341 -50
14342 -50
14343 -51
14344 -51
14345 -50
14346 -50
14347 -51
14348 -52
14349 -52
14350 -50
14351 -50
14352 -49
14353 -49
14354 -50
14355 -51
14356 -51
14357 -43
14358 -43
14359 -42
14360 -42
14361 -43
14362 -44
14363 -44
14364 -42
14365 -42
14366 -41
14367 -41
14368 -42
14369 -43
14370 -43
14371 -40
14372 -40
14373 -39
14374 -39
14375 -40
14376 -41
14377 -41
14378 -41
14379 -41
14380 -40
14381 -40
14382 -41
14383 -42
14384 -42
14385 -44
14386 -44
14387 -43
14388 -43
14389 -44
14390 -45
14391 -45
14392 -46
14393 -46
14394 -45
14395 -45
14396 -46
14397 -47
14398 -47
14399 -45
14400 -45
14401 -44
14402 -44
14403 -45
14404 -46
14405 -46
14406 16
14407 16
14408 17
14409 17
14410 16
14411 15
14412 15
14413 17
14414 17
14415 18
14416 18
14417 17
14418 16
14419 16
14420 19
14421 19
14422 20
14423 20
14424 19
14425 18
14426 18
14427 18
14428 18
14429 19
14430 19
14431 18
14432 17
14433 17
14434 15
14435 15
14436 16
14437 16
14438 15
14439 14
14440 14
14441 13
14442 13
14443 14
14444 14
14445 13
14446 12
14447 12
14448 14
14449 14
14450 15
14451 15
14452 14
14453 13
14454 13
14455 21
14456 21
14457 22
14458 22
14459 21
14460 20
14461 20
14462 22
14463 22
14464 23
14465 23
14466 22
14467 21
14468 21
14469 24
14470 24
14471 25
14472 25
14473 24
14474 23
14475 23
14476 23
14477 23
14478 24
14479 24
14480 23
14481 22
14482 22
14483 20
14484 20
14485 21
14486 21
14487 20
14488 19
14489 19
14490 18
14491 18
14492 19
14493 19
14494 18
14495 17
14496 17
14497 19
14498 19
14499 20
14500 20
14501 19
14502 18
14503 18
14504 24
14505 24
14506 25
14507 25
14508 24
14509 23
14510 23
14511 25
14512 25
14513 26
14514 26
14515 25
14516 24
14517 24
14518 27
14519 27
14520 28
14521 28
14522 27
14523 26
14524 26
14525 26
14526 26
14527 27
14528 27
14529 26
14530 25
14531 25
14532 23
14533 23
14534 24
14535 24
14536 23
14537 22
14538 22
14539 21
14540 21
14541 22
14542 22
14543 21
14544 20
14545 20
14546 22
14547 22
14548 23
14549 23
14550 22
14551 21
14552 21
14553 19
14554 19
14555 20
14556 20
14557 19
14558 18
14559 18
14560 20
14561 20
14562 21
14563 21
14564 20
14565 19
14566 19
14567 22
14568 22
14569 23
14570 23
14571 22
14572 21
14573 21
14574 21
14575 21
14576 22
14577 22
14578 21
14579 20
14580 20
14581 18
14582 18
14583 19
14584 19
14585 18
14586 17
14587 17
14588 16
14589 16
14590 17
14591 17
14592 16
14593 15
14594 15
14595 17
14596 17
14597 18
14598 18
14599 17
14600 16
14601 16
14602 11
14603 11
14604 12
14605 12
14606 11
14607 10
14608 10
14609 12
14610 12
14611 13
14612 13
14613 12
14614 11
14615 11
14616 14
14617 14
14618 15
14619 15
14620 14
14621 13
14622 13
14623 13
14624 13
14625 14
14626 14
14627 13
14628 12
14629 12
14630 10
14631 10
14632 11
14633 11
14634 10
14635 9
14636 9
14637 8
14638 8
14639 9
14640 9
14641 8
14642 7
14643 7
14644 9
14645 9
14646 10
14647 10
14648 9
14649 8
14650 8
14651 8
14652 8
14653 9
14654 9
14655 8
14656 7
14657 7
14658 9
14659 9
14660 10
14661 10
14662 9
14663 8
14664 8
14665 11
14666 11
14667 12
14668 12
14669 11
14670 10
14671 10
14672 10
14673 10
14674 11
14675 11
14676 10
14677 9
14678 9
14679 7
14680 7
14681 8
14682 8
14683 7
14684 6
14685 6
14686 5
14687 5
14688 6
14689 6
14690 5
14691 4
14692 4
14693 6
14694 6
14695 7
14696 7
14697 6
14698 5
14699 5
14700 13
14701 13
14702 14
14703 14
14704 13
14705 12
14706 12
14707 14
14708 14
14709 15
14710 15
14711 14
14712 13
14713 13
14714 16
14715 16
14716 17
14717 17
14718 16
14719 15
14720 15
14721 15
14722 15
14723 16
14724 16
14725 15
14726 14
14727 14
14728 12
14729 12
14730 13
14731 13
14732 12
14733 11
14734 11
14735 10
14736 10
14737 11
14738 11
14739 10
14740 9
14741 9
14742 11
14743 11
14744 12
14745 12
14746 11
14747 10
14748 10
14749 34
14750 34
14751 35
14752 35
14753 34
14754 33
14755 33
14756 35
14757 35
14758 36
14759 36
14760 35
14761 34
14762 34
14763 37
14764 37
14765 38
14766 38
14767 37
14768 36
14769 36
14770 36
14771 36
14772 37
14773 37
14774 36
14775 35
14776 35
14777 33
14778 33
14779 34
14780 34
14781 33
14782 32
14783 32
14784 31
14785 31
14786 32
14787 32
14788 31
14789 30
14790 30
14791 32
14792 32
14793 33
14794 33
14795 32
14796 31
14797 31
14798 39
14799 39
14800 40
14801 40
14802 39
14803 38
14804 38
14805 40
14806 40
14807 41
14808 41
14809 40
14810 39
14811 39
14812 42
14813 42
14814 43
14815 43
14816 42
14817 41
14818 41
14819 41
14820 41
14821 42
14822 42
14823 41
14824 40
14825 40
14826 38
14827 38
14828 39
14829 39
14830 38
14831 37
14832 37
14833 36
14834 36
14835 37
14836 37
14837 36
14838 35
14839 35
14840 37
14841 37
14842 38
14843 38
14844 37
14845 36
14846 36
14847 42
14848 42
14849 43
14850 43
14851 42
14852 41
14853 41
14854 43
14855 43
14856 44
14857 44
14858 43
14859 42
14860 42
14861 45
14862 45
14863 46
14864 46
14865 45
14866 44
14867 44
14868 44
14869 44
14870 45
14871 45
14872 44
14873 43
14874 43
14875 41
14876 41
14877 42
14878 42
14879 41
14880 40
14881 40
14882 39
14883 39
14884 40
14885 40
14886 39
14887 38
14888 38
14889 40
14890 40
14891 41
14892 41
14893 40
14894 39
14895 39
14896 37
14897 37
14898 38
14899 38
14900 37
14901 36
14902 36
14903 38
14904 38
14905 39
14906 39
14907 38
14908 37
14909 37
14910 40
14911 40
14912 41
14913 41
14914 40
14915 39
14916 39
14917 39
14918 39
14919 40
14920 40
14921 39
14922 38
14923 38
14924 36
14925 36
14926 37
14927 37
14928 36
14929 35
14930 35
14931 34
14932 34
14933 35
14934 35
14935 34
14936 33
14937 33
14938 35
14939 35
14940 36
14941 36
14942 35
14943 34
14944 34
14945 29
14946 29
14947 30
14948 30
14949 29
14950 28
14951 28
14952 30
14953 30
14954 31
14955 31
14956 30
14957 29
14958 29
14959 32
14960 32
14961 33
14962 33
14963 32
14964 31
14965 31
14966 31
14967 31
14968 32
14969 32
14970 31
14971 30
14972 30
14973 28
14974 28
14975 29
14976 29
14977 28
14978 27
14979 27
14980 26
14981 26
14982 27
14983 27
14984 26
14985 25
14986 25
14987 27
14988 27
14989 28
14990 28
14991 27
14992 26
14993 26
14994 26
14995 26
14996 27
14997 27
14998 26
14999 25
15000 25
15001 27
15002 27
15003 28
15004 28
15005 27
15006 26
15007 26
15008 29
15009 29
15010 30
15011 30
15012 29
15013 28
15014 28
15015 28
15016 28
15017 29
15018 29
15019 28
15020 27
15021 27
15022 25
15023 25
15024 26
15025 26
15026 25
15027 24
15028 24
15029 23
15030 23
15031 24
15032 24
15033 23
15034 22
15035 22
15036 24
15037 24
15038 25
15039 25
15040 24
15041 23
15042 23
15043 31
15044 31
15045 32
15046 32
15047 31
15048 30
15049 30
15050 32
15051 32
15052 33
15053 33
15054 32
15055 31
15056 31
15057 34
15058 34
15059 35
15060 35
15061 34
15062 33
15063 33
15064 33
15065 33
15066 34
15067 34
15068 33
15069 32
15070 32
15071 30
15072 30
15073 31
15074 31
15075 30
15076 29
15077 29
15078 28
15079 28
15080 29
15081 29
15082 28
15083 27
15084 27
15085 29
15086 29
15087 30
15088 30
15089 29
15090 28
15091 28
15092 35
15093 35
15094 36
15095 36
15096 35
15097 34
15098 34
15099 36
15100 36
15101 37
15102 37
15103 36
15104 35
15105 35
15106 38
15107 38
15108 39
15109 39
15110 38
15111 37
15112 37
15113 37
15114 37
15115 38
15116 38
15117 37
15118 36
15119 36
15120 34
15121 34
15122 35
15123 35
15124 34
15125 33
15126 33
15127 32
15128 32
15129 33
15130 33
15131 32
15132 31
15133 31
15134 33
15135 33
15136 34
15137 34
15138 33
15139 32
15140 32
15141 40
15142 40
15143 41
15144 41
15145 40
15146 39
15147 39
15148 41
15149 41
15150 42
15151 42
15152 41
15153 40
15154 40
15155 43
15156 43
15157 44
15158 44
15159 43
15160 42
15161 42
15162 42
15163 42
15164 43
15165 43
15166 42
15167 41
15168 41
15169 39
15170 39
15171 40
15172 40
15173 39
15174 38
15175 38
15176 37
15177 37
15178 38
15179 38
15180 37
15181 36
15182 36
15183 38
15184 38
15185 39
15186 39
15187 38
15188 37
15189 37
15190 43
15191 43
15192 44
15193 44
15194 43
15195 42
15196 42
15197 44
15198 44
15199 45
15200 45
15201 44
15202 43
15203 43
15204 46
15205 46
15206 47
15207 47
15208 46
15209 45
15210 45
15211 45
15212 45
15213 46
15214 46
15215 45
15216 44
15217 44
15218 42
15219 42
15220 43
15221 43
15222 42
15223 41
15224 41
15225 40
15226 40
15227 41
15228 41
15229 40
15230 39
15231 39
15232 41
15233 41
15234 42
15235 42
15236 41
15237 40
15238 40
15239 38
15240 38
15241 39
15242 39
15243 38
15244 37
15245 37
15246 39
15247 39
15248 40
15249 40
15250 39
15251 38
15252 38
15253 41
15254 41
15255 42
15256 42
15257 41
15258 40
15259 40
15260 40
15261 40
15262 41
15263 41
15264 40
15265 39
15266 39
15267 37
15268 37
15269 38
15270 38
15271 37
15272 36
15273 36
15274 35
15275 35
15276 36
15277 36
15278 35
15279 34
15280 34
15281 36
15282 36
15283 37
15284 37
15285 36
15286 35
15287 35
15288 30
15289 30
15290 31
15291 31
15292 30
15293 29
15294 29
15295 31
15296 31
15297 32
15298 32
15299 31
15300 30
15301 30
15302 33
15303 33
15304 34
15305 34
15306 33
15307 32
15308 32
15309 32
15310 32
15311 33
15312 33
15313 32
15314 31
15315 31
15316 29
15317 29
15318 30
15319 30
15320 29
15321 28
15322 28
15323 27
15324 27
15325 28
15326 28
15327 27
15328 26
15329 26
15330 28
15331 28
15332 29
15333 29
15334 28
15335 27
15336 27
15337 27
15338 27
15339 28
15340 28
15341 27
15342 26
15343 26
15344 28
15345 28
15346 29
15347 29
15348 28
15349 27
15350 27
15351 30
15352 30
15353 31
15354 31
15355 30
15356 29
15357 29
15358 29
15359 29
15360 30
15361 30
15362 29
15363 28
15364 28
15365 26
15366 26
15367 27
15368 27
15369 26
15370 25
15371 25
15372 24
15373 24
15374 25
15375 25
15376 24
15377 23
15378 23
15379 25
15380 25
15381 26
15382 26
15383 25
15384 24
15385 24
15386 32
15387 32
15388 33
15389 33
15390 32
15391 31
15392 31
15393 33
15394 33
15395 34
15396 34
15397 33
15398 32
15399 32
15400 35
15401 35
15402 36
15403 36
15404 35
15405 34
15406 34
15407 34
15408 34
15409 35
15410 35
15411 34
15412 33
15413 33
15414 31
15415 31
15416 32
15417 32
15418 31
15419 30
15420 30
15421 29
15422 29
15423 30
15424 30
15425 29
15426 28
15427 28
15428 30
15429 30
15430 31
15431 31
15432 30
15433 29
15434 29
15435 17
15436 17
15437 18
15438 18
15439 17
15440 16
15441 16
15442 18
15443 18
15444 19
15445 19
15446 18
15447 17
15448 17
15449 20
15450 20
15451 21
15452 21
15453 20
15454 19
15455 19
15456 19
15457 19
15458 20
15459 20
15460 19
15461 18
15462 18
15463 16
15464 16
15465 17
15466 17
15467 16
15468 15
15469 15
15470 14
15471 14
15472 15
15473 15
15474 14
15475 13
15476 13
15477 15
15478 15
15479 16
15480 16
15481 15
15482 14
15483 14
15484 22
15485 22
15486 23
15487 23
15488 22
15489 21
15490 21
15491 23
15492 23
15493 24
15494 24
15495 23
15496 22
15497 22
15498 25
15499 25
15500 26
15501 26
15502 25
15503 24
15504 24
15505 24
15506 24
15507 25
15508 25
15509 24
15510 23
15511 23
15512 21
15513 21
15514 22
15515 22
15516 21
15517 20
15518 20
15519 19
15520 19
15521 20
15522 20
15523 19
15524 18
15525 18
15526 20
15527 20
15528 21
15529 21
15530 20
15531 19
15532 19
15533 25
15534 25
15535 26
15536 26
15537 25
15538 24
15539 24
15540 26
15541 26
15542 27
15543 27
15544 26
15545 25
15546 25
15547 28
15548 28
15549 29
15550 29
15551 28
15552 27
15553 27
15554 27
15555 27
15556 28
15557 28
15558 27
15559 26
15560 26
15561 24
15562 24
15563 25
15564 25
15565 24
15566 23
15567 23
15568 22
15569 22
15570 23
15571 23
15572 22
15573 21
15574 21
15575 23
15576 23
15577 24
15578 24
15579 23
15580 22
15581 22
15582 20
15583 20
15584 21
15585 21
15586 20
15587 19
15588 19
15589 21
15590 21
15591 22
15592 22
15593 21
15594 20
15595 20
15596 23
15597 23
15598 24
15599 24
15600 23
15601 22
15602 22
15603 22
15604 22
15605 23
15606 23
15607 22
15608 21
15609 21
15610 19
15611 19
15612 20
15613 20
15614 19
15615 18
15616 18
15617 17
15618 17
15619 18
15620 18
15621 17
15622 16
15623 16
15624 18
15625 18
15626 19
15627 19
15628 18
15629 17
15630 17
15631 12
15632 12
15633 13
15634 13
15635 12
15636 11
15637 11
15638 13
15639 13
15640 14
15641 14
15642 13
15643 12
15644 12
15645 15
15646 15
15647 16
15648 16
15649 15
15650 14
15651 14
15652 14
15653 14
15654 15
15655 15
15656 14
15657 13
15658 13
15659 11
15660 11
15661 12
15662 12
15663 11
15664 10
15665 10
15666 9
15667 9
15668 10
15669 10
15670 9
15671 8
15672 8
15673 10
15674 10
15675 11
15676 11
15677 10
15678 9
15679 9
15680 9
15681 9
15682 10
15683 10
15684 9
15685 8
15686 8
15687 10
15688 10
15689 11
15690 11
15691 10
15692 9
15693 9
15694 12
15695 12
15696 13
15697 13
15698 12
15699 11
15700 11
15701 11
15702 11
15703 12
15704 12
15705 11
15706 10
15707 10
15708 8
15709 8
15710 9
15711 9
15712 8
15713 7
15714 7
15715 6
15716 6
15717 7
15718 7
15719 6
15720 5
15721 5
15722 7
15723 7
15724 8
15725 8
15726 7
15727 6
15728 6
15729 14
15730 14
15731 15
15732 15
15733 14
15734 13
15735 13
15736 15
15737 15
15738 16
15739 16
15740 15
15741 14
15742 14
15743 17
15744 17
15745 18
15746 18
15747 17
15748 16
15749 16
15750 16
15751 16
15752 17
15753 17
15754 16
15755 15
15756 15
15757 13
15758 13
15759 14
15760 14
15761 13
15762 12
15763 12
15764 11
15765 11
15766 12
15767 12
15768 11
15769 10
15770 10
15771 12
15772 12
15773 13
15774 13
15775 12
15776 11
15777 11
15778 -2
15779 -2
15780 -1
15781 -1
15782 -2
15783 -3
15784 -3
15785 -1
15786 -1
15787 0
15788 0
15789 -1
15790 -2
15791 -2
15792 1
15793 1
15794 2
15795 2
15796 1
15797 0
15798 0
15799 0
15800 0
15801 1
15802 1
15803 0
15804 -1
15805 -1
15806 -3
15807 -3
15808 -2
15809 -2
15810 -3
15811 -4
15812 -4
15813 -5
15814 -5
15815 -4
15816 -4
15817 -5
15818 -6
15819 -6
15820 -4
15821 -4
15822 -3
15823 -3
15824 -4
15825 -5
15826 -5
15827 3
15828 3
15829 4
15830 4
15831 3
15832 2
15833 2
15834 4
15835 4
15836 5
15837 5
15838 4
15839 3
15840 3
15841 6
15842 6
15843 7
15844 7
15845 6
15846 5
15847 5
15848 5
15849 5
15850 6
15851 6
15852 5
15853 4
15854 4
15855 2
15856 2
15857 3
15858 3
15859 2
15860 1
15861 1
15862 0
15863 0
15864 1
15865 1
15866 0
15867 -1
15868 -1
15869 1
15870 1
15871 2
15872 2
15873 1
15874 0
15875 0
15876 6
15877 6
15878 7
15879 7
15880 6
15881 5
15882 5
15883 7
15884 7
15885 8
15886 8
15887 7
15888 6
15889 6
15890 9
15891 9
15892 10
15893 10
15894 9
15895 8
15896 8
15897 8
15898 8
15899 9
15900 9
15901 8
15902 7
15903 7
15904 5
15905 5
15906 6
15907 6
15908 5
15909 4
15910 4
15911 3
15912 3
15913 4
15914 4
15915 3
15916 2
15917 2
15918 4
15919 4
15920 5
15921 5
15922 4
15923 3
15924 3
15925 1
15926 1
15927 2
15928 2
15929 1
15930 0
15931 0
15932 2
15933 2
15934 3
15935 3
15936 2
15937 1
15938 1
15939 4
15940 4
15941 5
15942 5
15943 4
15944 3
15945 3
15946 3
15947 3
15948 4
15949 4
15950 3
15951 2
15952 2
15953 0
15954 0
15955 1
15956 1
15957 0
15958 -1
15959 -1
15960 -2
15961 -2
15962 -1
15963 -1
15964 -2
15965 -3
15966 -3
15967 -1
15968 -1
15969 0
15970 0
15971 -1
15972 -2
15973 -2
15974 -7
15975 -7
15976 -6
15977 -6
15978 -7
15979 -8
15980 -8
15981 -6
15982 -6
15983 -5
15984 -5
15985 -6
15986 -7
15987 -7
15988 -4
15989 -4
15990 -3
15991 -3
15992 -4
15993 -5
15994 -5
15995 -5
15996 -5
15997 -4
15998 -4
15999 -5
16000 -6
16001 -6
16002 -8
16003 -8
16004 -7
16005 -7
16006 -8
16007 -9
16008 -9
16009 -10
16010 -10
16011 -9
16012 -9
16013 -10
16014 -11
16015 -11
16016 -9
16017 -9
16018 -8
16019 -8
16020 -9
16021 -10
16022 -10
16023 -10
16024 -10
16025 -9
16026 -9
16027 -10
16028 -11
16029 -11
16030 -9
16031 -9
16032 -8
16033 -8
16034 -9
16035 -10
16036 -10
16037 -7
16038 -7
16039 -6
16040 -6
16041 -7
16042 -8
16043 -8
16044 -8
16045 -8
16046 -7
16047 -7
16048 -8
16049 -9
16050 -9
16051 -11
16052 -11
16053 -10
16054 -10
16055 -11
16056 -12
16057 -12
16058 -13
16059 -13
16060 -12
16061 -12
16062 -13
16063 -14
16064 -14
16065 -12
16066 -12
16067 -11
16068 -11
16069 -12
16070 -13
16071 -13
16072 -5
16073 -5
16074 -4
16075 -4
16076 -5
16077 -6
16078 -6
16079 -4
16080 -4
16081 -3
16082 -3
16083 -4
16084 -5
16085 -5
16086 -2
16087 -2
16088 -1
16089 -1
16090 -2
16091 -3
16092 -3
16093 -3
16094 -3
16095 -2
16096 -2
16097 -3
16098 -4
16099 -4
16100 -6
16101 -6
16102 -5
16103 -5
16104 -6
16105 -7
16106 -7
16107 -8
16108 -8
16109 -7
16110 -7
16111 -8
16112 -9
16113 -9
16114 -7
16115 -7
16116 -6
16117 -6
16118 -7
16119 -8
16120 -8
16121 -3
16122 -3
16123 -2
16124 -2
16125 -3
16126 -4
16127 -4
16128 -2
16129 -2
16130 -1
16131 -1
16132 -2
16133 -3
16134 -3
16135 0
16136 0
16137 1
16138 1
16139 0
16140 -1
16141 -1
16142 -1
16143 -1
16144 0
16145 0
16146 -1
16147 -2
16148 -2
16149 -4
16150 -4
16151 -3
16152 -3
16153 -4
16154 -5
16155 -5
16156 -6
16157 -6
16158 -5
16159 -5
16160 -6
16161 -7
16162 -7
16163 -5
16164 -5
16165 -4
16166 -4
16167 -5
16168 -6
16169 -6
16170 2
16171 2
16172 3
16173 3
16174 2
16175 1
16176 1
16177 3
16178 3
16179 4
16180 4
16181 3
16182 2
16183 2
16184 5
16185 5
16186 6
16187 6
16188 5
16189 4
16190 4
16191 4
16192 4
16193 5
16194 5
16195 4
16196 3
16197 3
16198 1
16199 1
16200 2
16201 2
16202 1
16203 0
16204 0
16205 -1
16206 -1
16207 0
16208 0
16209 -1
16210 -2
16211 -2
16212 0
16213 0
16214 1
16215 1
16216 0
16217 -1
16218 -1
16219 5
16220 5
16221 6
16222 6
16223 5
16224 4
16225 4
16226 6
16227 6
16228 7
16229 7
16230 6
16231 5
16232 5
16233 8
16234 8
16235 9
16236 9
16237 8
16238 7
16239 7
16240 7
16241 7
16242 8
16243 8
16244 7
16245 6
16246 6
16247 4
16248 4
16249 5
16250 5
16251 4
16252 3
16253 3
16254 2
16255 2
16256 3
16257 3
16258 2
16259 1
16260 1
16261 3
16262 3
16263 4
16264 4
16265 3
16266 2
16267 2
16268 0
16269 0
16270 1
16271 1
16272 0
16273 -1
16274 -1
16275 1
16276 1
16277 2
16278 2
16279 1
16280 0
16281 0
16282 3
16283 3
16284 4
16285 4
16286 3
16287 2
16288 2
16289 2
16290 2
16291 3
16292 3
16293 2
16294 1
16295 1
16296 -1
16297 -1
16298 0
16299 0
16300 -1
16301 -2
16302 -2
16303 -3
16304 -3
16305 -2
16306 -2
16307 -3
16308 -4
16309 -4
16310 -2
16311 -2
16312 -1
16313 -1
16314 -2
16315 -3
16316 -3
16317 -8
16318 -8
16319 -7
16320 -7
16321 -8
16322 -9
16323 -9
16324 -7
16325 -7
16326 -6
16327 -6
16328 -7
16329 -8
16330 -8
16331 -5
16332 -5
16333 -4
16334 -4
16335 -5
16336 -6
16337 -6
16338 -6
16339 -6
16340 -5
16341 -5
16342 -6
16343 -7
16344 -7
16345 -9
16346 -9
16347 -8
16348 -8
16349 -9
16350 -10
16351 -10
16352 -11
16353 -11
16354 -10
16355 -10
16356 -11
16357 -12
16358 -12
16359 -10
16360 -10
16361 -9
16362 -9
16363 -10
16364 -11
16365 -11
16366 -11
16367 -11
16368 -10
16369 -10
16370 -11
16371 -12
16372 -12
16373 -10
16374 -10
16375 -9
16376 -9
16377 -10
16378 -11
16379 -11
16380 -8
16381 -8
16382 -7
16383 -7
16384 -8
16385 -9
16386 -9
16387 -9
16388 -9
16389 -8
16390 -8
16391 -9
16392 -10
16393 -10
16394 -12
16395 -12
16396 -11
16397 -11
16398 -12
16399 -13
16400 -13
16401 -14
16402 -14
16403 -13
16404 -13
16405 -14
16406 -15
16407 -15
16408 -13
16409 -13
16410 -12
16411 -12
16412 -13
16413 -14
16414 -14
16415 -6
16416 -6
16417 -5
16418 -5
16419 -6
16420 -7
16421 -7
16422 -5
16423 -5
16424 -4
16425 -4
16426 -5
16427 -6
16428 -6
16429 -3
16430 -3
16431 -2
16432 -2
16433 -3
16434 -4
16435 -4
16436 -4
16437 -4
16438 -3
16439 -3
16440 -4
16441 -5
16442 -5
16443 -7
16444 -7
16445 -6
16446 -6
16447 -7
16448 -8
16449 -8
16450 -9
16451 -9
16452 -8
16453 -8
16454 -9
16455 -10
16456 -10
16457 -8
16458 -8
16459 -7
16460 -7
16461 -8
16462 -9
16463 -9
16464 15
16465 15
16466 16
16467 16
16468 15
16469 14
16470 14
16471 16
16472 16
16473 17
16474 17
16475 16
16476 15
16477 15
16478 18
16479 18
16480 19
16481 19
16482 18
16483 17
16484 17
16485 17
16486 17
16487 18
16488 18
16489 17
16490 16
16491 16
16492 14
16493 14
16494 15
16495 15
16496 14
16497 13
16498 13
16499 12
16500 12
16501 13
16502 13
16503 12
16504 11
16505 11
16506 13
16507 13
16508 14
16509 14
16510 13
16511 12
16512 12
16513 20
16514 20
16515 21
16516 21
16517 20
16518 19
16519 19
16520 21
16521 21
16522 22
16523 22
16524 21
16525 20
16526 20
16527 23
16528 23
16529 24
16530 24
16531 23
16532 22
16533 22
16534 22
16535 22
16536 23
16537 23
16538 22
16539 21
16540 21
16541 19
16542 19
16543 20
16544 20
16545 19
16546 18
16547 18
16548 17
16549 17
16550 18
16551 18
16552 17
16553 16
16554 16
16555 18
16556 18
16557 19
16558 19
16559 18
16560 17
16561 17
16562 23
16563 23
16564 24
16565 24
16566 23
16567 22
16568 22
16569 24
16570 24
16571 25
16572 25
16573 24
16574 23
16575 23
16576 26
16577 26
16578 27
16579 27
16580 26
16581 25
16582 25
16583 25
16584 25
16585 26
16586 26
16587 25
16588 24
16589 24
16590 22
16591 22
16592 23
16593 23
16594 22
16595 21
16596 21
16597 20
16598 20
16599 21
16600 21
16601 20
16602 19
16603 19
16604 21
16605 21
16606 22
16607 22
16608 21
16609 20
16610 20
16611 18
16612 18
16613 19
16614 19
16615 18
16616 17
16617 17
16618 19
16619 19
16620 20
16621 20
16622 19
16623 18
16624 18
16625 21
16626 21
16627 22
16628 22
16629 21
16630 20
16631 20
16632 20
16633 20
16634 21
16635 21
16636 20
16637 19
16638 19
16639 17
16640 17
16641 18
16642 18
16643 17
16644 16
16645 16
16646 15
16647 15
16648 16
16649 16
16650 15
16651 14
16652 14
16653 16
16654 16
16655 17
16656 17
16657 16
16658 15
16659 15
16660 10
16661 10
16662 11
16663 11
16664 10
16665 9
16666 9
16667 11
16668 11
16669 12
16670 12
16671 11
16672 10
16673 10
16674 13
16675 13
16676 14
16677 14
16678 13
16679 12
16680 12
16681 12
16682 12
16683 13
16684 13
16685 12
16686 11
16687 11
16688 9
16689 9
16690 10
16691 10
16692 9
16693 8
16694 8
16695 7
16696 7
16697 8
16698 8
16699 7
16700 6
16701 6
16702 8
16703 8
16704 9
16705 9
16706 8
16707 7
16708 7
16709 7
16710 7
16711 8
16712 8
16713 7
16714 6
16715 6
16716 8
16717 8
16718 9
16719 9
16720 8
16721 7
16722 7
16723 10
16724 10
16725 11
16726 11
16727 10
16728 9
16729 9
16730 9
16731 9
16732 10
16733 10
16734 9
16735 8
16736 8
16737 6
16738 6
16739 7
16740 7
16741 6
16742 5
16743 5
16744 4
16745 4
16746 5
16747 5
16748 4
16749 3
16750 3
16751 5
16752 5
16753 6
16754 6
16755 5
16756 4
16757 4
16758 12
16759 12
16760 13
16761 13
16762 12
16763 11
16764 11
16765 13
16766 13
16767 14
16768 14
16769 13
16770 12
16771 12
16772 15
16773 15
16774 16
16775 16
16776 15
16777 14
16778 14
16779 14
16780 14
16781 15
16782 15
16783 14
16784 13
16785 13
16786 11
16787 11
16788 12
16789 12
16790 11
16791 10
16792 10
16793 9
16794 9
16795 10
16796 10
16797 9
16798 8
16799 8
16800 10
16801 10
16802 11
16803 11
16804 10
16805 9
16806 9
