1 0
2 7
3 8
4 9
5 10
6 11
7 12
8 13
9 14
10 15
11 16
12 17
13 18
14 19
15 20
16 22
17 23
18 25
19 26
20 28
21 29
22 31
23 32
24 34
25 35
26 37
27 39
28 41
29 43
30 45
31 47
32 49
33 51
34 53
35 55
36 57
37 59
38 62
39 63
40 65
41 67
42 68
43 70
44 72
45 73
46 75
47 77
48 78
49 80
50 82
51 83
52 85
53 87
54 88
55 90
56 91
57 95
58 97
59 101
60 103
61 107
62 109
63 113
64 115
65 119
66 121
67 125
68 127
69 129
70 130
71 132
72 134
73 136
74 137
75 139
76 141
77 143
78 144
79 146
80 148
81 150
82 151
83 153
84 155
85 157
86 158
87 160
88 162
89 164
90 165
91 167
92 217
93 218
94 220
95 221
96 223
97 224
98 226
99 227
100 229
101 230
102 232
103 233
104 235
105 236
106 238
107 239
108 241
109 242
110 244
111 245
112 247
113 248
114 250
115 251
116 253
117 254
118 256
119 257
120 259
121 260
122 262
123 263
124 265
125 266
126 268
127 269
128 273
129 277
130 283
131 287
132 293
133 297
134 303
135 307
136 313
137 317
138 323
139 327
140 332
141 333
142 338
143 339
144 341
145 343
146 344
147 349
148 350
149 352
150 354
151 355
152 360
153 361
154 363
155 365
156 366
157 371
158 372
159 374
160 376
161 377
162 382
163 383
164 385
165 387
166 388
167 393
168 394
169 396
170 401
171 403
172 413
173 415
174 425
175 427
176 437
177 439
178 449
179 451
180 461
181 463
182 469
183 471
184 474
185 475
186 478
187 480
188 482
189 484
190 487
191 488
192 491
193 493
194 495
195 497
196 500
197 501
198 504
199 506
200 508
201 510
202 513
203 514
204 517
205 519
206 521
207 523
208 526
209 527
210 530
211 532
212 534
213 536
214 539
215 540
216 543
217 545
218 549
219 551
220 555
221 557
222 563
223 565
224 569
225 571
226 577
227 579
228 583
229 585
230 591
231 593
232 597
233 599
234 605
235 607
236 611
237 613
238 619
239 621
240 625
241 627
242 631
243 632
244 634
245 641
246 643
247 644
248 646
249 647
250 649
251 656
252 658
253 659
254 661
255 662
256 664
257 671
258 673
259 674
260 676
261 677
262 679
263 686
264 688
265 689
266 691
267 692
268 694
269 701
270 703
271 704
272 706
273 707
274 709
275 716
276 718
277 719
278 721
279 727
280 729
281 735
282 737
283 743
284 745
285 751
286 753
287 759
288 761
289 767
290 769
291 775
292 777
293 783
294 785
295 791
296 793
297 799
298 801
299 807
300 809
301 815
302 821
303 822
304 827
305 828
306 833
307 838
308 839
309 844
310 845
311 850
312 855
313 856
314 861
315 862
316 867
317 872
318 873
319 878
320 879
321 884
322 889
323 890
324 895
325 896
326 901
327 906
328 907
329 912
330 913
331 918
332 919
333 935
334 937
335 953
336 955
337 971
338 973
339 989
340 991
341 1007
342 1009
343 1025
344 1029
345 1032
346 1033
347 1035
348 1036
349 1038
350 1039
351 1042
352 1048
353 1051
354 1052
355 1054
356 1055
357 1057
358 1058
359 1061
360 1067
361 1070
362 1071
363 1073
364 1074
365 1076
366 1077
367 1080
368 1086
369 1089
370 1090
371 1092
372 1093
373 1095
374 1096
375 1099
376 1105
377 1108
378 1109
379 1111
380 1112
381 1114
382 1115
383 1118
384 1124
385 1127
386 1128
387 1130
388 1131
389 1133
390 1134
391 1137
392 1143
393 1157
394 1163
395 1177
396 1183
397 1197
398 1203
399 1217
400 1223
401 1237
402 1243
403 1257
404 1261
405 1264
406 1268
407 1270
408 1271
409 1273
410 1277
411 1280
412 1282
413 1285
414 1289
415 1291
416 1292
417 1294
418 1298
419 1301
420 1303
421 1306
422 1310
423 1312
424 1313
425 1315
426 1319
427 1322
428 1324
429 1327
430 1331
431 1333
432 1334
433 1336
434 1340
435 1343
436 1345
437 1348
438 1352
439 1354
440 1355
441 1357
442 1361
443 1364
444 1366
445 1369
446 1373
447 1375
448 1376
449 1378
450 1382
451 1385
452 1387
453 1393
454 1395
455 1399
456 1401
457 1407
458 1409
459 1415
460 1417
461 1421
462 1423
463 1429
464 1431
465 1437
466 1439
467 1443
468 1445
469 1451
470 1453
471 1459
472 1461
473 1465
474 1467
475 1473
476 1475
477 1481
478 1483
479 1487
480 1489
481 1495
482 1497
483 1503
484 1505
485 1509
486 1511
487 1517
488 1520
489 1523
490 1526
491 1529
492 1530
493 1533
494 1536
495 1539
496 1541
497 1543
498 1546
499 1549
500 1552
501 1553
502 1556
503 1559
504 1562
505 1564
506 1566
507 1569
508 1572
509 1575
510 1576
511 1579
512 1582
513 1585
514 1587
515 1589
516 1592
517 1595
518 1598
519 1599
520 1602
521 1605
522 1608
523 1610
524 1612
525 1615
526 1618
527 1621
528 1622
529 1625
530 1628
531 1631
532 1633
533 1635
534 1638
535 1641
536 1644
537 1645
538 1648
539 1651
540 1654
541 1656
542 1663
543 1667
544 1669
545 1673
546 1687
547 1691
548 1693
549 1697
550 1711
551 1715
552 1717
553 1721
554 1735
555 1739
556 1741
557 1745
558 1759
559 1763
560 1765
561 1769
562 1783
563 1787
564 1789
565 1793
566 1801
567 1804
568 1807
569 1818
570 1821
571 1824
572 1826
573 1829
574 1832
575 1843
576 1846
577 1849
578 1851
579 1854
580 1857
581 1868
582 1871
583 1874
584 1876
585 1879
586 1882
587 1893
588 1896
589 1899
590 1901
591 1904
592 1907
593 1918
594 1921
595 1924
596 1926
597 1929
598 1932
599 1943
600 1946
601 1949
602 1953
603 1955
604 1959
605 1967
606 1971
607 1973
608 1979
609 1981
610 1985
611 1993
612 1997
613 1999
614 2005
615 2007
616 2011
617 2019
618 2023
619 2025
620 2031
621 2033
622 2037
623 2045
624 2049
625 2051
626 2057
627 2059
628 2063
629 2071
630 2075
631 2077
632 2083
633 2085
634 2089
635 2097
636 2101
637 2103
638 2111
639 2114
640 2119
641 2120
642 2125
643 2128
644 2138
645 2141
646 2146
647 2147
648 2152
649 2155
650 2165
651 2168
652 2173
653 2174
654 2179
655 2182
656 2192
657 2195
658 2200
659 2201
660 2206
661 2209
662 2219
663 2222
664 2227
665 2228
666 2233
667 2236
668 2246
669 2249
670 2254
671 2255
672 2260
673 2263
674 2269
675 2271
676 2277
677 2287
678 2293
679 2295
680 2297
681 2299
682 2305
683 2315
684 2321
685 2323
686 2325
687 2327
688 2333
689 2343
690 2349
691 2351
692 2353
693 2355
694 2361
695 2371
696 2377
697 2379
698 2381
699 2383
700 2389
701 2399
702 2405
703 2407
704 2409
705 2411
706 2417
707 2427
708 2433
709 2435
710 2438
711 2444
712 2445
713 2447
714 2450
715 2451
716 2454
717 2456
718 2457
719 2463
720 2465
721 2467
722 2473
723 2474
724 2476
725 2479
726 2480
727 2483
728 2485
729 2486
730 2492
731 2494
732 2496
733 2502
734 2503
735 2505
736 2508
737 2509
738 2512
739 2514
740 2515
741 2521
742 2523
743 2525
744 2531
745 2532
746 2534
747 2537
748 2538
749 2541
750 2543
751 2544
752 2550
753 2552
754 2554
755 2560
756 2561
757 2563
758 2566
759 2567
760 2570
761 2572
762 2573
763 2579
764 2581
765 2583
766 2589
767 2590
768 2592
769 2595
770 2596
771 2599
772 2601
773 2602
774 2608
775 2610
776 2617
777 2621
778 2629
779 2633
780 2647
781 2651
782 2659
783 2663
784 2677
785 2681
786 2689
787 2693
788 2707
789 2711
790 2719
791 2723
792 2737
793 2741
794 2749
795 2753
796 2767
797 2771
798 2779
799 2783
800 2793
801 2794
802 2796
803 2800
804 2802
805 2803
806 2808
807 2809
808 2811
809 2815
810 2817
811 2818
812 2824
813 2825
814 2827
815 2831
816 2833
817 2834
818 2839
819 2840
820 2842
821 2846
822 2848
823 2849
824 2855
825 2856
826 2858
827 2862
828 2864
829 2865
830 2870
831 2871
832 2873
833 2877
834 2879
835 2880
836 2886
837 2887
838 2889
839 2893
840 2895
841 2896
842 2901
843 2902
844 2904
845 2908
846 2910
847 2911
848 2917
849 2918
850 2920
851 2924
852 2926
853 2927
854 2932
855 2933
856 2935
857 2939
858 2941
859 2942
860 2948
861 2949
862 2951
863 2955
864 2957
865 2958
866 2963
867 2964
868 2966
869 2970
870 2972
871 2973
872 2979
873 2991
874 2993
875 3005
876 3011
877 3023
878 3025
879 3037
880 3043
881 3055
882 3057
883 3069
884 3075
885 3087
886 3089
887 3101
888 3107
889 3119
890 3121
891 3133
892 3139
893 3151
894 3153
895 3165
896 3175
897 3178
898 3181
899 3182
900 3187
901 3188
902 3191
903 3194
904 3208
905 3211
906 3214
907 3215
908 3220
909 3221
910 3224
911 3227
912 3241
913 3244
914 3247
915 3248
916 3253
917 3254
918 3257
919 3260
920 3274
921 3277
922 3280
923 3281
924 3286
925 3287
926 3290
927 3293
928 3307
929 3310
930 3313
931 3314
932 3319
933 3320
934 3323
935 3326
936 3340
937 3343
938 3346
939 3347
940 3352
941 3353
942 3356
943 3359
944 3367
945 3369
946 3373
947 3379
948 3387
949 3393
950 3397
951 3399
952 3401
953 3403
954 3407
955 3413
956 3421
957 3427
958 3431
959 3433
960 3435
961 3437
962 3441
963 3447
964 3455
965 3461
966 3465
967 3467
968 3469
969 3471
970 3475
971 3481
972 3489
973 3495
974 3499
975 3501
976 3503
977 3505
978 3509
979 3515
980 3523
981 3529
982 3533
983 3535
984 3537
985 3539
986 3543
987 3549
988 3557
989 3563
990 3567
991 3569
992 3573
993 3576
994 3578
995 3579
996 3587
997 3588
998 3596
999 3597
1000 3599
1001 3602
1002 3608
1003 3611
1004 3613
1005 3614
1006 3622
1007 3623
1008 3631
1009 3632
1010 3634
1011 3637
1012 3643
1013 3646
1014 3648
1015 3649
1016 3657
1017 3658
1018 3666
1019 3667
1020 3669
1021 3672
1022 3678
1023 3681
1024 3683
1025 3684
1026 3692
1027 3693
1028 3701
1029 3702
1030 3704
1031 3707
1032 3713
1033 3716
1034 3718
1035 3719
1036 3727
1037 3728
1038 3736
1039 3737
1040 3739
1041 3742
1042 3748
1043 3751
1044 3753
1045 3754
1046 3762
1047 3763
1048 3771
1049 3772
1050 3774
1051 3777
1052 3787
1053 3791
1054 3793
1055 3803
1056 3805
1057 3809
1058 3823
1059 3827
1060 3829
1061 3839
1062 3841
1063 3845
1064 3859
1065 3863
1066 3865
1067 3875
1068 3877
1069 3881
1070 3895
1071 3899
1072 3901
1073 3911
1074 3913
1075 3917
1076 3931
1077 3935
1078 3937
1079 3947
1080 3949
1081 3953
1082 3967
1083 3971
1084 3973
1085 3983
1086 3985
1087 3989
1088 4000
1089 4005
1090 4008
1091 4011
1092 4012
1093 4017
1094 4018
1095 4021
1096 4024
1097 4029
1098 4037
1099 4042
1100 4045
1101 4048
1102 4049
1103 4054
1104 4055
1105 4058
1106 4061
1107 4066
1108 4074
1109 4079
1110 4082
1111 4085
1112 4086
1113 4091
1114 4092
1115 4095
1116 4098
1117 4103
1118 4111
1119 4116
1120 4119
1121 4122
1122 4123
1123 4128
1124 4129
1125 4132
1126 4135
1127 4140
1128 4148
1129 4153
1130 4156
1131 4159
1132 4160
1133 4165
1134 4166
1135 4169
1136 4172
1137 4177
1138 4185
1139 4190
1140 4193
1141 4196
1142 4197
1143 4202
1144 4203
1145 4206
1146 4209
1147 4214
1148 4223
1149 4235
1150 4239
1151 4251
1152 4261
1153 4273
1154 4277
1155 4289
1156 4299
1157 4311
1158 4315
1159 4327
1160 4337
1161 4349
1162 4353
1163 4365
1164 4375
1165 4387
1166 4391
1167 4403
1168 4413
1169 4425
1170 4429
1171 4441
1172 4447
1173 4448
1174 4450
1175 4453
1176 4456
1177 4457
1178 4460
1179 4462
1180 4469
1181 4471
1182 4474
1183 4475
1184 4478
1185 4481
1186 4483
1187 4484
1188 4486
1189 4487
1190 4489
1191 4492
1192 4495
1193 4496
1194 4499
1195 4501
1196 4508
1197 4510
1198 4513
1199 4514
1200 4517
1201 4520
1202 4522
1203 4523
1204 4525
1205 4526
1206 4528
1207 4531
1208 4534
1209 4535
1210 4538
1211 4540
1212 4547
1213 4549
1214 4552
1215 4553
1216 4556
1217 4559
1218 4561
1219 4562
1220 4564
1221 4565
1222 4567
1223 4570
1224 4573
1225 4574
1226 4577
1227 4579
1228 4586
1229 4588
1230 4591
1231 4592
1232 4595
1233 4598
1234 4600
1235 4601
1236 4603
1237 4604
1238 4606
1239 4609
1240 4612
1241 4613
1242 4616
1243 4618
1244 4625
1245 4627
1246 4630
1247 4631
1248 4634
1249 4637
1250 4639
1251 4640
1252 4642
1253 4643
1254 4645
1255 4648
1256 4651
1257 4652
1258 4655
1259 4657
1260 4664
1261 4666
1262 4669
1263 4670
1264 4673
1265 4676
1266 4678
1267 4679
1268 4683
1269 4689
1270 4693
1271 4699
1272 4701
1273 4707
1274 4711
1275 4717
1276 4723
1277 4729
1278 4733
1279 4739
1280 4741
1281 4747
1282 4751
1283 4757
1284 4763
1285 4769
1286 4773
1287 4779
1288 4781
1289 4787
1290 4791
1291 4797
1292 4803
1293 4809
1294 4813
1295 4819
1296 4821
1297 4827
1298 4831
1299 4837
1300 4843
1301 4849
1302 4853
1303 4859
1304 4861
1305 4867
1306 4871
1307 4877
1308 4883
1309 4889
1310 4893
1311 4899
1312 4901
1313 4907
1314 4911
1315 4917
1316 4923
1317 4926
1318 4934
1319 4935
1320 4946
1321 4947
1322 4955
1323 4958
1324 4961
1325 4964
1326 4967
1327 4975
1328 4976
1329 4987
1330 4988
1331 4996
1332 4999
1333 5002
1334 5005
1335 5008
1336 5016
1337 5017
1338 5028
1339 5029
1340 5037
1341 5040
1342 5043
1343 5046
1344 5049
1345 5057
1346 5058
1347 5069
1348 5070
1349 5078
1350 5081
1351 5084
1352 5087
1353 5090
1354 5098
1355 5099
1356 5110
1357 5111
1358 5119
1359 5122
1360 5125
1361 5128
1362 5131
1363 5139
1364 5140
1365 5151
1366 5152
1367 5160
1368 5163
1369 5166
1370 5167
1371 5171
1372 5177
1373 5185
1374 5189
1375 5197
1376 5203
1377 5207
1378 5209
1379 5213
1380 5219
1381 5227
1382 5231
1383 5239
1384 5245
1385 5249
1386 5251
1387 5255
1388 5261
1389 5269
1390 5273
1391 5281
1392 5287
1393 5291
1394 5293
1395 5297
1396 5303
1397 5311
1398 5315
1399 5323
1400 5329
1401 5333
1402 5335
1403 5339
1404 5345
1405 5353
1406 5357
1407 5365
1408 5371
1409 5375
1410 5377
1411 5381
1412 5387
1413 5395
1414 5399
1415 5407
1416 5413
1417 5417
1418 5422
1419 5424
1420 5425
1421 5427
1422 5431
1423 5433
1424 5436
1425 5443
1426 5446
1427 5448
1428 5452
1429 5454
1430 5455
1431 5457
1432 5465
1433 5467
1434 5468
1435 5470
1436 5474
1437 5476
1438 5479
1439 5486
1440 5489
1441 5491
1442 5495
1443 5497
1444 5498
1445 5500
1446 5508
1447 5510
1448 5511
1449 5513
1450 5517
1451 5519
1452 5522
1453 5529
1454 5532
1455 5534
1456 5538
1457 5540
1458 5541
1459 5543
1460 5551
1461 5553
1462 5554
1463 5556
1464 5560
1465 5562
1466 5565
1467 5572
1468 5575
1469 5577
1470 5581
1471 5583
1472 5584
1473 5586
1474 5594
1475 5596
1476 5597
1477 5599
1478 5603
1479 5605
1480 5608
1481 5615
1482 5618
1483 5620
1484 5624
1485 5626
1486 5627
1487 5629
1488 5637
1489 5639
1490 5640
1491 5642
1492 5646
1493 5648
1494 5651
1495 5658
1496 5661
1497 5663
1498 5667
1499 5669
1500 5670
1501 5672
1502 5681
1503 5685
1504 5697
1505 5699
1506 5711
1507 5715
1508 5725
1509 5729
1510 5741
1511 5743
1512 5755
1513 5759
1514 5769
1515 5773
1516 5785
1517 5787
1518 5799
1519 5803
1520 5813
1521 5817
1522 5829
1523 5831
1524 5843
1525 5847
1526 5857
1527 5861
1528 5873
1529 5875
1530 5887
1531 5891
1532 5901
1533 5905
1534 5917
1535 5919
1536 5931
1537 5935
1538 5944
1539 5947
1540 5953
1541 5957
1542 5959
1543 5966
1544 5968
1545 5972
1546 5978
1547 5981
1548 5989
1549 5992
1550 5998
1551 6002
1552 6004
1553 6011
1554 6013
1555 6017
1556 6023
1557 6026
1558 6034
1559 6037
1560 6043
1561 6047
1562 6049
1563 6056
1564 6058
1565 6062
1566 6068
1567 6071
1568 6079
1569 6082
1570 6088
1571 6092
1572 6094
1573 6101
1574 6103
1575 6107
1576 6113
1577 6116
1578 6124
1579 6127
1580 6133
1581 6137
1582 6139
1583 6146
1584 6148
1585 6152
1586 6158
1587 6161
1588 6169
1589 6172
1590 6178
1591 6182
1592 6184
1593 6191
1594 6193
1595 6197
1596 6203
1597 6206
1598 6213
1599 6219
1600 6247
1601 6253
1602 6259
1603 6265
1604 6293
1605 6299
1606 6305
1607 6311
1608 6339
1609 6345
1610 6351
1611 6357
1612 6385
1613 6391
1614 6397
1615 6403
1616 6431
1617 6437
1618 6443
1619 6449
1620 6477
1621 6483
1622 6491
1623 6495
1624 6498
1625 6500
1626 6503
1627 6506
1628 6507
1629 6509
1630 6510
1631 6512
1632 6513
1633 6516
1634 6519
1635 6521
1636 6524
1637 6528
1638 6533
1639 6538
1640 6542
1641 6545
1642 6547
1643 6550
1644 6553
1645 6554
1646 6556
1647 6557
1648 6559
1649 6560
1650 6563
1651 6566
1652 6568
1653 6571
1654 6575
1655 6580
1656 6585
1657 6589
1658 6592
1659 6594
1660 6597
1661 6600
1662 6601
1663 6603
1664 6604
1665 6606
1666 6607
1667 6610
1668 6613
1669 6615
1670 6618
1671 6622
1672 6627
1673 6632
1674 6636
1675 6639
1676 6641
1677 6644
1678 6647
1679 6648
1680 6650
1681 6651
1682 6653
1683 6654
1684 6657
1685 6660
1686 6662
1687 6665
1688 6669
1689 6674
1690 6679
1691 6683
1692 6686
1693 6688
1694 6691
1695 6694
1696 6695
1697 6697
1698 6698
1699 6700
1700 6701
1701 6704
1702 6707
1703 6709
1704 6712
1705 6716
1706 6721
1707 6726
1708 6730
1709 6733
1710 6735
1711 6738
1712 6741
1713 6742
1714 6744
1715 6745
1716 6747
1717 6748
1718 6751
1719 6754
1720 6756
1721 6759
1722 6763
1723 6768
1724 6773
1725 6775
1726 6785
1727 6787
1728 6797
1729 6799
1730 6809
1731 6811
1732 6821
1733 6823
1734 6833
1735 6835
1736 6845
1737 6847
1738 6857
1739 6859
1740 6869
1741 6871
1742 6881
1743 6883
1744 6893
1745 6895
1746 6905
1747 6907
1748 6917
1749 6919
1750 6929
1751 6931
1752 6941
1753 6943
1754 6953
1755 6955
1756 6965
1757 6967
1758 6977
1759 6979
1760 6989
1761 6991
1762 7001
1763 7003
1764 7013
1765 7015
1766 7025
1767 7027
1768 7037
1769 7039
1770 7049
1771 7051
1772 7060
1773 7062
1774 7066
1775 7069
1776 7072
1777 7075
1778 7080
1779 7081
1780 7086
1781 7089
1782 7092
1783 7095
1784 7099
1785 7101
1786 7109
1787 7111
1788 7115
1789 7118
1790 7121
1791 7124
1792 7129
1793 7130
1794 7135
1795 7138
1796 7141
1797 7144
1798 7148
1799 7150
1800 7158
1801 7160
1802 7164
1803 7167
1804 7170
1805 7173
1806 7178
1807 7179
1808 7184
1809 7187
1810 7190
1811 7193
1812 7197
1813 7199
1814 7207
1815 7209
1816 7213
1817 7216
1818 7219
1819 7222
1820 7227
1821 7228
1822 7233
1823 7236
1824 7239
1825 7242
1826 7246
1827 7248
1828 7256
1829 7258
1830 7262
1831 7265
1832 7268
1833 7271
1834 7276
1835 7277
1836 7282
1837 7285
1838 7288
1839 7291
1840 7295
1841 7297
1842 7305
1843 7307
1844 7311
1845 7314
1846 7317
1847 7320
1848 7325
1849 7326
1850 7331
1851 7334
1852 7337
1853 7340
1854 7344
1855 7346
1856 7359
1857 7373
1858 7377
1859 7391
1860 7409
1861 7423
1862 7427
1863 7441
1864 7459
1865 7473
1866 7477
1867 7491
1868 7509
1869 7523
1870 7527
1871 7541
1872 7559
1873 7573
1874 7577
1875 7591
1876 7609
1877 7623
1878 7627
1879 7641
1880 7651
1881 7652
1882 7655
1883 7657
1884 7661
1885 7664
1886 7669
1887 7675
1888 7676
1889 7682
1890 7687
1891 7690
1892 7694
1893 7696
1894 7699
1895 7700
1896 7702
1897 7703
1898 7706
1899 7708
1900 7712
1901 7715
1902 7720
1903 7726
1904 7727
1905 7733
1906 7738
1907 7741
1908 7745
1909 7747
1910 7750
1911 7751
1912 7753
1913 7754
1914 7757
1915 7759
1916 7763
1917 7766
1918 7771
1919 7777
1920 7778
1921 7784
1922 7789
1923 7792
1924 7796
1925 7798
1926 7801
1927 7802
1928 7804
1929 7805
1930 7808
1931 7810
1932 7814
1933 7817
1934 7822
1935 7828
1936 7829
1937 7835
1938 7840
1939 7843
1940 7847
1941 7849
1942 7852
1943 7853
1944 7855
1945 7856
1946 7859
1947 7861
1948 7865
1949 7868
1950 7873
1951 7879
1952 7880
1953 7886
1954 7891
1955 7894
1956 7898
1957 7900
1958 7903
1959 7904
1960 7906
1961 7907
1962 7910
1963 7912
1964 7916
1965 7919
1966 7924
1967 7930
1968 7931
1969 7937
1970 7942
1971 7945
1972 7949
1973 7951
1974 7954
1975 7955
1976 7959
1977 7963
1978 7977
1979 7981
1980 7983
1981 7987
1982 8001
1983 8005
1984 8011
1985 8015
1986 8029
1987 8033
1988 8035
1989 8039
1990 8053
1991 8057
1992 8063
1993 8067
1994 8081
1995 8085
1996 8087
1997 8091
1998 8105
1999 8109
2000 8115
2001 8119
2002 8133
2003 8137
2004 8139
2005 8143
2006 8157
2007 8161
2008 8167
2009 8171
2010 8185
2011 8189
2012 8191
2013 8195
2014 8209
2015 8213
2016 8219
2017 8223
2018 8237
2019 8241
2020 8243
2021 8247
2022 8261
2023 8265
2024 8270
2025 8271
2026 8279
2027 8283
2028 8286
2029 8289
2030 8292
2031 8297
2032 8300
2033 8303
2034 8306
2035 8310
2036 8318
2037 8319
2038 8321
2039 8323
2040 8324
2041 8332
2042 8336
2043 8339
2044 8342
2045 8345
2046 8350
2047 8353
2048 8356
2049 8359
2050 8363
2051 8371
2052 8372
2053 8374
2054 8376
2055 8377
2056 8385
2057 8389
2058 8392
2059 8395
2060 8398
2061 8403
2062 8406
2063 8409
2064 8412
2065 8416
2066 8424
2067 8425
2068 8427
2069 8429
2070 8430
2071 8438
2072 8442
2073 8445
2074 8448
2075 8451
2076 8456
2077 8459
2078 8462
2079 8465
2080 8469
2081 8477
2082 8478
2083 8480
2084 8482
2085 8483
2086 8491
2087 8495
2088 8498
2089 8501
2090 8504
2091 8509
2092 8512
2093 8515
2094 8518
2095 8522
2096 8530
2097 8531
2098 8533
2099 8535
2100 8536
2101 8544
2102 8548
2103 8551
2104 8554
2105 8557
2106 8562
2107 8565
2108 8568
2109 8571
2110 8575
2111 8583
2112 8584
2113 8586
2114 8591
2115 8599
2116 8603
2117 8605
2118 8609
2119 8617
2120 8621
2121 8623
2122 8627
2123 8635
2124 8645
2125 8653
2126 8657
2127 8659
2128 8663
2129 8671
2130 8675
2131 8677
2132 8681
2133 8689
2134 8699
2135 8707
2136 8711
2137 8713
2138 8717
2139 8725
2140 8729
2141 8731
2142 8735
2143 8743
2144 8753
2145 8761
2146 8765
2147 8767
2148 8771
2149 8779
2150 8783
2151 8785
2152 8789
2153 8797
2154 8807
2155 8815
2156 8819
2157 8821
2158 8825
2159 8833
2160 8837
2161 8839
2162 8843
2163 8851
2164 8861
2165 8869
2166 8873
2167 8875
2168 8879
2169 8887
2170 8891
2171 8893
2172 8897
2173 8905
2174 8911
2175 8916
2176 8917
2177 8929
2178 8931
2179 8934
2180 8937
2181 8938
2182 8941
2183 8944
2184 8946
2185 8958
2186 8959
2187 8964
2188 8966
2189 8971
2190 8972
2191 8984
2192 8986
2193 8989
2194 8992
2195 8993
2196 8996
2197 8999
2198 9001
2199 9013
2200 9014
2201 9019
2202 9021
2203 9026
2204 9027
2205 9039
2206 9041
2207 9044
2208 9047
2209 9048
2210 9051
2211 9054
2212 9056
2213 9068
2214 9069
2215 9074
2216 9076
2217 9081
2218 9082
2219 9094
2220 9096
2221 9099
2222 9102
2223 9103
2224 9106
2225 9109
2226 9111
2227 9123
2228 9124
2229 9129
2230 9131
2231 9136
2232 9137
2233 9149
2234 9151
2235 9154
2236 9157
2237 9158
2238 9161
2239 9164
2240 9166
2241 9178
2242 9179
2243 9184
2244 9186
2245 9191
2246 9192
2247 9204
2248 9206
2249 9209
2250 9212
2251 9213
2252 9216
2253 9219
2254 9221
2255 9233
2256 9234
2257 9239
2258 9249
2259 9255
2260 9257
2261 9263
2262 9273
2263 9279
2264 9281
2265 9287
2266 9305
2267 9311
2268 9313
2269 9319
2270 9329
2271 9335
2272 9337
2273 9343
2274 9361
2275 9367
2276 9369
2277 9375
2278 9385
2279 9391
2280 9393
2281 9399
2282 9417
2283 9423
2284 9425
2285 9431
2286 9441
2287 9447
2288 9449
2289 9455
2290 9473
2291 9479
2292 9481
2293 9487
2294 9497
2295 9503
2296 9505
2297 9511
2298 9529
2299 9535
2300 9537
2301 9543
2302 9553
2303 9559
2304 9561
2305 9567
2306 9580
2307 9584
2308 9589
2309 9590
2310 9592
2311 9599
2312 9604
2313 9605
2314 9610
2315 9617
2316 9619
2317 9620
2318 9625
2319 9629
2320 9637
2321 9641
2322 9646
2323 9647
2324 9649
2325 9656
2326 9661
2327 9662
2328 9667
2329 9674
2330 9676
2331 9677
2332 9682
2333 9686
2334 9694
2335 9698
2336 9703
2337 9704
2338 9706
2339 9713
2340 9718
2341 9719
2342 9724
2343 9731
2344 9733
2345 9734
2346 9739
2347 9743
2348 9751
2349 9755
2350 9760
2351 9761
2352 9763
2353 9770
2354 9775
2355 9776
2356 9781
2357 9788
2358 9790
2359 9791
2360 9796
2361 9800
2362 9808
2363 9812
2364 9817
2365 9818
2366 9820
2367 9827
2368 9832
2369 9833
2370 9838
2371 9845
2372 9847
2373 9848
2374 9853
2375 9857
2376 9865
2377 9869
2378 9874
2379 9875
2380 9877
2381 9884
2382 9889
2383 9890
2384 9895
2385 9902
2386 9904
2387 9905
2388 9910
2389 9914
2390 9919
2391 9933
2392 9943
2393 9951
2394 9961
2395 9975
2396 9977
2397 9991
2398 10001
2399 10009
2400 10019
2401 10033
2402 10035
2403 10049
2404 10059
2405 10067
2406 10077
2407 10091
2408 10093
2409 10107
2410 10117
2411 10125
2412 10135
2413 10149
2414 10151
2415 10165
2416 10175
2417 10183
2418 10193
2419 10207
2420 10209
2421 10223
2422 10233
2423 10241
2424 10251
2425 10265
2426 10269
2427 10272
2428 10277
2429 10278
2430 10280
2431 10283
2432 10287
2433 10293
2434 10298
2435 10304
2436 10308
2437 10311
2438 10313
2439 10314
2440 10319
2441 10322
2442 10325
2443 10328
2444 10331
2445 10336
2446 10337
2447 10339
2448 10342
2449 10346
2450 10352
2451 10357
2452 10363
2453 10367
2454 10370
2455 10372
2456 10373
2457 10378
2458 10381
2459 10384
2460 10387
2461 10390
2462 10395
2463 10396
2464 10398
2465 10401
2466 10405
2467 10411
2468 10416
2469 10422
2470 10426
2471 10429
2472 10431
2473 10432
2474 10437
2475 10440
2476 10443
2477 10446
2478 10449
2479 10454
2480 10455
2481 10457
2482 10460
2483 10464
2484 10470
2485 10475
2486 10481
2487 10485
2488 10488
2489 10490
2490 10491
2491 10496
2492 10499
2493 10502
2494 10505
2495 10508
2496 10513
2497 10514
2498 10516
2499 10519
2500 10523
2501 10529
2502 10534
2503 10540
2504 10544
2505 10547
2506 10549
2507 10550
2508 10555
2509 10558
2510 10561
2511 10564
2512 10567
2513 10572
2514 10573
2515 10575
2516 10578
2517 10582
2518 10588
2519 10593
2520 10599
2521 10603
2522 10606
2523 10608
2524 10609
2525 10614
2526 10617
2527 10620
2528 10621
2529 10627
2530 10631
2531 10643
2532 10657
2533 10669
2534 10673
2535 10679
2536 10681
2537 10687
2538 10691
2539 10703
2540 10717
2541 10729
2542 10733
2543 10739
2544 10741
2545 10747
2546 10751
2547 10763
2548 10777
2549 10789
2550 10793
2551 10799
2552 10801
2553 10807
2554 10811
2555 10823
2556 10837
2557 10849
2558 10853
2559 10859
2560 10861
2561 10867
2562 10871
2563 10883
2564 10897
2565 10909
2566 10913
2567 10919
2568 10921
2569 10927
2570 10931
2571 10943
2572 10957
2573 10969
2574 10973
2575 10979
2576 10983
2577 10986
2578 10987
2579 10989
2580 10996
2581 11004
2582 11007
2583 11008
2584 11010
2585 11011
2586 11013
2587 11014
2588 11017
2589 11025
2590 11032
2591 11034
2592 11035
2593 11038
2594 11044
2595 11047
2596 11048
2597 11050
2598 11057
2599 11065
2600 11068
2601 11069
2602 11071
2603 11072
2604 11074
2605 11075
2606 11078
2607 11086
2608 11093
2609 11095
2610 11096
2611 11099
2612 11105
2613 11108
2614 11109
2615 11111
2616 11118
2617 11126
2618 11129
2619 11130
2620 11132
2621 11133
2622 11135
2623 11136
2624 11139
2625 11147
2626 11154
2627 11156
2628 11157
2629 11160
2630 11166
2631 11169
2632 11170
2633 11172
2634 11179
2635 11187
2636 11190
2637 11191
2638 11193
2639 11194
2640 11196
2641 11197
2642 11200
2643 11208
2644 11215
2645 11217
2646 11218
2647 11221
2648 11227
2649 11230
2650 11231
2651 11233
2652 11240
2653 11248
2654 11251
2655 11252
2656 11254
2657 11255
2658 11257
2659 11258
2660 11261
2661 11269
2662 11276
2663 11278
2664 11279
2665 11282
2666 11288
2667 11291
2668 11292
2669 11294
2670 11301
2671 11309
2672 11312
2673 11313
2674 11315
2675 11316
2676 11318
2677 11319
2678 11322
2679 11330
2680 11337
2681 11339
2682 11340
2683 11343
2684 11351
2685 11363
2686 11375
2687 11379
2688 11391
2689 11403
2690 11413
2691 11425
2692 11437
2693 11441
2694 11453
2695 11465
2696 11475
2697 11487
2698 11499
2699 11503
2700 11515
2701 11527
2702 11537
2703 11549
2704 11561
2705 11565
2706 11577
2707 11589
2708 11599
2709 11611
2710 11623
2711 11627
2712 11639
2713 11651
2714 11661
2715 11673
2716 11685
2717 11689
2718 11701
2719 11713
2720 11719
2721 11720
2722 11722
2723 11726
2724 11731
2725 11734
2726 11735
2727 11738
2728 11740
2729 11741
2730 11743
2731 11756
2732 11758
2733 11759
2734 11761
2735 11764
2736 11765
2737 11768
2738 11773
2739 11777
2740 11779
2741 11780
2742 11782
2743 11783
2744 11785
2745 11789
2746 11794
2747 11797
2748 11798
2749 11801
2750 11803
2751 11804
2752 11806
2753 11819
2754 11821
2755 11822
2756 11824
2757 11827
2758 11828
2759 11831
2760 11836
2761 11840
2762 11842
2763 11843
2764 11845
2765 11846
2766 11848
2767 11852
2768 11857
2769 11860
2770 11861
2771 11864
2772 11866
2773 11867
2774 11869
2775 11882
2776 11884
2777 11885
2778 11887
2779 11890
2780 11891
2781 11894
2782 11899
2783 11903
2784 11905
2785 11906
2786 11908
2787 11909
2788 11911
2789 11915
2790 11920
2791 11923
2792 11924
2793 11927
2794 11929
2795 11930
2796 11932
2797 11945
2798 11947
2799 11948
2800 11950
2801 11953
2802 11954
2803 11957
2804 11962
2805 11966
2806 11968
2807 11969
2808 11971
2809 11972
2810 11974
2811 11978
2812 11983
2813 11986
2814 11987
2815 11990
2816 11992
2817 11993
2818 11995
2819 12008
2820 12010
2821 12011
2822 12013
2823 12016
2824 12017
2825 12020
2826 12025
2827 12029
2828 12031
2829 12032
2830 12034
2831 12035
2832 12037
2833 12041
2834 12046
2835 12049
2836 12050
2837 12053
2838 12055
2839 12056
2840 12058
2841 12071
2842 12073
2843 12074
2844 12076
2845 12079
2846 12080
2847 12083
2848 12088
2849 12092
2850 12094
2851 12095
2852 12103
2853 12109
2854 12111
2855 12121
2856 12135
2857 12145
2858 12147
2859 12153
2860 12167
2861 12173
2862 12175
2863 12185
2864 12199
2865 12209
2866 12211
2867 12217
2868 12231
2869 12237
2870 12239
2871 12249
2872 12263
2873 12273
2874 12275
2875 12281
2876 12295
2877 12301
2878 12303
2879 12313
2880 12327
2881 12337
2882 12339
2883 12345
2884 12359
2885 12365
2886 12367
2887 12377
2888 12391
2889 12401
2890 12403
2891 12409
2892 12423
2893 12429
2894 12431
2895 12441
2896 12455
2897 12465
2898 12467
2899 12473
2900 12482
2901 12488
2902 12491
2903 12494
2904 12501
2905 12503
2906 12509
2907 12512
2908 12513
2909 12516
2910 12522
2911 12524
2912 12531
2913 12534
2914 12537
2915 12543
2916 12547
2917 12553
2918 12556
2919 12559
2920 12566
2921 12568
2922 12574
2923 12577
2924 12578
2925 12581
2926 12587
2927 12589
2928 12596
2929 12599
2930 12602
2931 12608
2932 12612
2933 12618
2934 12621
2935 12624
2936 12631
2937 12633
2938 12639
2939 12642
2940 12643
2941 12646
2942 12652
2943 12654
2944 12661
2945 12664
2946 12667
2947 12673
2948 12677
2949 12683
2950 12686
2951 12689
2952 12696
2953 12698
2954 12704
2955 12707
2956 12708
2957 12711
2958 12717
2959 12719
2960 12726
2961 12729
2962 12732
2963 12738
2964 12742
2965 12748
2966 12751
2967 12754
2968 12761
2969 12763
2970 12769
2971 12772
2972 12773
2973 12776
2974 12782
2975 12784
2976 12791
2977 12794
2978 12797
2979 12803
2980 12807
2981 12813
2982 12816
2983 12819
2984 12826
2985 12828
2986 12834
2987 12837
2988 12838
2989 12841
2990 12847
2991 12849
2992 12856
2993 12859
2994 12862
2995 12868
2996 12875
2997 12877
2998 12889
2999 12895
3000 12901
3001 12905
3002 12911
3003 12917
3004 12929
3005 12931
3006 12941
3007 12943
3008 12955
3009 12961
3010 12967
3011 12971
3012 12977
3013 12983
3014 12995
3015 12997
3016 13007
3017 13009
3018 13021
3019 13027
3020 13033
3021 13037
3022 13043
3023 13049
3024 13061
3025 13063
3026 13073
3027 13075
3028 13087
3029 13093
3030 13099
3031 13103
3032 13109
3033 13115
3034 13127
3035 13129
3036 13139
3037 13141
3038 13153
3039 13159
3040 13165
3041 13169
3042 13175
3043 13181
3044 13193
3045 13195
3046 13205
3047 13207
3048 13219
3049 13225
3050 13231
3051 13235
3052 13241
3053 13247
3054 13259
3055 13261
3056 13267
3057 13269
3058 13275
3059 13276
3060 13281
3061 13282
3062 13284
3063 13288
3064 13290
3065 13297
3066 13302
3067 13309
3068 13311
3069 13315
3070 13317
3071 13318
3072 13323
3073 13324
3074 13330
3075 13332
3076 13334
3077 13336
3078 13342
3079 13343
3080 13348
3081 13349
3082 13351
3083 13355
3084 13357
3085 13364
3086 13369
3087 13376
3088 13378
3089 13382
3090 13384
3091 13385
3092 13390
3093 13391
3094 13397
3095 13399
3096 13401
3097 13403
3098 13409
3099 13410
3100 13415
3101 13416
3102 13418
3103 13422
3104 13424
3105 13431
3106 13436
3107 13443
3108 13445
3109 13449
3110 13451
3111 13452
3112 13457
3113 13458
3114 13464
3115 13466
3116 13468
3117 13470
3118 13476
3119 13477
3120 13482
3121 13483
3122 13485
3123 13489
3124 13491
3125 13498
3126 13503
3127 13510
3128 13512
3129 13516
3130 13518
3131 13519
3132 13524
3133 13525
3134 13531
3135 13533
3136 13535
3137 13537
3138 13543
3139 13544
3140 13549
3141 13550
3142 13552
3143 13556
3144 13558
3145 13565
3146 13570
3147 13577
3148 13579
3149 13583
3150 13585
3151 13586
3152 13591
3153 13592
3154 13598
3155 13600
3156 13602
3157 13604
3158 13610
3159 13611
3160 13616
3161 13617
3162 13619
3163 13623
3164 13625
3165 13632
3166 13637
3167 13644
3168 13646
3169 13650
3170 13652
3171 13653
3172 13658
3173 13659
3174 13665
3175 13667
3176 13677
3177 13689
3178 13695
3179 13701
3180 13703
3181 13709
3182 13715
3183 13727
3184 13745
3185 13757
3186 13763
3187 13769
3188 13771
3189 13777
3190 13783
3191 13795
3192 13813
3193 13825
3194 13831
3195 13837
3196 13839
3197 13845
3198 13851
3199 13863
3200 13881
3201 13893
3202 13899
3203 13905
3204 13907
3205 13913
3206 13919
3207 13931
3208 13949
3209 13961
3210 13967
3211 13973
3212 13975
3213 13981
3214 13987
3215 13999
3216 14017
3217 14029
3218 14035
3219 14041
3220 14043
3221 14049
3222 14055
3223 14067
3224 14081
3225 14083
3226 14084
3227 14093
3228 14098
3229 14102
3230 14104
3231 14107
3232 14110
3233 14111
3234 14114
3235 14117
3236 14119
3237 14123
3238 14128
3239 14137
3240 14138
3241 14140
3242 14150
3243 14152
3244 14153
3245 14162
3246 14167
3247 14171
3248 14173
3249 14176
3250 14179
3251 14180
3252 14183
3253 14186
3254 14188
3255 14192
3256 14197
3257 14206
3258 14207
3259 14209
3260 14219
3261 14221
3262 14222
3263 14231
3264 14236
3265 14240
3266 14242
3267 14245
3268 14248
3269 14249
3270 14252
3271 14255
3272 14257
3273 14261
3274 14266
3275 14275
3276 14276
3277 14278
3278 14288
3279 14290
3280 14291
3281 14300
3282 14305
3283 14309
3284 14311
3285 14314
3286 14317
3287 14318
3288 14321
3289 14324
3290 14326
3291 14330
3292 14335
3293 14344
3294 14345
3295 14347
3296 14357
3297 14359
3298 14360
3299 14369
3300 14374
3301 14378
3302 14380
3303 14383
3304 14386
3305 14387
3306 14390
3307 14393
3308 14395
3309 14399
3310 14404
3311 14413
3312 14414
3313 14416
3314 14426
3315 14428
3316 14429
3317 14438
3318 14443
3319 14447
3320 14449
3321 14452
3322 14455
3323 14456
3324 14459
3325 14462
3326 14464
3327 14468
3328 14473
3329 14482
3330 14483
3331 14485
3332 14491
3333 14503
3334 14509
3335 14517
3336 14521
3337 14529
3338 14533
3339 14541
3340 14547
3341 14559
3342 14561
3343 14573
3344 14579
3345 14587
3346 14591
3347 14599
3348 14603
3349 14611
3350 14617
3351 14629
3352 14631
3353 14643
3354 14649
3355 14657
3356 14661
3357 14669
3358 14673
3359 14681
3360 14687
3361 14699
3362 14701
3363 14713
3364 14719
3365 14727
3366 14731
3367 14739
3368 14743
3369 14751
3370 14757
3371 14769
3372 14771
3373 14783
3374 14789
3375 14797
3376 14801
3377 14809
3378 14813
3379 14821
3380 14827
3381 14839
3382 14841
3383 14853
3384 14859
3385 14867
3386 14871
3387 14879
3388 14883
3389 14891
3390 14897
3391 14909
3392 14912
3393 14916
3394 14919
3395 14924
3396 14925
3397 14930
3398 14937
3399 14939
3400 14942
3401 14949
3402 14952
3403 14954
3404 14961
3405 14966
3406 14967
3407 14972
3408 14975
3409 14979
3410 14981
3411 14983
3412 14987
3413 14990
3414 14995
3415 14996
3416 15001
3417 15008
3418 15010
3419 15013
3420 15020
3421 15023
3422 15025
3423 15032
3424 15037
3425 15038
3426 15043
3427 15046
3428 15050
3429 15052
3430 15054
3431 15058
3432 15061
3433 15066
3434 15067
3435 15072
3436 15079
3437 15081
3438 15084
3439 15091
3440 15094
3441 15096
3442 15103
3443 15108
3444 15109
3445 15114
3446 15117
3447 15121
3448 15123
3449 15125
3450 15129
3451 15132
3452 15137
3453 15138
3454 15143
3455 15150
3456 15152
3457 15155
3458 15162
3459 15165
3460 15167
3461 15174
3462 15179
3463 15180
3464 15185
3465 15188
3466 15192
3467 15194
3468 15196
3469 15200
3470 15203
3471 15208
3472 15209
3473 15214
3474 15221
3475 15223
3476 15226
3477 15233
3478 15236
3479 15238
3480 15245
3481 15250
3482 15251
3483 15256
3484 15259
3485 15263
3486 15265
3487 15267
3488 15271
3489 15274
3490 15279
3491 15280
3492 15285
3493 15292
3494 15294
3495 15297
3496 15304
3497 15307
3498 15309
3499 15316
3500 15321
3501 15322
3502 15327
3503 15330
3504 15334
3505 15336
3506 15337
3507 15343
3508 15347
3509 15355
3510 15359
3511 15371
3512 15373
3513 15385
3514 15389
3515 15397
3516 15401
3517 15407
3518 15409
3519 15415
3520 15419
3521 15427
3522 15431
3523 15443
3524 15445
3525 15457
3526 15461
3527 15469
3528 15473
3529 15479
3530 15481
3531 15487
3532 15491
3533 15499
3534 15503
3535 15515
3536 15517
3537 15529
3538 15533
3539 15541
3540 15545
3541 15551
3542 15553
3543 15559
3544 15563
3545 15571
3546 15575
3547 15587
3548 15589
3549 15601
3550 15605
3551 15613
3552 15617
3553 15623
3554 15625
3555 15631
3556 15635
3557 15643
3558 15647
3559 15659
3560 15661
3561 15673
3562 15677
3563 15685
3564 15689
3565 15695
3566 15697
3567 15703
3568 15707
3569 15715
3570 15719
3571 15731
3572 15733
3573 15745
3574 15749
3575 15757
3576 15761
3577 15767
3578 15771
3579 15780
3580 15781
3581 15786
3582 15792
3583 15793
3584 15799
3585 15802
3586 15807
3587 15810
3588 15816
3589 15817
3590 15823
3591 15828
3592 15829
3593 15838
3594 15844
3595 15853
3596 15854
3597 15859
3598 15865
3599 15866
3600 15872
3601 15875
3602 15880
3603 15883
3604 15889
3605 15890
3606 15896
3607 15901
3608 15902
3609 15911
3610 15917
3611 15926
3612 15927
3613 15932
3614 15938
3615 15939
3616 15945
3617 15948
3618 15953
3619 15956
3620 15962
3621 15963
3622 15969
3623 15974
3624 15975
3625 15984
3626 15990
3627 15999
3628 16000
3629 16005
3630 16011
3631 16012
3632 16018
3633 16021
3634 16026
3635 16029
3636 16035
3637 16036
3638 16042
3639 16047
3640 16048
3641 16057
3642 16063
3643 16072
3644 16073
3645 16078
3646 16084
3647 16085
3648 16091
3649 16094
3650 16099
3651 16102
3652 16108
3653 16109
3654 16115
3655 16120
3656 16121
3657 16130
3658 16136
3659 16145
3660 16146
3661 16151
3662 16157
3663 16158
3664 16164
3665 16167
3666 16172
3667 16175
3668 16181
3669 16182
3670 16188
3671 16193
3672 16194
3673 16203
3674 16217
3675 16221
3676 16223
3677 16227
3678 16241
3679 16245
3680 16259
3681 16263
3682 16265
3683 16269
3684 16291
3685 16295
3686 16297
3687 16301
3688 16315
3689 16319
3690 16333
3691 16337
3692 16339
3693 16343
3694 16365
3695 16369
3696 16371
3697 16375
3698 16389
3699 16393
3700 16407
3701 16411
3702 16413
3703 16417
3704 16439
3705 16443
3706 16445
3707 16449
3708 16463
3709 16467
3710 16481
3711 16485
3712 16487
3713 16491
3714 16513
3715 16517
3716 16519
3717 16523
3718 16537
3719 16541
3720 16555
3721 16559
3722 16561
3723 16565
3724 16587
3725 16591
3726 16593
3727 16597
3728 16611
3729 16615
3730 16629
3731 16633
3732 16635
3733 16639
3734 16652
3735 16667
3736 16669
3737 16681
3738 16684
3739 16687
3740 16688
3741 16691
3742 16694
3743 16706
3744 16708
3745 16723
3746 16727
3747 16742
3748 16744
3749 16756
3750 16759
3751 16762
3752 16763
3753 16766
3754 16769
3755 16781
3756 16783
3757 16798
3758 16802
3759 16817
3760 16819
3761 16831
3762 16834
3763 16837
3764 16838
3765 16841
3766 16844
3767 16856
3768 16858
3769 16873
3770 16877
3771 16892
3772 16894
3773 16906
3774 16909
3775 16912
3776 16913
3777 16916
3778 16919
3779 16931
3780 16933
3781 16948
3782 16952
3783 16967
3784 16969
3785 16981
3786 16984
3787 16987
3788 16988
3789 16991
3790 16994
3791 17006
3792 17008
3793 17023
3794 17027
3795 17042
3796 17044
3797 17056
3798 17059
3799 17062
3800 17063
3801 17066
3802 17069
3803 17081
3804 17083
3805 17098
3806 17101
3807 17103
3808 17113
3809 17115
3810 17121
3811 17133
3812 17143
3813 17155
3814 17161
3815 17163
3816 17173
3817 17175
3818 17177
3819 17179
3820 17189
3821 17191
3822 17197
3823 17209
3824 17219
3825 17231
3826 17237
3827 17239
3828 17249
3829 17251
3830 17253
3831 17255
3832 17265
3833 17267
3834 17273
3835 17285
3836 17295
3837 17307
3838 17313
3839 17315
3840 17325
3841 17327
3842 17329
3843 17331
3844 17341
3845 17343
3846 17349
3847 17361
3848 17371
3849 17383
3850 17389
3851 17391
3852 17401
3853 17403
3854 17405
3855 17407
3856 17417
3857 17419
3858 17425
3859 17437
3860 17447
3861 17459
3862 17465
3863 17467
3864 17477
3865 17479
3866 17481
3867 17483
3868 17493
3869 17495
3870 17501
3871 17513
3872 17523
3873 17535
3874 17541
3875 17543
3876 17553
3877 17555
3878 17558
3879 17561
3880 17562
3881 17571
3882 17573
3883 17576
3884 17580
3885 17582
3886 17586
3887 17594
3888 17595
3889 17603
3890 17607
3891 17609
3892 17613
3893 17616
3894 17618
3895 17627
3896 17628
3897 17631
3898 17635
3899 17638
3900 17639
3901 17648
3902 17650
3903 17653
3904 17657
3905 17659
3906 17663
3907 17671
3908 17672
3909 17680
3910 17684
3911 17686
3912 17690
3913 17693
3914 17695
3915 17704
3916 17705
3917 17708
3918 17712
3919 17715
3920 17716
3921 17725
3922 17727
3923 17730
3924 17734
3925 17736
3926 17740
3927 17748
3928 17749
3929 17757
3930 17761
3931 17763
3932 17767
3933 17770
3934 17772
3935 17781
3936 17782
3937 17785
3938 17789
3939 17792
3940 17793
3941 17802
3942 17804
3943 17807
3944 17811
3945 17813
3946 17817
3947 17825
3948 17826
3949 17834
3950 17838
3951 17840
3952 17844
3953 17847
3954 17849
3955 17858
3956 17859
3957 17862
3958 17866
3959 17869
3960 17870
3961 17879
3962 17881
3963 17884
3964 17888
3965 17890
3966 17894
3967 17902
3968 17903
3969 17911
3970 17915
3971 17917
3972 17921
3973 17924
3974 17926
3975 17935
3976 17936
3977 17939
3978 17943
3979 17946
3980 17947
3981 17956
3982 17958
3983 17961
3984 17965
3985 17967
3986 17971
3987 17979
3988 17980
3989 17988
3990 17992
3991 17994
3992 17998
3993 18001
3994 18003
3995 18012
3996 18013
3997 18016
3998 18019
3999 18029
4000 18043
4001 18047
4002 18055
4003 18059
4004 18067
4005 18071
4006 18085
4007 18095
4008 18097
4009 18107
4010 18121
4011 18125
4012 18133
4013 18137
4014 18145
4015 18149
4016 18163
4017 18173
4018 18175
4019 18185
4020 18199
4021 18203
4022 18211
4023 18215
4024 18223
4025 18227
4026 18241
4027 18251
4028 18253
4029 18263
4030 18277
4031 18281
4032 18289
4033 18293
4034 18301
4035 18305
4036 18319
4037 18329
4038 18331
4039 18341
4040 18355
4041 18359
4042 18367
4043 18371
4044 18379
4045 18383
4046 18397
4047 18407
4048 18409
4049 18419
4050 18433
4051 18437
4052 18445
4053 18449
4054 18457
4055 18461
4056 18475
4057 18485
4058 18487
4059 18493
4060 18498
4061 18501
4062 18502
4063 18505
4064 18507
4065 18508
4066 18514
4067 18519
4068 18532
4069 18537
4070 18543
4071 18544
4072 18546
4073 18549
4074 18550
4075 18553
4076 18558
4077 18564
4078 18566
4079 18572
4080 18577
4081 18580
4082 18581
4083 18584
4084 18586
4085 18587
4086 18593
4087 18598
4088 18611
4089 18616
4090 18622
4091 18623
4092 18625
4093 18628
4094 18629
4095 18632
4096 18637
4097 18643
4098 18645
4099 18651
4100 18656
4101 18659
4102 18660
4103 18663
4104 18665
4105 18666
4106 18672
4107 18677
4108 18690
4109 18695
4110 18701
4111 18702
4112 18704
4113 18707
4114 18708
4115 18711
4116 18716
4117 18722
4118 18724
4119 18730
4120 18735
4121 18738
4122 18739
4123 18742
4124 18744
4125 18745
4126 18751
4127 18756
4128 18769
4129 18774
4130 18780
4131 18781
4132 18783
4133 18786
4134 18787
4135 18790
4136 18795
4137 18801
4138 18803
4139 18809
4140 18814
4141 18817
4142 18818
4143 18821
4144 18823
4145 18824
4146 18830
4147 18835
4148 18848
4149 18853
4150 18859
4151 18860
4152 18862
4153 18865
4154 18866
4155 18869
4156 18874
4157 18880
4158 18882
4159 18888
4160 18893
4161 18896
4162 18897
4163 18900
4164 18902
4165 18903
4166 18909
4167 18914
4168 18927
4169 18932
4170 18938
4171 18939
4172 18941
4173 18944
4174 18945
4175 18948
4176 18953
4177 18959
4178 18971
4179 18987
4180 18999
4181 19001
4182 19013
4183 19029
4184 19051
4185 19067
4186 19079
4187 19081
4188 19093
4189 19109
4190 19131
4191 19147
4192 19159
4193 19161
4194 19173
4195 19189
4196 19211
4197 19227
4198 19239
4199 19241
4200 19253
4201 19269
4202 19291
4203 19307
4204 19319
4205 19321
4206 19333
4207 19349
4208 19371
4209 19387
4210 19399
4211 19401
4212 19413
4213 19429
4214 19441
4215 19447
4216 19450
4217 19451
4218 19454
4219 19456
4220 19463
4221 19468
4222 19471
4223 19472
4224 19475
4225 19477
4226 19484
4227 19486
4228 19489
4229 19490
4230 19493
4231 19498
4232 19505
4233 19507
4234 19510
4235 19511
4236 19514
4237 19520
4238 19522
4239 19528
4240 19531
4241 19532
4242 19535
4243 19537
4244 19544
4245 19549
4246 19552
4247 19553
4248 19556
4249 19558
4250 19565
4251 19567
4252 19570
4253 19571
4254 19574
4255 19579
4256 19586
4257 19588
4258 19591
4259 19592
4260 19595
4261 19601
4262 19603
4263 19609
4264 19612
4265 19613
4266 19616
4267 19618
4268 19625
4269 19630
4270 19633
4271 19634
4272 19637
4273 19639
4274 19646
4275 19648
4276 19651
4277 19652
4278 19655
4279 19660
4280 19667
4281 19669
4282 19672
4283 19673
4284 19676
4285 19682
4286 19684
4287 19690
4288 19693
4289 19694
4290 19697
4291 19699
4292 19706
4293 19711
4294 19714
4295 19715
4296 19718
4297 19720
4298 19727
4299 19729
4300 19732
4301 19733
4302 19736
4303 19741
4304 19748
4305 19750
4306 19753
4307 19754
4308 19757
4309 19763
4310 19765
4311 19771
4312 19774
4313 19775
4314 19778
4315 19780
4316 19787
4317 19792
4318 19795
4319 19796
4320 19799
4321 19801
4322 19808
4323 19810
4324 19813
4325 19814
4326 19817
4327 19822
4328 19829
4329 19831
4330 19834
4331 19835
4332 19838
4333 19844
4334 19846
4335 19852
4336 19855
4337 19856
4338 19859
4339 19861
4340 19868
4341 19873
4342 19876
4343 19877
4344 19880
4345 19882
4346 19889
4347 19891
4348 19894
4349 19895
4350 19898
4351 19903
4352 19910
4353 19912
4354 19915
4355 19916
4356 19919
4357 19925
4358 19933
4359 19935
4360 19939
4361 19945
4362 19947
4363 19959
4364 19963
4365 19971
4366 19975
4367 19987
4368 19989
4369 19995
4370 19999
4371 20001
4372 20015
4373 20017
4374 20021
4375 20027
4376 20029
4377 20041
4378 20045
4379 20053
4380 20057
4381 20069
4382 20071
4383 20077
4384 20081
4385 20083
4386 20097
4387 20099
4388 20103
4389 20109
4390 20111
4391 20123
4392 20127
4393 20135
4394 20139
4395 20151
4396 20153
4397 20159
4398 20163
4399 20165
4400 20179
4401 20181
4402 20185
4403 20191
4404 20193
4405 20205
4406 20209
4407 20217
4408 20221
4409 20233
4410 20235
4411 20241
4412 20245
4413 20247
4414 20261
4415 20263
4416 20267
4417 20273
4418 20275
4419 20287
4420 20291
4421 20299
4422 20303
4423 20315
4424 20317
4425 20323
4426 20327
4427 20329
4428 20343
4429 20345
4430 20349
4431 20355
4432 20357
4433 20369
4434 20373
4435 20381
4436 20385
4437 20397
4438 20399
4439 20405
4440 20409
4441 20411
4442 20424
4443 20430
4444 20432
4445 20433
4446 20444
4447 20447
4448 20453
4449 20454
4450 20456
4451 20459
4452 20460
4453 20463
4454 20465
4455 20466
4456 20472
4457 20475
4458 20486
4459 20487
4460 20489
4461 20495
4462 20501
4463 20507
4464 20513
4465 20515
4466 20516
4467 20527
4468 20530
4469 20536
4470 20537
4471 20539
4472 20542
4473 20543
4474 20546
4475 20548
4476 20549
4477 20555
4478 20558
4479 20569
4480 20570
4481 20572
4482 20578
4483 20584
4484 20590
4485 20596
4486 20598
4487 20599
4488 20610
4489 20613
4490 20619
4491 20620
4492 20622
4493 20625
4494 20626
4495 20629
4496 20631
4497 20632
4498 20638
4499 20641
4500 20652
4501 20653
4502 20655
4503 20661
4504 20667
4505 20673
4506 20679
4507 20681
4508 20682
4509 20693
4510 20696
4511 20702
4512 20703
4513 20705
4514 20708
4515 20709
4516 20712
4517 20714
4518 20715
4519 20721
4520 20724
4521 20735
4522 20736
4523 20738
4524 20744
4525 20750
4526 20756
4527 20762
4528 20764
4529 20765
4530 20776
4531 20779
4532 20785
4533 20786
4534 20788
4535 20791
4536 20792
4537 20795
4538 20797
4539 20798
4540 20804
4541 20807
4542 20818
4543 20819
4544 20821
4545 20827
4546 20833
4547 20839
4548 20845
4549 20847
4550 20848
4551 20859
4552 20862
4553 20868
4554 20869
4555 20871
4556 20874
4557 20875
4558 20878
4559 20880
4560 20881
4561 20887
4562 20890
4563 20901
4564 20902
4565 20904
4566 20910
4567 20916
4568 20921
4569 20929
4570 20935
4571 20939
4572 20941
4573 20947
4574 20969
4575 20975
4576 20977
4577 20981
4578 20987
4579 20995
4580 21005
4581 21013
4582 21019
4583 21023
4584 21025
4585 21031
4586 21053
4587 21059
4588 21061
4589 21065
4590 21071
4591 21079
4592 21089
4593 21097
4594 21103
4595 21107
4596 21109
4597 21115
4598 21137
4599 21143
4600 21145
4601 21149
4602 21155
4603 21163
4604 21173
4605 21181
4606 21187
4607 21191
4608 21193
4609 21199
4610 21221
4611 21227
4612 21229
4613 21233
4614 21239
4615 21247
4616 21257
4617 21265
4618 21271
4619 21275
4620 21277
4621 21283
4622 21305
4623 21311
4624 21313
4625 21317
4626 21323
4627 21331
4628 21341
4629 21349
4630 21355
4631 21359
4632 21361
4633 21367
4634 21389
4635 21395
4636 21397
4637 21401
4638 21407
4639 21415
4640 21427
4641 21436
4642 21441
4643 21442
4644 21447
4645 21457
4646 21459
4647 21462
4648 21463
4649 21466
4650 21468
4651 21478
4652 21483
4653 21484
4654 21489
4655 21498
4656 21512
4657 21521
4658 21526
4659 21527
4660 21532
4661 21542
4662 21544
4663 21547
4664 21548
4665 21551
4666 21553
4667 21563
4668 21568
4669 21569
4670 21574
4671 21583
4672 21597
4673 21606
4674 21611
4675 21612
4676 21617
4677 21627
4678 21629
4679 21632
4680 21633
4681 21636
4682 21638
4683 21648
4684 21653
4685 21654
4686 21659
4687 21668
4688 21682
4689 21691
4690 21696
4691 21697
4692 21702
4693 21712
4694 21714
4695 21717
4696 21718
4697 21721
4698 21723
4699 21733
4700 21738
4701 21739
4702 21744
4703 21753
4704 21767
4705 21776
4706 21781
4707 21782
4708 21787
4709 21797
4710 21799
4711 21802
4712 21803
4713 21806
4714 21808
4715 21818
4716 21823
4717 21824
4718 21829
4719 21838
4720 21852
4721 21861
4722 21866
4723 21867
4724 21872
4725 21882
4726 21884
4727 21887
4728 21888
4729 21891
4730 21893
4731 21903
4732 21908
4733 21909
4734 21914
4735 21923
4736 21935
4737 21939
4738 21941
4739 21959
4740 21963
4741 21969
4742 21977
4743 21983
4744 21987
4745 22005
4746 22007
4747 22011
4748 22021
4749 22025
4750 22027
4751 22045
4752 22049
4753 22055
4754 22063
4755 22069
4756 22073
4757 22091
4758 22093
4759 22097
4760 22107
4761 22111
4762 22113
4763 22131
4764 22135
4765 22141
4766 22149
4767 22155
4768 22159
4769 22177
4770 22179
4771 22183
4772 22193
4773 22197
4774 22199
4775 22217
4776 22221
4777 22227
4778 22235
4779 22241
4780 22245
4781 22263
4782 22265
4783 22269
4784 22279
4785 22283
4786 22285
4787 22303
4788 22307
4789 22313
4790 22321
4791 22327
4792 22331
4793 22349
4794 22351
4795 22355
4796 22365
4797 22369
4798 22371
4799 22389
4800 22393
4801 22399
4802 22407
4803 22413
4804 22417
4805 22435
4806 22437
4807 22441
4808 22450
4809 22451
4810 22457
4811 22459
4812 22460
4813 22463
4814 22465
4815 22466
4816 22481
4817 22486
4818 22487
4819 22492
4820 22493
4821 22498
4822 22513
4823 22514
4824 22516
4825 22519
4826 22520
4827 22522
4828 22528
4829 22529
4830 22537
4831 22538
4832 22544
4833 22546
4834 22547
4835 22550
4836 22552
4837 22553
4838 22568
4839 22573
4840 22574
4841 22579
4842 22580
4843 22585
4844 22600
4845 22601
4846 22603
4847 22606
4848 22607
4849 22609
4850 22615
4851 22616
4852 22624
4853 22625
4854 22631
4855 22633
4856 22634
4857 22637
4858 22639
4859 22640
4860 22655
4861 22660
4862 22661
4863 22666
4864 22667
4865 22672
4866 22687
4867 22688
4868 22690
4869 22693
4870 22694
4871 22696
4872 22702
4873 22703
4874 22711
4875 22712
4876 22718
4877 22720
4878 22721
4879 22724
4880 22726
4881 22727
4882 22742
4883 22747
4884 22748
4885 22753
4886 22754
4887 22759
4888 22774
4889 22775
4890 22777
4891 22780
4892 22781
4893 22783
4894 22789
4895 22790
4896 22798
4897 22799
4898 22805
4899 22807
4900 22808
4901 22811
4902 22813
4903 22814
4904 22829
4905 22834
4906 22835
4907 22840
4908 22841
4909 22846
4910 22861
4911 22862
4912 22864
4913 22867
4914 22868
4915 22870
4916 22876
4917 22877
4918 22885
4919 22886
4920 22892
4921 22894
4922 22895
4923 22898
4924 22900
4925 22901
4926 22916
4927 22921
4928 22922
4929 22927
4930 22928
4931 22933
4932 22948
4933 22949
4934 22951
4935 22954
4936 22955
4937 22957
4938 22963
4939 22964
4940 22971
4941 22975
4942 22989
4943 23005
4944 23019
4945 23035
4946 23049
4947 23053
4948 23059
4949 23063
4950 23077
4951 23093
4952 23107
4953 23123
4954 23137
4955 23141
4956 23147
4957 23151
4958 23165
4959 23181
4960 23195
4961 23211
4962 23225
4963 23229
4964 23235
4965 23239
4966 23253
4967 23269
4968 23283
4969 23299
4970 23313
4971 23317
4972 23323
4973 23327
4974 23341
4975 23357
4976 23371
4977 23387
4978 23401
4979 23405
4980 23411
4981 23415
4982 23429
4983 23445
4984 23459
4985 23475
4986 23489
4987 23493
4988 23508
4989 23510
4990 23520
4991 23523
4992 23526
4993 23529
4994 23537
4995 23544
4996 23552
4997 23555
4998 23558
4999 23561
5000 23571
5001 23573
5002 23585
5003 23597
5004 23599
5005 23609
5006 23612
5007 23615
5008 23618
5009 23626
5010 23633
5011 23641
5012 23644
5013 23647
5014 23650
5015 23660
5016 23662
5017 23674
5018 23686
5019 23688
5020 23698
5021 23701
5022 23704
5023 23707
5024 23715
5025 23722
5026 23730
5027 23733
5028 23736
5029 23739
5030 23749
5031 23751
5032 23763
5033 23775
5034 23777
5035 23787
5036 23790
5037 23793
5038 23796
5039 23804
5040 23811
5041 23819
5042 23822
5043 23825
5044 23828
5045 23838
5046 23840
5047 23852
5048 23864
5049 23866
5050 23876
5051 23879
5052 23882
5053 23885
5054 23893
5055 23900
5056 23908
5057 23911
5058 23914
5059 23917
5060 23927
5061 23929
5062 23941
5063 23953
5064 23955
5065 23965
5066 23968
5067 23971
5068 23974
5069 23982
5070 23989
5071 23997
5072 24000
5073 24003
5074 24006
5075 24016
5076 24018
5077 24030
5078 24031
5079 24061
5080 24071
5081 24073
5082 24077
5083 24079
5084 24089
5085 24119
5086 24121
5087 24151
5088 24161
5089 24163
5090 24167
5091 24169
5092 24179
5093 24209
5094 24211
5095 24241
5096 24251
5097 24253
5098 24257
5099 24259
5100 24269
5101 24299
5102 24301
5103 24331
5104 24341
5105 24343
5106 24347
5107 24349
5108 24359
5109 24389
5110 24391
5111 24421
5112 24431
5113 24433
5114 24437
5115 24439
5116 24449
5117 24479
5118 24481
5119 24511
5120 24521
5121 24523
5122 24527
5123 24529
5124 24539
5125 24569
5126 24571
5127 24573
5128 24574
5129 24582
5130 24588
5131 24592
5132 24594
5133 24597
5134 24600
5135 24601
5136 24603
5137 24604
5138 24606
5139 24613
5140 24615
5141 24616
5142 24618
5143 24625
5144 24627
5145 24628
5146 24630
5147 24631
5148 24634
5149 24637
5150 24639
5151 24643
5152 24649
5153 24657
5154 24658
5155 24660
5156 24662
5157 24664
5158 24665
5159 24673
5160 24679
5161 24683
5162 24685
5163 24688
5164 24691
5165 24692
5166 24694
5167 24695
5168 24697
5169 24704
5170 24706
5171 24707
5172 24709
5173 24716
5174 24718
5175 24719
5176 24721
5177 24722
5178 24725
5179 24728
5180 24730
5181 24734
5182 24740
5183 24748
5184 24749
5185 24751
5186 24753
5187 24755
5188 24756
5189 24764
5190 24770
5191 24774
5192 24776
5193 24779
5194 24782
5195 24783
5196 24785
5197 24786
5198 24788
5199 24795
5200 24797
5201 24798
5202 24800
5203 24807
5204 24809
5205 24810
5206 24812
5207 24813
5208 24816
5209 24819
5210 24821
5211 24825
5212 24831
5213 24839
5214 24840
5215 24842
5216 24844
5217 24846
5218 24847
5219 24855
5220 24861
5221 24865
5222 24867
5223 24870
5224 24873
5225 24874
5226 24876
5227 24877
5228 24879
5229 24886
5230 24888
5231 24889
5232 24891
5233 24898
5234 24900
5235 24901
5236 24903
5237 24904
5238 24907
5239 24910
5240 24912
5241 24916
5242 24922
5243 24930
5244 24931
5245 24933
5246 24935
5247 24937
5248 24938
5249 24946
5250 24952
5251 24956
5252 24958
5253 24961
5254 24964
5255 24965
5256 24967
5257 24968
5258 24970
5259 24977
5260 24979
5261 24980
5262 24982
5263 24989
5264 24991
5265 24992
5266 24994
5267 24995
5268 24998
5269 25001
5270 25003
5271 25007
5272 25013
5273 25021
5274 25022
5275 25024
5276 25026
5277 25028
5278 25029
5279 25037
5280 25043
5281 25047
5282 25049
5283 25052
5284 25055
5285 25056
5286 25058
5287 25059
5288 25061
5289 25068
5290 25070
5291 25071
5292 25073
5293 25080
5294 25082
5295 25083
5296 25085
5297 25086
5298 25089
5299 25092
5300 25094
5301 25098
5302 25104
5303 25112
5304 25113
5305 25115
5306 25125
5307 25127
5308 25131
5309 25143
5310 25145
5311 25151
5312 25155
5313 25157
5314 25167
5315 25169
5316 25173
5317 25179
5318 25181
5319 25193
5320 25197
5321 25199
5322 25217
5323 25219
5324 25223
5325 25235
5326 25237
5327 25243
5328 25247
5329 25249
5330 25259
5331 25261
5332 25265
5333 25271
5334 25273
5335 25285
5336 25289
5337 25291
5338 25309
5339 25311
5340 25315
5341 25327
5342 25329
5343 25335
5344 25339
5345 25341
5346 25351
5347 25353
5348 25357
5349 25363
5350 25365
5351 25377
5352 25381
5353 25383
5354 25401
5355 25403
5356 25407
5357 25419
5358 25421
5359 25427
5360 25431
5361 25433
5362 25443
5363 25445
5364 25449
5365 25455
5366 25457
5367 25469
5368 25473
5369 25475
5370 25493
5371 25495
5372 25499
5373 25511
5374 25513
5375 25519
5376 25523
5377 25525
5378 25535
5379 25537
5380 25541
5381 25547
5382 25549
5383 25561
5384 25565
5385 25567
5386 25585
5387 25587
5388 25591
5389 25603
5390 25605
5391 25611
5392 25615
5393 25617
5394 25627
5395 25629
5396 25633
5397 25639
5398 25641
5399 25653
5400 25657
5401 25659
5402 25670
5403 25672
5404 25673
5405 25684
5406 25687
5407 25691
5408 25693
5409 25694
5410 25696
5411 25697
5412 25703
5413 25705
5414 25708
5415 25721
5416 25724
5417 25726
5418 25732
5419 25733
5420 25735
5421 25736
5422 25738
5423 25742
5424 25745
5425 25756
5426 25757
5427 25759
5428 25763
5429 25765
5430 25766
5431 25777
5432 25780
5433 25784
5434 25786
5435 25787
5436 25789
5437 25790
5438 25796
5439 25798
5440 25801
5441 25814
5442 25817
5443 25819
5444 25825
5445 25826
5446 25828
5447 25829
5448 25831
5449 25835
5450 25838
5451 25849
5452 25850
5453 25852
5454 25856
5455 25858
5456 25859
5457 25870
5458 25873
5459 25877
5460 25879
5461 25880
5462 25882
5463 25883
5464 25889
5465 25891
5466 25894
5467 25907
5468 25910
5469 25912
5470 25918
5471 25919
5472 25921
5473 25922
5474 25924
5475 25928
5476 25931
5477 25942
5478 25943
5479 25945
5480 25949
5481 25951
5482 25952
5483 25963
5484 25966
5485 25970
5486 25972
5487 25973
5488 25975
5489 25976
5490 25982
5491 25984
5492 25987
5493 26000
5494 26003
5495 26005
5496 26011
5497 26012
5498 26014
5499 26015
5500 26017
5501 26021
5502 26024
5503 26035
5504 26036
5505 26038
5506 26042
5507 26044
5508 26045
5509 26056
5510 26059
5511 26063
5512 26065
5513 26066
5514 26068
5515 26069
5516 26075
5517 26077
5518 26080
5519 26093
5520 26096
5521 26098
5522 26104
5523 26105
5524 26107
5525 26108
5526 26110
5527 26114
5528 26117
5529 26128
5530 26129
5531 26131
5532 26135
5533 26137
5534 26138
5535 26149
5536 26152
5537 26156
5538 26158
5539 26159
5540 26161
5541 26162
5542 26168
5543 26170
5544 26173
5545 26186
5546 26189
5547 26191
5548 26197
5549 26198
5550 26200
5551 26201
5552 26203
5553 26207
5554 26210
5555 26221
5556 26222
5557 26224
5558 26229
5559 26245
5560 26253
5561 26257
5562 26259
5563 26265
5564 26281
5565 26287
5566 26289
5567 26293
5568 26301
5569 26317
5570 26323
5571 26339
5572 26347
5573 26351
5574 26353
5575 26359
5576 26375
5577 26381
5578 26383
5579 26387
5580 26395
5581 26411
5582 26417
5583 26433
5584 26441
5585 26445
5586 26447
5587 26453
5588 26469
5589 26475
5590 26477
5591 26481
5592 26489
5593 26505
5594 26511
5595 26527
5596 26535
5597 26539
5598 26541
5599 26547
5600 26563
5601 26569
5602 26571
5603 26575
5604 26583
5605 26599
5606 26605
5607 26621
5608 26629
5609 26633
5610 26635
5611 26641
5612 26657
5613 26663
5614 26665
5615 26669
5616 26677
5617 26693
5618 26699
5619 26715
5620 26723
5621 26727
5622 26729
5623 26735
5624 26751
5625 26757
5626 26759
5627 26763
5628 26771
5629 26787
5630 26792
5631 26798
5632 26801
5633 26807
5634 26808
5635 26813
5636 26814
5637 26829
5638 26834
5639 26841
5640 26846
5641 26861
5642 26862
5643 26867
5644 26868
5645 26874
5646 26877
5647 26883
5648 26887
5649 26893
5650 26896
5651 26902
5652 26903
5653 26908
5654 26909
5655 26924
5656 26929
5657 26936
5658 26941
5659 26956
5660 26957
5661 26962
5662 26963
5663 26969
5664 26972
5665 26978
5666 26982
5667 26988
5668 26991
5669 26997
5670 26998
5671 27003
5672 27004
5673 27019
5674 27024
5675 27031
5676 27036
5677 27051
5678 27052
5679 27057
5680 27058
5681 27064
5682 27067
5683 27073
5684 27077
5685 27083
5686 27086
5687 27092
5688 27093
5689 27098
5690 27099
5691 27114
5692 27119
5693 27126
5694 27131
5695 27146
5696 27147
5697 27152
5698 27153
5699 27159
5700 27162
5701 27168
5702 27172
5703 27178
5704 27181
5705 27187
5706 27188
5707 27193
5708 27194
5709 27209
5710 27214
5711 27221
5712 27226
5713 27241
5714 27242
5715 27247
5716 27248
5717 27254
5718 27257
5719 27263
5720 27267
5721 27273
5722 27276
5723 27282
5724 27283
5725 27288
5726 27289
5727 27304
5728 27309
5729 27316
5730 27321
5731 27336
5732 27337
5733 27342
5734 27343
5735 27349
5736 27352
5737 27358
5738 27365
5739 27377
5740 27379
5741 27383
5742 27401
5743 27415
5744 27433
5745 27437
5746 27439
5747 27451
5748 27461
5749 27473
5750 27475
5751 27479
5752 27497
5753 27511
5754 27529
5755 27533
5756 27535
5757 27547
5758 27557
5759 27569
5760 27571
5761 27575
5762 27593
5763 27607
5764 27625
5765 27629
5766 27631
5767 27643
5768 27653
5769 27665
5770 27667
5771 27671
5772 27689
5773 27703
5774 27721
5775 27725
5776 27727
5777 27739
5778 27749
5779 27761
5780 27763
5781 27767
5782 27785
5783 27799
5784 27817
5785 27821
5786 27823
5787 27835
5788 27845
5789 27857
5790 27859
5791 27863
5792 27881
5793 27895
5794 27913
5795 27917
5796 27919
5797 27931
5798 27939
5799 27942
5800 27943
5801 27946
5802 27948
5803 27949
5804 27951
5805 27955
5806 27958
5807 27964
5808 27969
5809 27972
5810 27976
5811 27981
5812 27984
5813 27985
5814 27988
5815 27993
5816 27997
5817 28000
5818 28005
5819 28011
5820 28014
5821 28018
5822 28020
5823 28021
5824 28023
5825 28026
5826 28027
5827 28030
5828 28036
5829 28039
5830 28040
5831 28043
5832 28045
5833 28046
5834 28048
5835 28052
5836 28055
5837 28061
5838 28066
5839 28069
5840 28073
5841 28078
5842 28081
5843 28082
5844 28085
5845 28090
5846 28094
5847 28097
5848 28102
5849 28108
5850 28111
5851 28115
5852 28117
5853 28118
5854 28120
5855 28123
5856 28124
5857 28127
5858 28133
5859 28136
5860 28137
5861 28140
5862 28142
5863 28143
5864 28145
5865 28149
5866 28152
5867 28158
5868 28163
5869 28166
5870 28170
5871 28175
5872 28178
5873 28179
5874 28182
5875 28187
5876 28191
5877 28194
5878 28199
5879 28205
5880 28208
5881 28212
5882 28214
5883 28215
5884 28217
5885 28220
5886 28221
5887 28224
5888 28230
5889 28233
5890 28234
5891 28237
5892 28239
5893 28240
5894 28242
5895 28246
5896 28249
5897 28255
5898 28260
5899 28263
5900 28267
5901 28272
5902 28275
5903 28276
5904 28279
5905 28284
5906 28288
5907 28291
5908 28296
5909 28302
5910 28305
5911 28309
5912 28311
5913 28312
5914 28314
5915 28317
5916 28318
5917 28321
5918 28327
5919 28330
5920 28331
5921 28334
5922 28336
5923 28337
5924 28339
5925 28343
5926 28346
5927 28352
5928 28357
5929 28360
5930 28364
5931 28369
5932 28372
5933 28373
5934 28376
5935 28381
5936 28385
5937 28388
5938 28393
5939 28399
5940 28402
5941 28406
5942 28408
5943 28409
5944 28411
5945 28414
5946 28415
5947 28418
5948 28424
5949 28427
5950 28428
5951 28431
5952 28433
5953 28434
5954 28436
5955 28440
5956 28443
5957 28449
5958 28454
5959 28457
5960 28461
5961 28466
5962 28469
5963 28470
5964 28473
5965 28478
5966 28482
5967 28485
5968 28490
5969 28496
5970 28499
5971 28503
5972 28505
5973 28506
5974 28508
5975 28511
5976 28512
5977 28515
5978 28521
5979 28527
5980 28529
5981 28541
5982 28545
5983 28547
5984 28551
5985 28563
5986 28565
5987 28569
5988 28571
5989 28583
5990 28587
5991 28589
5992 28593
5993 28605
5994 28607
5995 28613
5996 28619
5997 28625
5998 28627
5999 28639
6000 28643
6001 28645
6002 28649
6003 28661
6004 28663
6005 28667
6006 28669
6007 28681
6008 28685
6009 28687
6010 28691
6011 28703
6012 28705
6013 28711
6014 28717
6015 28723
6016 28725
6017 28737
6018 28741
6019 28743
6020 28747
6021 28759
6022 28761
6023 28765
6024 28767
6025 28779
6026 28783
6027 28785
6028 28789
6029 28801
6030 28803
6031 28809
6032 28815
6033 28821
6034 28823
6035 28835
6036 28839
6037 28841
6038 28845
6039 28857
6040 28859
6041 28863
6042 28865
6043 28877
6044 28881
6045 28883
6046 28887
6047 28899
6048 28901
6049 28907
6050 28913
6051 28919
6052 28921
6053 28933
6054 28937
6055 28939
6056 28943
6057 28955
6058 28957
6059 28961
6060 28963
6061 28975
6062 28979
6063 28981
6064 28985
6065 28997
6066 28999
6067 29005
6068 29011
6069 29017
6070 29019
6071 29031
6072 29035
6073 29037
6074 29041
6075 29053
6076 29055
6077 29059
6078 29061
6079 29073
6080 29077
6081 29079
6082 29083
6083 29095
6084 29097
6085 29103
6086 29110
6087 29113
6088 29126
6089 29129
6090 29131
6091 29140
6092 29141
6093 29143
6094 29149
6095 29155
6096 29156
6097 29162
6098 29168
6099 29170
6100 29171
6101 29180
6102 29182
6103 29185
6104 29198
6105 29201
6106 29209
6107 29212
6108 29225
6109 29228
6110 29230
6111 29239
6112 29240
6113 29242
6114 29248
6115 29254
6116 29255
6117 29261
6118 29267
6119 29269
6120 29270
6121 29279
6122 29281
6123 29284
6124 29297
6125 29300
6126 29308
6127 29311
6128 29324
6129 29327
6130 29329
6131 29338
6132 29339
6133 29341
6134 29347
6135 29353
6136 29354
6137 29360
6138 29366
6139 29368
6140 29369
6141 29378
6142 29380
6143 29383
6144 29396
6145 29399
6146 29407
6147 29410
6148 29423
6149 29426
6150 29428
6151 29437
6152 29438
6153 29440
6154 29446
6155 29452
6156 29453
6157 29459
6158 29465
6159 29467
6160 29468
6161 29477
6162 29479
6163 29482
6164 29495
6165 29498
6166 29506
6167 29509
6168 29522
6169 29525
6170 29527
6171 29536
6172 29537
6173 29539
6174 29545
6175 29551
6176 29552
6177 29558
6178 29564
6179 29566
6180 29567
6181 29576
6182 29578
6183 29581
6184 29594
6185 29597
6186 29605
6187 29608
6188 29621
6189 29624
6190 29626
6191 29635
6192 29636
6193 29638
6194 29644
6195 29650
6196 29651
6197 29657
6198 29663
6199 29665
6200 29666
6201 29675
6202 29677
6203 29680
6204 29693
6205 29696
6206 29701
6207 29707
6208 29709
6209 29719
6210 29733
6211 29737
6212 29739
6213 29743
6214 29757
6215 29761
6216 29763
6217 29767
6218 29781
6219 29791
6220 29793
6221 29799
6222 29801
6223 29807
6224 29809
6225 29819
6226 29833
6227 29837
6228 29839
6229 29843
6230 29857
6231 29861
6232 29863
6233 29867
6234 29881
6235 29891
6236 29893
6237 29899
6238 29901
6239 29907
6240 29909
6241 29919
6242 29933
6243 29937
6244 29939
6245 29943
6246 29957
6247 29961
6248 29963
6249 29967
6250 29981
6251 29991
6252 29993
6253 29999
6254 30001
6255 30007
6256 30009
6257 30019
6258 30033
6259 30037
6260 30039
6261 30043
6262 30057
6263 30061
6264 30063
6265 30067
6266 30081
6267 30091
6268 30093
6269 30099
6270 30101
6271 30107
6272 30109
6273 30119
6274 30133
6275 30137
6276 30139
6277 30143
6278 30157
6279 30161
6280 30163
6281 30167
6282 30181
6283 30191
6284 30193
6285 30199
6286 30201
6287 30207
6288 30209
6289 30219
6290 30233
6291 30237
6292 30239
6293 30243
6294 30257
6295 30261
6296 30263
6297 30267
6298 30281
6299 30291
6300 30293
6301 30299
6302 30303
6303 30305
6304 30306
6305 30312
6306 30318
6307 30320
6308 30321
6309 30324
6310 30332
6311 30341
6312 30342
6313 30345
6314 30356
6315 30359
6316 30360
6317 30369
6318 30377
6319 30380
6320 30381
6321 30383
6322 30389
6323 30395
6324 30396
6325 30398
6326 30401
6327 30404
6328 30406
6329 30407
6330 30413
6331 30419
6332 30421
6333 30422
6334 30425
6335 30433
6336 30442
6337 30443
6338 30446
6339 30457
6340 30460
6341 30461
6342 30470
6343 30478
6344 30481
6345 30482
6346 30484
6347 30490
6348 30496
6349 30497
6350 30499
6351 30502
6352 30505
6353 30507
6354 30508
6355 30514
6356 30520
6357 30522
6358 30523
6359 30526
6360 30534
6361 30543
6362 30544
6363 30547
6364 30558
6365 30561
6366 30562
6367 30571
6368 30579
6369 30582
6370 30583
6371 30585
6372 30591
6373 30597
6374 30598
6375 30600
6376 30603
6377 30606
6378 30608
6379 30609
6380 30615
6381 30621
6382 30623
6383 30624
6384 30627
6385 30635
6386 30644
6387 30645
6388 30648
6389 30659
6390 30662
6391 30663
6392 30672
6393 30680
6394 30683
6395 30684
6396 30686
6397 30692
6398 30698
6399 30699
6400 30701
6401 30704
6402 30707
6403 30709
6404 30710
6405 30716
6406 30722
6407 30724
6408 30725
6409 30728
6410 30736
6411 30745
6412 30746
6413 30749
6414 30760
6415 30763
6416 30764
6417 30773
6418 30781
6419 30784
6420 30785
6421 30787
6422 30793
6423 30799
6424 30800
6425 30802
6426 30805
6427 30808
6428 30810
6429 30811
6430 30817
6431 30823
6432 30825
6433 30826
6434 30829
6435 30837
6436 30846
6437 30847
6438 30850
6439 30861
6440 30864
6441 30865
6442 30874
6443 30882
6444 30885
6445 30886
6446 30888
6447 30894
6448 30900
6449 30901
6450 30903
6451 30906
6452 30907
6453 30913
6454 30917
6455 30935
6456 30941
6457 30949
6458 30965
6459 30973
6460 30979
6461 30997
6462 31001
6463 31007
6464 31009
6465 31015
6466 31019
6467 31037
6468 31043
6469 31051
6470 31067
6471 31075
6472 31081
6473 31099
6474 31103
6475 31109
6476 31111
6477 31117
6478 31121
6479 31139
6480 31145
6481 31153
6482 31169
6483 31177
6484 31183
6485 31201
6486 31205
6487 31211
6488 31213
6489 31219
6490 31223
6491 31241
6492 31247
6493 31255
6494 31271
6495 31279
6496 31285
6497 31303
6498 31307
6499 31313
6500 31315
6501 31321
6502 31325
6503 31343
6504 31349
6505 31357
6506 31373
6507 31381
6508 31387
6509 31405
6510 31409
6511 31415
6512 31417
6513 31423
6514 31427
6515 31445
6516 31451
6517 31459
6518 31475
6519 31483
6520 31489
6521 31507
6522 31511
6523 31517
6524 31528
6525 31531
6526 31537
6527 31539
6528 31542
6529 31548
6530 31549
6531 31552
6532 31555
6533 31558
6534 31567
6535 31572
6536 31581
6537 31584
6538 31587
6539 31590
6540 31591
6541 31597
6542 31600
6543 31602
6544 31608
6545 31611
6546 31631
6547 31634
6548 31640
6549 31642
6550 31645
6551 31651
6552 31652
6553 31655
6554 31658
6555 31661
6556 31670
6557 31675
6558 31684
6559 31687
6560 31690
6561 31693
6562 31694
6563 31700
6564 31703
6565 31705
6566 31711
6567 31714
6568 31734
6569 31737
6570 31743
6571 31745
6572 31748
6573 31754
6574 31755
6575 31758
6576 31761
6577 31764
6578 31773
6579 31778
6580 31787
6581 31790
6582 31793
6583 31796
6584 31797
6585 31803
6586 31806
6587 31808
6588 31814
6589 31817
6590 31837
6591 31840
6592 31846
6593 31848
6594 31851
6595 31857
6596 31858
6597 31861
6598 31864
6599 31867
6600 31876
6601 31881
6602 31890
6603 31893
6604 31896
6605 31899
6606 31900
6607 31906
6608 31909
6609 31911
6610 31917
6611 31920
6612 31940
6613 31943
6614 31949
6615 31951
6616 31954
6617 31960
6618 31961
6619 31964
6620 31967
6621 31970
6622 31979
6623 31984
6624 31993
6625 31996
6626 31999
6627 32002
6628 32003
6629 32009
6630 32012
6631 32014
6632 32020
6633 32023
6634 32043
6635 32046
6636 32052
6637 32054
6638 32057
6639 32063
6640 32064
6641 32067
6642 32070
6643 32073
6644 32082
6645 32087
6646 32096
6647 32099
6648 32102
6649 32105
6650 32106
6651 32112
6652 32115
6653 32117
6654 32123
6655 32126
6656 32139
6657 32141
6658 32153
6659 32163
6660 32165
6661 32177
6662 32181
6663 32195
6664 32199
6665 32211
6666 32213
6667 32223
6668 32235
6669 32237
6670 32243
6671 32245
6672 32257
6673 32267
6674 32269
6675 32281
6676 32285
6677 32299
6678 32303
6679 32315
6680 32317
6681 32327
6682 32339
6683 32341
6684 32347
6685 32349
6686 32361
6687 32371
6688 32373
6689 32385
6690 32389
6691 32403
6692 32407
6693 32419
6694 32421
6695 32431
6696 32443
6697 32445
6698 32451
6699 32453
6700 32465
6701 32475
6702 32477
6703 32489
6704 32493
6705 32507
6706 32511
6707 32523
6708 32525
6709 32535
6710 32547
6711 32549
6712 32555
6713 32557
6714 32569
6715 32579
6716 32581
6717 32593
6718 32597
6719 32611
6720 32615
6721 32627
6722 32629
6723 32639
6724 32651
6725 32653
6726 32659
6727 32661
6728 32673
6729 32683
6730 32685
6731 32697
6732 32701
6733 32715
6734 32719
6735 32731
6736 32733
6737 32743
6738 32755
6739 32757
6740 32773
6741 32776
6742 32779
6743 32782
6744 32786
6745 32789
6746 32791
6747 32792
6748 32806
6749 32812
6750 32813
6751 32819
6752 32833
6753 32834
6754 32836
6755 32839
6756 32843
6757 32846
6758 32849
6759 32852
6760 32878
6761 32881
6762 32884
6763 32887
6764 32891
6765 32894
6766 32896
6767 32897
6768 32911
6769 32917
6770 32918
6771 32924
6772 32938
6773 32939
6774 32941
6775 32944
6776 32948
6777 32951
6778 32954
6779 32957
6780 32983
6781 32986
6782 32989
6783 32992
6784 32996
6785 32999
6786 33001
6787 33002
6788 33016
6789 33022
6790 33023
6791 33029
6792 33043
6793 33044
6794 33046
6795 33049
6796 33053
6797 33056
6798 33059
6799 33062
6800 33088
6801 33091
6802 33094
6803 33097
6804 33101
6805 33104
6806 33106
6807 33107
6808 33121
6809 33127
6810 33128
6811 33134
6812 33148
6813 33149
6814 33151
6815 33154
6816 33158
6817 33161
6818 33164
6819 33167
6820 33193
6821 33196
6822 33199
6823 33202
6824 33206
6825 33209
6826 33211
6827 33212
6828 33226
6829 33232
6830 33233
6831 33239
6832 33253
6833 33254
6834 33256
6835 33259
6836 33263
6837 33266
6838 33269
6839 33272
6840 33298
6841 33301
6842 33304
6843 33307
6844 33311
6845 33314
6846 33316
6847 33317
6848 33331
6849 33337
6850 33338
6851 33344
6852 33358
6853 33359
6854 33361
6855 33364
6856 33368
6857 33371
6858 33374
6859 33377
6860 33391
6861 33405
6862 33417
6863 33429
6864 33433
6865 33439
6866 33441
6867 33445
6868 33447
6869 33453
6870 33457
6871 33469
6872 33481
6873 33495
6874 33497
6875 33511
6876 33523
6877 33535
6878 33539
6879 33545
6880 33547
6881 33551
6882 33553
6883 33559
6884 33563
6885 33575
6886 33587
6887 33601
6888 33603
6889 33617
6890 33629
6891 33641
6892 33645
6893 33651
6894 33653
6895 33657
6896 33659
6897 33665
6898 33669
6899 33681
6900 33693
6901 33707
6902 33709
6903 33723
6904 33735
6905 33747
6906 33751
6907 33757
6908 33759
6909 33763
6910 33765
6911 33771
6912 33775
6913 33787
6914 33799
6915 33813
6916 33815
6917 33829
6918 33841
6919 33853
6920 33857
6921 33863
6922 33865
6923 33869
6924 33871
6925 33877
6926 33881
6927 33893
6928 33905
6929 33919
6930 33921
6931 33935
6932 33947
6933 33959
6934 33963
6935 33969
6936 33971
6937 33975
6938 33977
6939 33983
6940 33987
6941 33999
6942 34011
6943 34025
6944 34028
6945 34031
6946 34034
6947 34035
6948 34041
6949 34047
6950 34052
6951 34055
6952 34058
6953 34059
6954 34061
6955 34062
6956 34068
6957 34070
6958 34073
6959 34076
6960 34083
6961 34086
6962 34089
6963 34091
6964 34097
6965 34098
6966 34100
6967 34101
6968 34104
6969 34107
6970 34112
6971 34118
6972 34124
6973 34125
6974 34128
6975 34131
6976 34133
6977 34135
6978 34138
6979 34141
6980 34142
6981 34148
6982 34154
6983 34159
6984 34162
6985 34165
6986 34166
6987 34168
6988 34169
6989 34175
6990 34177
6991 34180
6992 34183
6993 34190
6994 34193
6995 34196
6996 34198
6997 34204
6998 34205
6999 34207
7000 34208
7001 34211
7002 34214
7003 34219
7004 34225
7005 34231
7006 34232
7007 34235
7008 34238
7009 34240
7010 34242
7011 34245
7012 34248
7013 34249
7014 34255
7015 34261
7016 34266
7017 34269
7018 34272
7019 34273
7020 34275
7021 34276
7022 34282
7023 34284
7024 34287
7025 34290
7026 34297
7027 34300
7028 34303
7029 34305
7030 34311
7031 34312
7032 34314
7033 34315
7034 34318
7035 34321
7036 34326
7037 34332
7038 34338
7039 34339
7040 34342
7041 34345
7042 34347
7043 34349
7044 34352
7045 34355
7046 34356
7047 34362
7048 34368
7049 34373
7050 34376
7051 34379
7052 34380
7053 34382
7054 34383
7055 34389
7056 34391
7057 34394
7058 34397
7059 34404
7060 34407
7061 34410
7062 34412
7063 34418
7064 34419
7065 34421
7066 34422
7067 34425
7068 34428
7069 34433
7070 34439
7071 34445
7072 34446
7073 34449
7074 34452
7075 34454
7076 34456
7077 34459
7078 34462
7079 34463
7080 34469
7081 34475
7082 34480
7083 34483
7084 34486
7085 34487
7086 34489
7087 34490
7088 34496
7089 34498
7090 34501
7091 34504
7092 34511
7093 34514
7094 34517
7095 34519
7096 34525
7097 34526
7098 34528
7099 34529
7100 34532
7101 34535
7102 34540
7103 34546
7104 34552
7105 34553
7106 34556
7107 34559
7108 34561
7109 34563
7110 34566
7111 34569
7112 34570
7113 34576
7114 34582
7115 34587
7116 34590
7117 34593
7118 34594
7119 34596
7120 34597
7121 34603
7122 34605
7123 34608
7124 34611
7125 34618
7126 34621
7127 34624
7128 34626
7129 34632
7130 34633
7131 34635
7132 34636
7133 34639
7134 34642
7135 34647
7136 34653
7137 34659
7138 34660
7139 34663
7140 34666
7141 34668
7142 34673
7143 34675
7144 34679
7145 34681
7146 34687
7147 34699
7148 34703
7149 34741
7150 34745
7151 34757
7152 34763
7153 34765
7154 34769
7155 34771
7156 34781
7157 34783
7158 34787
7159 34789
7160 34795
7161 34807
7162 34811
7163 34849
7164 34853
7165 34865
7166 34871
7167 34873
7168 34877
7169 34879
7170 34889
7171 34891
7172 34895
7173 34897
7174 34903
7175 34915
7176 34919
7177 34957
7178 34961
7179 34973
7180 34979
7181 34981
7182 34985
7183 34987
7184 34997
7185 34999
7186 35003
7187 35005
7188 35011
7189 35023
7190 35027
7191 35065
7192 35069
7193 35081
7194 35087
7195 35089
7196 35093
7197 35095
7198 35105
7199 35107
7200 35111
7201 35113
7202 35119
7203 35131
7204 35135
7205 35173
7206 35177
7207 35189
7208 35195
7209 35197
7210 35201
7211 35203
7212 35213
7213 35215
7214 35219
7215 35221
7216 35227
7217 35239
7218 35243
7219 35281
7220 35285
7221 35297
7222 35303
7223 35305
7224 35309
7225 35311
7226 35326
7227 35334
7228 35338
7229 35341
7230 35344
7231 35346
7232 35347
7233 35355
7234 35358
7235 35359
7236 35361
7237 35365
7238 35367
7239 35374
7240 35376
7241 35380
7242 35382
7243 35383
7244 35386
7245 35394
7246 35395
7247 35397
7248 35400
7249 35403
7250 35407
7251 35415
7252 35435
7253 35443
7254 35447
7255 35450
7256 35453
7257 35455
7258 35456
7259 35464
7260 35467
7261 35468
7262 35470
7263 35474
7264 35476
7265 35483
7266 35485
7267 35489
7268 35491
7269 35492
7270 35495
7271 35503
7272 35504
7273 35506
7274 35509
7275 35512
7276 35516
7277 35524
7278 35544
7279 35552
7280 35556
7281 35559
7282 35562
7283 35564
7284 35565
7285 35573
7286 35576
7287 35577
7288 35579
7289 35583
7290 35585
7291 35592
7292 35594
7293 35598
7294 35600
7295 35601
7296 35604
7297 35612
7298 35613
7299 35615
7300 35618
7301 35621
7302 35625
7303 35633
7304 35653
7305 35661
7306 35665
7307 35668
7308 35671
7309 35673
7310 35674
7311 35682
7312 35685
7313 35686
7314 35688
7315 35692
7316 35694
7317 35701
7318 35703
7319 35707
7320 35709
7321 35710
7322 35713
7323 35721
7324 35722
7325 35724
7326 35727
7327 35730
7328 35734
7329 35742
7330 35762
7331 35770
7332 35774
7333 35777
7334 35780
7335 35782
7336 35783
7337 35791
7338 35794
7339 35795
7340 35797
7341 35801
7342 35803
7343 35810
7344 35812
7345 35816
7346 35818
7347 35819
7348 35822
7349 35830
7350 35831
7351 35833
7352 35836
7353 35839
7354 35843
7355 35851
7356 35871
7357 35879
7358 35883
7359 35886
7360 35889
7361 35891
7362 35892
7363 35900
7364 35903
7365 35904
7366 35906
7367 35910
7368 35912
7369 35919
7370 35921
7371 35925
7372 35927
7373 35928
7374 35931
7375 35939
7376 35940
7377 35942
7378 35945
7379 35948
7380 35952
7381 35960
7382 35973
7383 35993
7384 35997
7385 36021
7386 36029
7387 36053
7388 36057
7389 36077
7390 36083
7391 36103
7392 36107
7393 36131
7394 36139
7395 36163
7396 36167
7397 36187
7398 36193
7399 36213
7400 36217
7401 36241
7402 36249
7403 36273
7404 36277
7405 36297
7406 36303
7407 36323
7408 36327
7409 36351
7410 36359
7411 36383
7412 36387
7413 36407
7414 36413
7415 36433
7416 36437
7417 36461
7418 36469
7419 36493
7420 36497
7421 36517
7422 36523
7423 36543
7424 36547
7425 36571
7426 36579
7427 36603
7428 36607
7429 36627
7430 36631
7431 36637
7432 36638
7433 36640
7434 36643
7435 36647
7436 36650
7437 36656
7438 36665
7439 36668
7440 36673
7441 36679
7442 36685
7443 36686
7444 36692
7445 36698
7446 36703
7447 36706
7448 36715
7449 36721
7450 36724
7451 36728
7452 36731
7453 36733
7454 36734
7455 36740
7456 36742
7457 36748
7458 36749
7459 36751
7460 36754
7461 36758
7462 36761
7463 36767
7464 36776
7465 36779
7466 36784
7467 36790
7468 36796
7469 36797
7470 36803
7471 36809
7472 36814
7473 36817
7474 36826
7475 36832
7476 36835
7477 36839
7478 36842
7479 36844
7480 36845
7481 36851
7482 36853
7483 36859
7484 36860
7485 36862
7486 36865
7487 36869
7488 36872
7489 36878
7490 36887
7491 36890
7492 36895
7493 36901
7494 36907
7495 36908
7496 36914
7497 36920
7498 36925
7499 36928
7500 36937
7501 36943
7502 36946
7503 36950
7504 36953
7505 36955
7506 36956
7507 36962
7508 36964
7509 36970
7510 36971
7511 36973
7512 36976
7513 36980
7514 36983
7515 36989
7516 36998
7517 37001
7518 37006
7519 37012
7520 37018
7521 37019
7522 37025
7523 37031
7524 37036
7525 37039
7526 37048
7527 37054
7528 37057
7529 37061
7530 37064
7531 37066
7532 37067
7533 37073
7534 37075
7535 37081
7536 37082
7537 37084
7538 37087
7539 37091
7540 37094
7541 37100
7542 37109
7543 37112
7544 37117
7545 37123
7546 37129
7547 37130
7548 37136
7549 37142
7550 37147
7551 37150
7552 37159
7553 37165
7554 37168
7555 37172
7556 37175
7557 37177
7558 37178
7559 37184
7560 37186
7561 37192
7562 37193
7563 37195
7564 37198
7565 37202
7566 37205
7567 37211
7568 37220
7569 37223
7570 37228
7571 37234
7572 37240
7573 37241
7574 37247
7575 37253
7576 37258
7577 37261
7578 37270
7579 37276
7580 37279
7581 37283
7582 37286
7583 37288
7584 37289
7585 37295
7586 37297
7587 37305
7588 37309
7589 37321
7590 37333
7591 37335
7592 37347
7593 37357
7594 37369
7595 37371
7596 37383
7597 37395
7598 37399
7599 37407
7600 37409
7601 37417
7602 37421
7603 37433
7604 37445
7605 37447
7606 37459
7607 37469
7608 37481
7609 37483
7610 37495
7611 37507
7612 37511
7613 37519
7614 37521
7615 37529
7616 37533
7617 37545
7618 37557
7619 37559
7620 37571
7621 37581
7622 37593
7623 37595
7624 37607
7625 37619
7626 37623
7627 37631
7628 37633
7629 37641
7630 37645
7631 37657
7632 37669
7633 37671
7634 37683
7635 37693
7636 37705
7637 37707
7638 37719
7639 37731
7640 37735
7641 37743
7642 37745
7643 37753
7644 37757
7645 37769
7646 37781
7647 37783
7648 37795
7649 37805
7650 37817
7651 37819
7652 37831
7653 37843
7654 37847
7655 37855
7656 37857
7657 37865
7658 37869
7659 37881
7660 37893
7661 37895
7662 37907
7663 37917
7664 37929
7665 37931
7666 37943
7667 37955
7668 37959
7669 37967
7670 37970
7671 37977
7672 37982
7673 37983
7674 37986
7675 37988
7676 37989
7677 37997
7678 38000
7679 38003
7680 38007
7681 38009
7682 38010
7683 38012
7684 38016
7685 38018
7686 38031
7687 38033
7688 38037
7689 38039
7690 38040
7691 38042
7692 38046
7693 38049
7694 38052
7695 38060
7696 38061
7697 38063
7698 38066
7699 38067
7700 38072
7701 38079
7702 38081
7703 38083
7704 38090
7705 38095
7706 38096
7707 38099
7708 38101
7709 38102
7710 38110
7711 38113
7712 38116
7713 38120
7714 38122
7715 38123
7716 38125
7717 38129
7718 38131
7719 38144
7720 38146
7721 38150
7722 38152
7723 38153
7724 38155
7725 38159
7726 38162
7727 38165
7728 38173
7729 38174
7730 38176
7731 38179
7732 38180
7733 38185
7734 38192
7735 38194
7736 38196
7737 38203
7738 38208
7739 38209
7740 38212
7741 38214
7742 38215
7743 38223
7744 38226
7745 38229
7746 38233
7747 38235
7748 38236
7749 38238
7750 38242
7751 38244
7752 38257
7753 38259
7754 38263
7755 38265
7756 38266
7757 38268
7758 38272
7759 38275
7760 38278
7761 38286
7762 38287
7763 38289
7764 38292
7765 38293
7766 38298
7767 38305
7768 38307
7769 38309
7770 38316
7771 38321
7772 38322
7773 38325
7774 38327
7775 38328
7776 38336
7777 38339
7778 38342
7779 38346
7780 38348
7781 38349
7782 38351
7783 38355
7784 38357
7785 38370
7786 38372
7787 38376
7788 38378
7789 38379
7790 38381
7791 38385
7792 38388
7793 38391
7794 38399
7795 38400
7796 38402
7797 38405
7798 38406
7799 38411
7800 38418
7801 38420
7802 38422
7803 38429
7804 38434
7805 38435
7806 38438
7807 38440
7808 38441
7809 38449
7810 38452
7811 38455
7812 38459
7813 38461
7814 38462
7815 38464
7816 38468
7817 38470
7818 38483
7819 38485
7820 38489
7821 38491
7822 38492
7823 38494
7824 38498
7825 38501
7826 38504
7827 38512
7828 38513
7829 38515
7830 38518
7831 38519
7832 38524
7833 38531
7834 38533
7835 38535
7836 38542
7837 38547
7838 38548
7839 38551
7840 38553
7841 38554
7842 38562
7843 38565
7844 38568
7845 38572
7846 38574
7847 38575
7848 38577
7849 38581
7850 38583
7851 38596
7852 38598
7853 38602
7854 38604
7855 38605
7856 38607
7857 38611
7858 38614
7859 38617
7860 38625
7861 38626
7862 38628
7863 38631
7864 38632
7865 38637
7866 38644
7867 38646
7868 38651
7869 38657
7870 38669
7871 38671
7872 38675
7873 38695
7874 38711
7875 38731
7876 38735
7877 38737
7878 38749
7879 38755
7880 38765
7881 38771
7882 38783
7883 38785
7884 38789
7885 38809
7886 38825
7887 38845
7888 38849
7889 38851
7890 38863
7891 38869
7892 38879
7893 38885
7894 38897
7895 38899
7896 38903
7897 38923
7898 38939
7899 38959
7900 38963
7901 38965
7902 38977
7903 38983
7904 38993
7905 38999
7906 39011
7907 39013
7908 39017
7909 39037
7910 39053
7911 39073
7912 39077
7913 39079
7914 39091
7915 39097
7916 39107
7917 39113
7918 39125
7919 39127
7920 39131
7921 39151
7922 39167
7923 39187
7924 39191
7925 39193
7926 39205
7927 39211
7928 39221
7929 39227
7930 39239
7931 39241
7932 39245
7933 39265
7934 39281
7935 39301
7936 39305
7937 39307
7938 39319
7939 39325
7940 39333
7941 39334
7942 39351
7943 39358
7944 39372
7945 39378
7946 39382
7947 39384
7948 39391
7949 39393
7950 39397
7951 39403
7952 39417
7953 39424
7954 39441
7955 39442
7956 39448
7957 39449
7958 39466
7959 39473
7960 39487
7961 39493
7962 39497
7963 39499
7964 39506
7965 39508
7966 39512
7967 39518
7968 39532
7969 39539
7970 39556
7971 39557
7972 39563
7973 39564
7974 39581
7975 39588
7976 39602
7977 39608
7978 39612
7979 39614
7980 39621
7981 39623
7982 39627
7983 39633
7984 39647
7985 39654
7986 39671
7987 39672
7988 39678
7989 39679
7990 39696
7991 39703
7992 39717
7993 39723
7994 39727
7995 39729
7996 39736
7997 39738
7998 39742
7999 39748
8000 39762
8001 39769
8002 39786
8003 39787
8004 39793
8005 39794
8006 39811
8007 39818
8008 39832
8009 39838
8010 39842
8011 39844
8012 39851
8013 39853
8014 39857
8015 39863
8016 39877
8017 39884
8018 39901
8019 39902
8020 39908
8021 39909
8022 39926
8023 39933
8024 39947
8025 39953
8026 39957
8027 39959
8028 39966
8029 39968
8030 39972
8031 39978
8032 39992
8033 39999
8034 40016
8035 40017
8036 40031
8037 40035
8038 40043
8039 40059
8040 40071
8041 40077
8042 40079
8043 40085
8044 40097
8045 40113
8046 40121
8047 40125
8048 40147
8049 40151
8050 40159
8051 40175
8052 40187
8053 40193
8054 40195
8055 40201
8056 40213
8057 40229
8058 40237
8059 40241
8060 40263
8061 40267
8062 40275
8063 40291
8064 40303
8065 40309
8066 40311
8067 40317
8068 40329
8069 40345
8070 40353
8071 40357
8072 40379
8073 40383
8074 40391
8075 40407
8076 40419
8077 40425
8078 40427
8079 40433
8080 40445
8081 40461
8082 40469
8083 40473
8084 40495
8085 40499
8086 40507
8087 40523
8088 40535
8089 40541
8090 40543
8091 40549
8092 40561
8093 40577
8094 40585
8095 40589
8096 40611
8097 40615
8098 40623
8099 40639
8100 40651
8101 40657
8102 40659
8103 40665
8104 40677
8105 40693
8106 40701
8107 40705
8108 40723
8109 40726
8110 40732
8111 40735
8112 40739
8113 40744
8114 40750
8115 40753
8116 40754
8117 40760
8118 40763
8119 40765
8120 40772
8121 40774
8122 40775
8123 40777
8124 40784
8125 40786
8126 40789
8127 40795
8128 40796
8129 40799
8130 40805
8131 40810
8132 40814
8133 40817
8134 40823
8135 40826
8136 40840
8137 40843
8138 40849
8139 40852
8140 40856
8141 40861
8142 40867
8143 40870
8144 40871
8145 40877
8146 40880
8147 40882
8148 40889
8149 40891
8150 40892
8151 40894
8152 40901
8153 40903
8154 40906
8155 40912
8156 40913
8157 40916
8158 40922
8159 40927
8160 40931
8161 40934
8162 40940
8163 40943
8164 40957
8165 40960
8166 40966
8167 40969
8168 40973
8169 40978
8170 40984
8171 40987
8172 40988
8173 40994
8174 40997
8175 40999
8176 41006
8177 41008
8178 41009
8179 41011
8180 41018
8181 41020
8182 41023
8183 41029
8184 41030
8185 41033
8186 41039
8187 41044
8188 41048
8189 41051
8190 41057
8191 41060
8192 41074
8193 41077
8194 41083
8195 41086
8196 41090
8197 41095
8198 41101
8199 41104
8200 41105
8201 41111
8202 41114
8203 41116
8204 41123
8205 41125
8206 41126
8207 41128
8208 41135
8209 41137
8210 41140
8211 41146
8212 41147
8213 41150
8214 41156
8215 41161
8216 41165
8217 41168
8218 41174
8219 41177
8220 41191
8221 41194
8222 41200
8223 41203
8224 41207
8225 41212
8226 41218
8227 41221
8228 41222
8229 41228
8230 41231
8231 41233
8232 41240
8233 41242
8234 41243
8235 41245
8236 41252
8237 41254
8238 41257
8239 41263
8240 41264
8241 41267
8242 41273
8243 41278
8244 41282
8245 41285
8246 41291
8247 41294
8248 41308
8249 41311
8250 41317
8251 41320
8252 41324
8253 41329
8254 41335
8255 41338
8256 41339
8257 41345
8258 41348
8259 41350
8260 41357
8261 41359
8262 41360
8263 41362
8264 41369
8265 41371
8266 41374
8267 41380
8268 41381
8269 41384
8270 41390
8271 41395
8272 41399
8273 41402
8274 41408
8275 41411
8276 41419
8277 41425
8278 41433
8279 41437
8280 41439
8281 41445
8282 41451
8283 41463
8284 41473
8285 41481
8286 41491
8287 41503
8288 41509
8289 41515
8290 41517
8291 41521
8292 41529
8293 41535
8294 41537
8295 41543
8296 41551
8297 41555
8298 41557
8299 41563
8300 41569
8301 41581
8302 41591
8303 41599
8304 41609
8305 41621
8306 41627
8307 41633
8308 41635
8309 41639
8310 41647
8311 41653
8312 41655
8313 41661
8314 41669
8315 41673
8316 41675
8317 41681
8318 41687
8319 41699
8320 41709
8321 41717
8322 41727
8323 41739
8324 41745
8325 41751
8326 41753
8327 41757
8328 41765
8329 41771
8330 41773
8331 41779
8332 41787
8333 41791
8334 41793
8335 41799
8336 41805
8337 41817
8338 41827
8339 41835
8340 41845
8341 41857
8342 41863
8343 41869
8344 41871
8345 41875
8346 41883
8347 41889
8348 41891
8349 41897
8350 41905
8351 41909
8352 41911
8353 41917
8354 41923
8355 41935
8356 41945
8357 41953
8358 41963
8359 41975
8360 41981
8361 41987
8362 41989
8363 41993
8364 42001
8365 42007
8366 42009
8367 42015
8368 42023
8369 42027
8370 42029
8371 42035
8372 42041
8373 42053
8374 42063
8375 42071
8376 42081
8377 42093
8378 42099
8379 42105
8380 42107
8381 42111
8382 42119
8383 42125
8384 42131
8385 42135
8386 42137
8387 42141
8388 42144
8389 42149
8390 42152
8391 42153
8392 42155
8393 42156
8394 42162
8395 42164
8396 42170
8397 42171
8398 42174
8399 42176
8400 42179
8401 42180
8402 42183
8403 42188
8404 42191
8405 42192
8406 42195
8407 42197
8408 42200
8409 42201
8410 42207
8411 42209
8412 42215
8413 42216
8414 42218
8415 42219
8416 42222
8417 42227
8418 42230
8419 42234
8420 42236
8421 42240
8422 42250
8423 42254
8424 42256
8425 42260
8426 42263
8427 42268
8428 42271
8429 42272
8430 42274
8431 42275
8432 42281
8433 42283
8434 42289
8435 42290
8436 42293
8437 42295
8438 42298
8439 42299
8440 42302
8441 42307
8442 42310
8443 42311
8444 42314
8445 42316
8446 42319
8447 42320
8448 42326
8449 42328
8450 42334
8451 42335
8452 42337
8453 42338
8454 42341
8455 42346
8456 42349
8457 42353
8458 42355
8459 42359
8460 42369
8461 42373
8462 42375
8463 42379
8464 42382
8465 42387
8466 42390
8467 42391
8468 42393
8469 42394
8470 42400
8471 42402
8472 42408
8473 42409
8474 42412
8475 42414
8476 42417
8477 42418
8478 42421
8479 42426
8480 42429
8481 42430
8482 42433
8483 42435
8484 42438
8485 42439
8486 42445
8487 42447
8488 42453
8489 42454
8490 42456
8491 42457
8492 42460
8493 42465
8494 42468
8495 42472
8496 42474
8497 42478
8498 42488
8499 42492
8500 42494
8501 42498
8502 42501
8503 42506
8504 42509
8505 42510
8506 42512
8507 42513
8508 42519
8509 42521
8510 42527
8511 42528
8512 42531
8513 42533
8514 42536
8515 42537
8516 42540
8517 42545
8518 42548
8519 42549
8520 42552
8521 42554
8522 42557
8523 42558
8524 42564
8525 42566
8526 42572
8527 42573
8528 42575
8529 42576
8530 42579
8531 42584
8532 42587
8533 42591
8534 42593
8535 42597
8536 42607
8537 42611
8538 42613
8539 42617
8540 42620
8541 42625
8542 42628
8543 42629
8544 42631
8545 42632
8546 42638
8547 42640
8548 42646
8549 42647
8550 42650
8551 42652
8552 42655
8553 42656
8554 42659
8555 42664
8556 42667
8557 42668
8558 42671
8559 42673
8560 42676
8561 42677
8562 42683
8563 42685
8564 42691
8565 42692
8566 42694
8567 42695
8568 42698
8569 42703
8570 42706
8571 42710
8572 42712
8573 42716
8574 42726
8575 42730
8576 42732
8577 42736
8578 42739
8579 42744
8580 42747
8581 42748
8582 42750
8583 42751
8584 42757
8585 42759
8586 42765
8587 42766
8588 42769
8589 42771
8590 42774
8591 42775
8592 42778
8593 42783
8594 42786
8595 42787
8596 42790
8597 42792
8598 42795
8599 42796
8600 42802
8601 42804
8602 42810
8603 42811
8604 42813
8605 42814
8606 42817
8607 42822
8608 42825
8609 42829
8610 42831
8611 42835
8612 42841
8613 42853
8614 42877
8615 42881
8616 42919
8617 42923
8618 42947
8619 42959
8620 42961
8621 42973
8622 42997
8623 43001
8624 43039
8625 43043
8626 43067
8627 43079
8628 43081
8629 43093
8630 43117
8631 43121
8632 43159
8633 43163
8634 43187
8635 43199
8636 43201
8637 43213
8638 43237
8639 43241
8640 43279
8641 43283
8642 43307
8643 43319
8644 43321
8645 43333
8646 43357
8647 43361
8648 43399
8649 43403
8650 43427
8651 43439
8652 43441
8653 43453
8654 43477
8655 43481
8656 43519
8657 43523
8658 43547
8659 43559
8660 43564
8661 43569
8662 43579
8663 43581
8664 43585
8665 43588
8666 43599
8667 43603
8668 43609
8669 43611
8670 43617
8671 43618
8672 43623
8673 43624
8674 43630
8675 43632
8676 43638
8677 43642
8678 43653
8679 43656
8680 43660
8681 43662
8682 43672
8683 43677
8684 43685
8685 43690
8686 43700
8687 43702
8688 43706
8689 43709
8690 43720
8691 43724
8692 43730
8693 43732
8694 43738
8695 43739
8696 43744
8697 43745
8698 43751
8699 43753
8700 43759
8701 43763
8702 43774
8703 43777
8704 43781
8705 43783
8706 43793
8707 43798
8708 43806
8709 43811
8710 43821
8711 43823
8712 43827
8713 43830
8714 43841
8715 43845
8716 43851
8717 43853
8718 43859
8719 43860
8720 43865
8721 43866
8722 43872
8723 43874
8724 43880
8725 43884
8726 43895
8727 43898
8728 43902
8729 43904
8730 43914
8731 43919
8732 43927
8733 43932
8734 43942
8735 43944
8736 43948
8737 43951
8738 43962
8739 43966
8740 43972
8741 43974
8742 43980
8743 43981
8744 43986
8745 43987
8746 43993
8747 43995
8748 44001
8749 44005
8750 44016
8751 44019
8752 44023
8753 44025
8754 44035
8755 44040
8756 44048
8757 44053
8758 44063
8759 44065
8760 44069
8761 44072
8762 44083
8763 44087
8764 44093
8765 44095
8766 44101
8767 44102
8768 44107
8769 44108
8770 44114
8771 44116
8772 44122
8773 44126
8774 44137
8775 44140
8776 44144
8777 44146
8778 44156
8779 44161
8780 44169
8781 44174
8782 44184
8783 44186
8784 44190
8785 44193
8786 44204
8787 44208
8788 44214
8789 44216
8790 44222
8791 44223
8792 44228
8793 44229
8794 44235
8795 44237
8796 44243
8797 44247
8798 44258
8799 44261
8800 44265
8801 44267
8802 44277
8803 44282
8804 44303
8805 44307
8806 44321
8807 44373
8808 44387
8809 44391
8810 44425
8811 44429
8812 44443
8813 44495
8814 44509
8815 44513
8816 44547
8817 44551
8818 44565
8819 44617
8820 44631
8821 44635
8822 44669
8823 44673
8824 44687
8825 44739
8826 44753
8827 44757
8828 44791
8829 44795
8830 44809
8831 44861
8832 44875
8833 44879
8834 44913
8835 44917
8836 44931
8837 44983
8838 44997
8839 45001
8840 45020
8841 45022
8842 45028
8843 45034
8844 45035
8845 45040
8846 45041
8847 45049
8848 45053
8849 45061
8850 45064
8851 45067
8852 45070
8853 45077
8854 45082
8855 45089
8856 45092
8857 45095
8858 45098
8859 45106
8860 45110
8861 45118
8862 45119
8863 45124
8864 45125
8865 45131
8866 45137
8867 45139
8868 45143
8869 45145
8870 45151
8871 45157
8872 45158
8873 45163
8874 45164
8875 45172
8876 45176
8877 45184
8878 45187
8879 45190
8880 45193
8881 45200
8882 45205
8883 45212
8884 45215
8885 45218
8886 45221
8887 45229
8888 45233
8889 45241
8890 45242
8891 45247
8892 45248
8893 45254
8894 45260
8895 45262
8896 45266
8897 45268
8898 45274
8899 45280
8900 45281
8901 45286
8902 45287
8903 45295
8904 45299
8905 45307
8906 45310
8907 45313
8908 45316
8909 45323
8910 45328
8911 45335
8912 45338
8913 45341
8914 45344
8915 45352
8916 45356
8917 45364
8918 45365
8919 45370
8920 45371
8921 45377
8922 45383
8923 45385
8924 45389
8925 45391
8926 45397
8927 45403
8928 45404
8929 45409
8930 45410
8931 45418
8932 45422
8933 45430
8934 45433
8935 45436
8936 45439
8937 45446
8938 45451
8939 45458
8940 45461
8941 45464
8942 45467
8943 45475
8944 45479
8945 45487
8946 45488
8947 45493
8948 45494
8949 45500
8950 45506
8951 45508
8952 45512
8953 45514
8954 45520
8955 45526
8956 45527
8957 45532
8958 45533
8959 45541
8960 45545
8961 45553
8962 45556
8963 45559
8964 45562
8965 45569
8966 45574
8967 45581
8968 45584
8969 45587
8970 45590
8971 45598
8972 45602
8973 45610
8974 45611
8975 45616
8976 45617
8977 45623
8978 45629
8979 45631
8980 45635
8981 45637
8982 45643
8983 45649
8984 45650
8985 45655
8986 45656
8987 45664
8988 45668
8989 45676
8990 45679
8991 45682
8992 45685
8993 45692
8994 45697
8995 45704
8996 45707
8997 45710
8998 45713
8999 45721
9000 45725
9001 45733
9002 45734
9003 45739
9004 45740
9005 45746
9006 45752
9007 45754
9008 45759
9009 45763
9010 45765
9011 45769
9012 45775
9013 45783
9014 45789
9015 45793
9016 45801
9017 45805
9018 45831
9019 45835
9020 45843
9021 45847
9022 45853
9023 45861
9024 45867
9025 45871
9026 45873
9027 45877
9028 45883
9029 45887
9030 45889
9031 45893
9032 45899
9033 45907
9034 45913
9035 45917
9036 45925
9037 45929
9038 45955
9039 45959
9040 45967
9041 45971
9042 45977
9043 45985
9044 45991
9045 45995
9046 45997
9047 46001
9048 46007
9049 46011
9050 46013
9051 46017
9052 46023
9053 46031
9054 46037
9055 46041
9056 46049
9057 46053
9058 46079
9059 46083
9060 46091
9061 46095
9062 46101
9063 46109
9064 46115
9065 46119
9066 46121
9067 46125
9068 46131
9069 46135
9070 46137
9071 46141
9072 46147
9073 46155
9074 46161
9075 46165
9076 46173
9077 46177
9078 46203
9079 46207
9080 46215
9081 46219
9082 46225
9083 46233
9084 46239
9085 46243
9086 46245
9087 46249
9088 46255
9089 46259
9090 46261
9091 46265
9092 46271
9093 46279
9094 46285
9095 46289
9096 46297
9097 46301
9098 46327
9099 46331
9100 46339
9101 46343
9102 46349
9103 46357
9104 46363
9105 46367
9106 46369
9107 46373
9108 46379
9109 46383
9110 46385
9111 46389
9112 46395
9113 46403
9114 46409
9115 46413
9116 46421
9117 46425
9118 46451
9119 46455
9120 46463
9121 46467
9122 46473
9123 46481
9124 46487
9125 46491
9126 46493
9127 46497
9128 46503
9129 46514
9130 46517
9131 46521
9132 46527
9133 46529
9134 46533
9135 46536
9136 46547
9137 46559
9138 46562
9139 46563
9140 46566
9141 46578
9142 46589
9143 46592
9144 46596
9145 46598
9146 46604
9147 46608
9148 46611
9149 46622
9150 46628
9151 46639
9152 46642
9153 46646
9154 46652
9155 46654
9156 46658
9157 46661
9158 46672
9159 46684
9160 46687
9161 46688
9162 46691
9163 46703
9164 46714
9165 46717
9166 46721
9167 46723
9168 46729
9169 46733
9170 46736
9171 46747
9172 46753
9173 46764
9174 46767
9175 46771
9176 46777
9177 46779
9178 46783
9179 46786
9180 46797
9181 46809
9182 46812
9183 46813
9184 46816
9185 46828
9186 46839
9187 46842
9188 46846
9189 46848
9190 46854
9191 46858
9192 46861
9193 46872
9194 46878
9195 46889
9196 46892
9197 46896
9198 46902
9199 46904
9200 46908
9201 46911
9202 46922
9203 46934
9204 46937
9205 46938
9206 46941
9207 46953
9208 46964
9209 46967
9210 46971
9211 46973
9212 46979
9213 46983
9214 46986
9215 46997
9216 47003
9217 47014
9218 47017
9219 47021
9220 47027
9221 47029
9222 47033
9223 47036
9224 47047
9225 47059
9226 47062
9227 47063
9228 47066
9229 47078
9230 47089
9231 47092
9232 47096
9233 47098
9234 47104
9235 47108
9236 47111
9237 47122
9238 47128
9239 47139
9240 47142
9241 47146
9242 47152
9243 47154
9244 47158
9245 47161
9246 47172
9247 47184
9248 47187
9249 47188
9250 47191
9251 47203
9252 47214
9253 47217
9254 47221
9255 47223
9256 47229
9257 47233
9258 47236
9259 47247
9260 47255
9261 47263
9262 47279
9263 47287
9264 47291
9265 47297
9266 47303
9267 47305
9268 47309
9269 47317
9270 47321
9271 47323
9272 47329
9273 47335
9274 47339
9275 47347
9276 47363
9277 47371
9278 47381
9279 47389
9280 47405
9281 47413
9282 47417
9283 47423
9284 47429
9285 47431
9286 47435
9287 47443
9288 47447
9289 47449
9290 47455
9291 47461
9292 47465
9293 47473
9294 47489
9295 47497
9296 47507
9297 47515
9298 47531
9299 47539
9300 47543
9301 47549
9302 47555
9303 47557
9304 47561
9305 47569
9306 47573
9307 47575
9308 47581
9309 47587
9310 47591
9311 47599
9312 47615
9313 47623
9314 47633
9315 47641
9316 47657
9317 47665
9318 47669
9319 47675
9320 47681
9321 47683
9322 47687
9323 47695
9324 47699
9325 47701
9326 47707
9327 47713
9328 47717
9329 47725
9330 47741
9331 47749
9332 47759
9333 47767
9334 47783
9335 47791
9336 47795
9337 47801
9338 47807
9339 47809
9340 47813
9341 47821
9342 47825
9343 47827
9344 47833
9345 47839
9346 47843
9347 47851
9348 47867
9349 47875
9350 47885
9351 47893
9352 47909
9353 47917
9354 47921
9355 47927
9356 47933
9357 47935
9358 47939
9359 47947
9360 47951
9361 47953
9362 47959
9363 47965
9364 47969
9365 47977
9366 47993
9367 48001
9368 48013
9369 48021
9370 48027
9371 48036
9372 48040
9373 48042
9374 48043
9375 48045
9376 48049
9377 48057
9378 48066
9379 48069
9380 48070
9381 48073
9382 48082
9383 48090
9384 48094
9385 48096
9386 48097
9387 48099
9388 48103
9389 48112
9390 48118
9391 48126
9392 48140
9393 48148
9394 48154
9395 48163
9396 48167
9397 48169
9398 48170
9399 48172
9400 48176
9401 48184
9402 48193
9403 48196
9404 48197
9405 48200
9406 48209
9407 48217
9408 48221
9409 48223
9410 48224
9411 48226
9412 48230
9413 48239
9414 48245
9415 48253
9416 48267
9417 48275
9418 48281
9419 48290
9420 48294
9421 48296
9422 48297
9423 48299
9424 48303
9425 48311
9426 48320
9427 48323
9428 48324
9429 48327
9430 48336
9431 48344
9432 48348
9433 48350
9434 48351
9435 48353
9436 48357
9437 48366
9438 48372
9439 48380
9440 48394
9441 48402
9442 48408
9443 48417
9444 48421
9445 48423
9446 48424
9447 48426
9448 48430
9449 48438
9450 48447
9451 48450
9452 48451
9453 48454
9454 48463
9455 48471
9456 48475
9457 48477
9458 48478
9459 48480
9460 48484
9461 48493
9462 48499
9463 48507
9464 48521
9465 48529
9466 48535
9467 48544
9468 48548
9469 48550
9470 48551
9471 48553
9472 48557
9473 48565
9474 48574
9475 48577
9476 48578
9477 48581
9478 48590
9479 48598
9480 48602
9481 48604
9482 48605
9483 48607
9484 48611
9485 48620
9486 48626
9487 48634
9488 48648
9489 48656
9490 48662
9491 48671
9492 48675
9493 48677
9494 48678
9495 48680
9496 48684
9497 48692
9498 48701
9499 48704
9500 48705
9501 48708
9502 48717
9503 48725
9504 48729
9505 48731
9506 48732
9507 48734
9508 48738
9509 48747
9510 48753
9511 48761
9512 48777
9513 48797
9514 48801
9515 48815
9516 48819
9517 48821
9518 48831
9519 48833
9520 48843
9521 48845
9522 48849
9523 48863
9524 48867
9525 48887
9526 48905
9527 48925
9528 48929
9529 48943
9530 48947
9531 48949
9532 48959
9533 48961
9534 48971
9535 48973
9536 48977
9537 48991
9538 48995
9539 49015
9540 49033
9541 49053
9542 49057
9543 49071
9544 49075
9545 49077
9546 49087
9547 49089
9548 49099
9549 49101
9550 49105
9551 49119
9552 49123
9553 49143
9554 49161
9555 49181
9556 49185
9557 49199
9558 49203
9559 49205
9560 49215
9561 49217
9562 49227
9563 49229
9564 49233
9565 49247
9566 49251
9567 49271
9568 49289
9569 49309
9570 49313
9571 49327
9572 49331
9573 49333
9574 49343
9575 49345
9576 49355
9577 49357
9578 49361
9579 49375
9580 49379
9581 49399
9582 49417
9583 49437
9584 49441
9585 49455
9586 49459
9587 49461
9588 49471
9589 49473
9590 49483
9591 49485
9592 49489
9593 49503
9594 49507
9595 49527
9596 49540
9597 49543
9598 49546
9599 49550
9600 49553
9601 49555
9602 49556
9603 49562
9604 49568
9605 49570
9606 49574
9607 49577
9608 49582
9609 49585
9610 49588
9611 49589
9612 49592
9613 49595
9614 49598
9615 49603
9616 49606
9617 49609
9618 49612
9619 49613
9620 49616
9621 49619
9622 49624
9623 49627
9624 49631
9625 49633
9626 49639
9627 49645
9628 49646
9629 49648
9630 49651
9631 49655
9632 49658
9633 49661
9634 49669
9635 49672
9636 49675
9637 49679
9638 49682
9639 49684
9640 49685
9641 49691
9642 49697
9643 49699
9644 49703
9645 49706
9646 49711
9647 49714
9648 49717
9649 49718
9650 49721
9651 49724
9652 49727
9653 49732
9654 49735
9655 49738
9656 49741
9657 49742
9658 49745
9659 49748
9660 49753
9661 49756
9662 49760
9663 49762
9664 49768
9665 49774
9666 49775
9667 49777
9668 49780
9669 49784
9670 49787
9671 49790
9672 49798
9673 49801
9674 49804
9675 49808
9676 49811
9677 49813
9678 49814
9679 49820
9680 49826
9681 49828
9682 49832
9683 49835
9684 49840
9685 49843
9686 49846
9687 49847
9688 49850
9689 49853
9690 49856
9691 49861
9692 49864
9693 49867
9694 49870
9695 49871
9696 49874
9697 49877
9698 49882
9699 49885
9700 49889
9701 49891
9702 49897
9703 49903
9704 49904
9705 49906
9706 49909
9707 49913
9708 49916
9709 49919
9710 49927
9711 49930
9712 49933
9713 49937
9714 49940
9715 49942
9716 49943
9717 49949
9718 49955
9719 49957
9720 49961
9721 49964
9722 49969
9723 49972
9724 49975
9725 49976
9726 49979
9727 49982
9728 49985
9729 49990
9730 49993
9731 49996
9732 49999
9733 50000
9734 50003
9735 50006
9736 50011
9737 50014
9738 50018
9739 50020
9740 50026
9741 50032
9742 50033
9743 50035
9744 50038
9745 50042
9746 50045
9747 50048
9748 50056
9749 50059
9750 50062
9751 50066
9752 50069
9753 50071
9754 50072
9755 50078
9756 50084
9757 50086
9758 50090
9759 50093
9760 50098
9761 50101
9762 50104
9763 50105
9764 50108
9765 50111
9766 50114
9767 50119
9768 50122
9769 50125
9770 50128
9771 50129
9772 50132
9773 50135
9774 50140
9775 50143
9776 50147
9777 50149
9778 50155
9779 50161
9780 50162
9781 50164
9782 50167
9783 50171
9784 50174
9785 50177
9786 50185
9787 50188
9788 50191
9789 50195
9790 50198
9791 50200
9792 50201
9793 50207
9794 50213
9795 50215
9796 50219
9797 50222
9798 50227
9799 50230
9800 50233
9801 50234
9802 50237
9803 50240
9804 50243
9805 50248
9806 50251
9807 50254
9808 50257
9809 50258
9810 50261
9811 50264
9812 50269
9813 50272
9814 50276
9815 50278
9816 50284
9817 50290
9818 50291
9819 50293
9820 50296
9821 50300
9822 50303
9823 50306
9824 50313
9825 50341
9826 50353
9827 50367
9828 50383
9829 50397
9830 50409
9831 50437
9832 50443
9833 50471
9834 50483
9835 50497
9836 50513
9837 50527
9838 50539
9839 50567
9840 50573
9841 50601
9842 50613
9843 50627
9844 50643
9845 50657
9846 50669
9847 50697
9848 50703
9849 50731
9850 50743
9851 50757
9852 50773
9853 50787
9854 50799
9855 50827
9856 50833
9857 50861
9858 50873
9859 50887
9860 50903
9861 50917
9862 50929
9863 50957
9864 50963
9865 50991
9866 51003
9867 51017
9868 51033
9869 51047
9870 51059
9871 51087
9872 51092
9873 51096
9874 51099
9875 51102
9876 51111
9877 51114
9878 51116
9879 51128
9880 51135
9881 51138
9882 51144
9883 51167
9884 51173
9885 51176
9886 51183
9887 51195
9888 51197
9889 51200
9890 51209
9891 51212
9892 51215
9893 51219
9894 51221
9895 51223
9896 51227
9897 51230
9898 51233
9899 51242
9900 51245
9901 51247
9902 51259
9903 51266
9904 51269
9905 51275
9906 51298
9907 51304
9908 51307
9909 51314
9910 51326
9911 51328
9912 51331
9913 51340
9914 51343
9915 51346
9916 51350
9917 51352
9918 51354
9919 51358
9920 51361
9921 51364
9922 51373
9923 51376
9924 51378
9925 51390
9926 51397
9927 51400
9928 51406
9929 51429
9930 51435
9931 51438
9932 51445
9933 51457
9934 51459
9935 51462
9936 51471
9937 51474
9938 51477
9939 51481
9940 51483
9941 51485
9942 51489
9943 51492
9944 51495
9945 51504
9946 51507
9947 51509
9948 51521
9949 51528
9950 51531
9951 51537
9952 51560
9953 51566
9954 51569
9955 51576
9956 51588
9957 51590
9958 51593
9959 51602
9960 51605
9961 51608
9962 51612
9963 51614
9964 51616
9965 51620
9966 51623
9967 51626
9968 51635
9969 51638
9970 51640
9971 51652
9972 51659
9973 51662
9974 51668
9975 51691
9976 51697
9977 51700
9978 51707
9979 51719
9980 51721
9981 51724
9982 51733
9983 51736
9984 51739
9985 51743
9986 51745
9987 51747
9988 51751
9989 51754
9990 51757
9991 51766
9992 51769
9993 51771
9994 51783
9995 51790
9996 51793
9997 51799
9998 51822
9999 51828
10000 51831
